{
  "format_version": "1.8.0",
  "minecraft:client_entity": {
    "description": {
      "identifier": "mizunoscit:hanging_plant_0",
      "materials": { "default": "slime" },
      "textures": {
        "default": "textures/entity/hanging_basket_0",
        "tex1": "textures/entity/hanging_poppy",
        "tex2": "textures/entity/hanging_oxeye_daisy",
        "tex3": "textures/entity/hanging_dandelion",
        "tex4": "textures/entity/hanging_azure_bluet",
        "tex5": "textures/entity/hanging_blue_orchid",
        "tex6": "textures/entity/hanging_grass",
        "tex7": "textures/entity/fern_1"
      },
      "geometry": {
        "default": "geometry.hanging_basket_0",
        "geo1": "geometry.hanging_basket_0",
        "geo2": "geometry.hanging_basket_0",
        "geo3": "geometry.hanging_basket_0",
        "geo4": "geometry.hanging_basket_0",
        "geo5": "geometry.hanging_basket_0",
        "geo6": "geometry.hanging_basket_0",
        "geo7": "geometry.hanging_basket_0"
      },
      "render_controllers": [ "controller.render.variant7" ],
	  	"spawn_egg": {
			"base_color": "#974100",
			"overlay_color": "#C3B486"
      },
      "scripts": {
        "pre_animation": [
          "variable.armor_stand.pose_index = variable.armor_stand.pose_index;"
        ]
      },
      "animations": {
        "default": "animation.rotate.default",
        "30deg": "animation.rotate.30deg",
        "60deg": "animation.rotate.60deg",
        "90deg": "animation.rotate.90deg",
        "120deg": "animation.rotate.120deg",
        "150deg": "animation.rotate.150deg",
        "180deg": "animation.rotate.180deg",
        "210deg": "animation.rotate.210deg",
        "240deg": "animation.rotate.240deg",
        "270deg": "animation.rotate.270deg",
        "300deg": "animation.rotate.300deg",
        "330deg": "animation.rotate.330deg",
        "360deg": "animation.rotate.360deg"
      },
      "animation_controllers": [
        { "pose": "controller.animation.rotate" }
      ]
  }
}
}

