{
  "format_version": "1.8.0",
  "minecraft:client_entity": {
    "description": {
      "identifier": "mizunoscit:primordial_shul",
      "materials": { "default": "slime_outer" },
      "textures": {
        "default": "textures/entity/primordial"
      },
      "geometry": {
        "default": "geometry.primordial"
      },
      "render_controllers": [ "controller.render.primordial" ],

      "spawn_egg": {
        "texture": "primordial",
        "texture_index": 0},
      /*
		  "spawn_egg": {
			  "base_color": "#974100",
			  "overlay_color": "#C3B486"
      },
      */

      "scripts": {
        "pre_animation": [
          "variable.shulker.LidPositionFactor = 180 * (0.5 + variable.shulker.PeekAmount);",
          "variable.shulker.LidRotationFactor = -1 + Math.sin(180 * (0.5 + variable.shulker.PeekAmount));",
		      "variable.wallpaper.DownFacing = variable.shulker.FacingDirection == 0;",
          "variable.wallpaper.UpFacing = variable.shulker.FacingDirection == 1;",
          "variable.wallpaper.NorthFacing = variable.shulker.FacingDirection == 2;",
          "variable.wallpaper.SouthFacing = variable.shulker.FacingDirection == 3;",
          "variable.wallpaper.WestFacing = variable.shulker.FacingDirection == 4;",
          "variable.wallpaper.EastFacing = variable.shulker.FacingDirection == 5;",
          "variable.wallpaper.XPreRotation = variable.wallpaper.UpFacing * 90 - variable.wallpaper.DownFacing * 90;",
		  //"variable.wallpaper.XPreRotation = variable.wallpaper.UpFacing * 180 + variable.wallpaper.NorthFacing * 90 - variable.wallpaper.SouthFacing * 90;",
          "variable.wallpaper.YPreRotation = variable.wallpaper.SouthFacing * 180 + variable.wallpaper.NorthFacing * 0 - variable.wallpaper.WestFacing * 90 + variable.wallpaper.EastFacing * 90;",
		  //"variable.wallpaper.ZPreRotation = variable.wallpaper.NorthFacing * 180 + variable.wallpaper.WestFacing * 90 - variable.wallpaper.EastFacing * 90;",
          "variable.wallpaper.XOffset = -variable.wallpaper.WestFacing * 8 + variable.wallpaper.EastFacing * 8;",
          "variable.wallpaper.YOffset = variable.wallpaper.UpFacing * 16 + variable.wallpaper.NorthFacing * 8 + variable.wallpaper.SouthFacing * 8 + variable.wallpaper.WestFacing * 8 + variable.wallpaper.EastFacing * 8;",
          "variable.wallpaper.ZOffset = variable.wallpaper.NorthFacing * 8 - variable.wallpaper.SouthFacing * 8;"
        ]
      },
      "animations": {
        "facing": "animation.wallpaper.facing"
      },
      "animation_controllers": [
        { "facing": "controller.animation.wallpaper.facing" }
      ]
    }
  }
}
