{
  "format_version": "1.8.0",
  "minecraft:client_entity": {
    "description": {
      "identifier": "mizunoscit:torch_on_the_fence_0",
      "materials": { "default": "slime_outer" },
      "textures": {
        "default": "textures/entity/torch_0",
        "tex1": "textures/entity/torch_1",
        "tex2": "textures/entity/torch_2",
        "tex3": "textures/entity/torch_3",
        "tex4": "textures/entity/torch_4",
        "tex5": "textures/entity/torch_5",
        "tex6": "textures/entity/torch_6",
        "tex7": "textures/entity/torch_7",
        "tex8": "textures/entity/torch_8",
        "tex9": "textures/entity/torch_9"
      },
      "geometry": {
        "default": "geometry.torch_0",
        "geo1": "geometry.torch_0",
        "geo2": "geometry.torch_2",
        "geo3": "geometry.torch_3",
        "geo4": "geometry.torch_3",
        "geo5": "geometry.torch_3",
        "geo6": "geometry.torch_6",
        "geo7": "geometry.torch_7",
        "geo8": "geometry.torch_8",
        "geo9": "geometry.torch_9"
      },
      "render_controllers": [ "controller.render.variant9" ],
	  	"spawn_egg": {
			"base_color": "#974100",
			"overlay_color": "#C3B486"
      },
      "scripts": {
        "pre_animation": [
          "variable.armor_stand.pose_index = variable.armor_stand.pose_index;"
        ]
      },
      "animations": {
        "default": "animation.rotate.default",
        "30deg": "animation.rotate.30deg",
        "60deg": "animation.rotate.60deg",
        "90deg": "animation.rotate.90deg",
        "120deg": "animation.rotate.120deg",
        "150deg": "animation.rotate.150deg",
        "180deg": "animation.rotate.180deg",
        "210deg": "animation.rotate.210deg",
        "240deg": "animation.rotate.240deg",
        "270deg": "animation.rotate.270deg",
        "300deg": "animation.rotate.300deg",
        "330deg": "animation.rotate.330deg",
        "360deg": "animation.rotate.360deg",
        "on_the_fence": "animation.on_the_fence"
      },
      "animation_controllers": [
        { "pose": "controller.animation.rotate" },
        { "on_the_fence": "controller.animation.on_the_fence" }
      ]
  }
}
}

