{
  "format_version": "1.8.0",
  "minecraft:client_entity": {
    "description": {
      "identifier": "mizunoscit:fence:5_0",
      "materials": {
        "default": "entity_alphatest"
      },
      "textures": {
        "tex1": "textures/entity/dark_oak_fence_0",
        "default": "textures/entity/dark_oak_fence_0"
      },
      "geometry": {
        "geo1": "geometry.dark_oak_fence_1",
        "default": "geometry.dark_oak_fence_0"
      },
      "render_controllers": [
        "controller.render.variant1"
      ],
      "spawn_egg": {
        "base_color": "#974100",
        "overlay_color": "#C3B486"
      },
      "scripts": {
        "pre_animation": [
          "variable.armor_stand.pose_index = variable.armor_stand.pose_index;"
        ]
      },
      "animations": {
        "default": "animation.rotate.default",
        "30deg": "animation.rotate.30deg",
        "60deg": "animation.rotate.60deg",
        "90deg": "animation.rotate.90deg",
        "120deg": "animation.rotate.120deg",
        "150deg": "animation.rotate.150deg",
        "180deg": "animation.rotate.180deg",
        "210deg": "animation.rotate.210deg",
        "240deg": "animation.rotate.240deg",
        "270deg": "animation.rotate.270deg",
        "300deg": "animation.rotate.300deg",
        "330deg": "animation.rotate.330deg",
        "360deg": "animation.rotate.360deg"
      },
      "animation_controllers": [
        {
          "pose": "controller.animation.rotate"
        }
      ]
    }
  }
}
