{
  "format_version": "1.8.0",
  "minecraft:client_entity": {
    "description": {
      "identifier": "mizunoscit:rabbit_hide_0",
      "materials": {
        "default": "entity_alphatest"
      },
      "textures": {
        "tex1": "textures/entity/leather_3",
        "tex2": "textures/entity/leather_2",
        "tex3": "textures/entity/leather_3",
        "tex4": "textures/entity/rabbit_hide_4",
        "tex5": "textures/entity/rabbit_hide_5",
        "tex6": "textures/entity/rabbit_hide_6",
        "tex7": "textures/entity/rabbit_hide_7",
        "tex8": "textures/entity/rabbit_hide_8",
        "tex9": "textures/entity/rabbit_hide_9",
        "default": "textures/entity/leather_2"
      },
      "geometry": {
        "geo1": "geometry.leather_0",
        "geo2": "geometry.leather_1",
        "geo3": "geometry.leather_1",
        "geo4": "geometry.rabbit_hide_4",
        "geo5": "geometry.rabbit_hide_4",
        "geo6": "geometry.rabbit_hide_4",
        "geo7": "geometry.rabbit_hide_4",
        "geo8": "geometry.rabbit_hide_4",
        "geo9": "geometry.rabbit_hide_4",
        "default": "geometry.leather_0"
      },
      "render_controllers": [
        "controller.render.variant9"
      ],
      "spawn_egg": {
        "base_color": "#974100",
        "overlay_color": "#C3B486"
      },
      "scripts": {
        "pre_animation": [
          "variable.armor_stand.pose_index = variable.armor_stand.pose_index;"
        ]
      },
      "animations": {
        "default": "animation.rotate.default",
        "30deg": "animation.rotate.30deg",
        "60deg": "animation.rotate.60deg",
        "90deg": "animation.rotate.90deg",
        "120deg": "animation.rotate.120deg",
        "150deg": "animation.rotate.150deg",
        "180deg": "animation.rotate.180deg",
        "210deg": "animation.rotate.210deg",
        "240deg": "animation.rotate.240deg",
        "270deg": "animation.rotate.270deg",
        "300deg": "animation.rotate.300deg",
        "330deg": "animation.rotate.330deg",
        "360deg": "animation.rotate.360deg"
      },
      "animation_controllers": [
        {
          "pose": "controller.animation.rotate"
        }
      ]
    }
  }
}
