{
  "format_version":"1.8.0",
  "render_controllers": {
    "controller.render.spruce_leaves_3": {
      "arrays": {
        "textures": {
          "Array.skins": [
            "Texture.default",
            "Texture.skin1",
            "Texture.skin2"
          ]
        }
      },
      "textures": [ "Array.skins[query.skin_id]" ],
      //"textures": [ "Texture.default" ],
      "geometry": "Geometry.default",
      "part_visibility": [
        { "00*": "query.variant == 0" },
        { "45*": "query.variant == 1" },
        { "90*": "query.variant == 2" },
        { "135*": "query.variant == 3" },
        { "180*": "query.variant == 4" },
        { "225*": "query.variant == 5" },
        { "270*": "query.variant == 6" },
        { "315*": "query.variant == 7" }
      ],
      "materials": [
        { "*": "Material.default" },
        {"*light": "Material.light"}
      ]
    }
  }
}
