{
  "format_version":"1.8.0",
  "render_controllers": {
    "controller.render.cookie_outer_old200726": {
      "arrays": {
        "materials": {
          "Array.variants": [
            "Material.outer",
            "Material.default"
          ]
        },
        "textures": {
          "Array.variants": [
            "Texture.outer",
            "Texture.tex1"
          ]
        },
        "geometries": {
          "Array.variants": [
            "Geometry.default",
            "Geometry.geo1"
          ]
        }
      },
      "materials": [ { "*": "Array.variants[query.variant]" } ],
      "textures": [ "Array.variants[query.variant]" ],
      "geometry": "Array.variants[query.variant]"
    }
  }
}
