{
  "format_version":"1.8.0",
  "render_controllers": {
    "controller.render.potion_0_sub_1": {
      "textures": [ "query.variant == 2 ? Texture.tex2_2 : Texture.blank" ],
      "geometry": "query.variant == 2 ? Geometry.geo2_2 : Geometry.blank",
      "materials": [
        { "*": "Material.default" }
      ]
    },
    "controller.render.potion_0_sub_2": {
      "textures": [ "query.variant == 8 ? Texture.tex8_2 : Texture.blank" ],
      "geometry": "query.variant == 8 ? Geometry.geo8_2 : Geometry.blank",
      "materials": [
        { "*": "Material.default" }
      ]
    },
    "controller.render.potion_0_sub_3": {
      "textures": [ "query.variant == 8 ? Texture.tex8_3 : Texture.blank" ],
      "geometry": "query.variant == 8 ? Geometry.geo8_3 : Geometry.blank",
      "materials": [
        { "*": "Material.default" }
      ]
    }
  }
}
