{
  "format_version":"1.8.0",
  "render_controllers": {
    "controller.render.torch_wall": {
      "arrays": {
        "materials": {
          "Array.variants": [
            "Material.default",
            "Material.default",
            "Material.default",
            "Material.default",
            "Material.default",
            "Material.default",
            "Material.default",
            "Material.default",
            "Material.mat1",
            "Material.mat1"
          ]
        },
        "textures": {
          "Array.variants": [
            "Texture.default",
            "Texture.tex1",
            "Texture.tex2",
            "Texture.tex3",
            "Texture.tex4",
            "Texture.tex5",
            "Texture.tex6",
            "Texture.tex7",
            "Texture.tex8",
            "Texture.tex9"
          ]
        },
        "geometries": {
          "Array.variants": [
            "Geometry.default",
            "Geometry.geo1",
            "Geometry.geo2",
            "Geometry.geo3",
            "Geometry.geo4",
            "Geometry.geo5",
            "Geometry.geo6",
            "Geometry.geo7",
            "Geometry.geo8",
            "Geometry.geo9"
          ]
        }
      },
      "materials": [ { "*": "Array.variants[query.variant]" } ],
      "textures": [ "Array.variants[query.variant]" ],
      "geometry": "Array.variants[query.variant]"
    }
  }
}
