{
  "format_version":"1.8.0",
  "render_controllers": {
    "controller.render.torch_wall2": {
      "arrays": {
        "materials": {
          "Array.variants": [
            "Material.default",
            "Material.default",
            "Material.default",
            "Material.default",
            "Material.default",
            "Material.default",
            "Material.default",
            "Material.default",
            "Material.default",
            "Material.default"
          ]
        },
        "textures": {
          "Array.variants": [
            "Texture.tex_invisible",
            "Texture.tex_invisible",
            "Texture.tex_invisible",
            "Texture.tex_invisible",
            "Texture.tex_invisible",
            "Texture.tex_invisible",
            "Texture.tex_invisible",
            "Texture.tex_invisible",
            "Texture.tex_invisible",
            "Texture.tex_invisible"
          ]
        },
        "geometries": {
          "Array.variants": [
            "Geometry.geo_invisible",
            "Geometry.geo_invisible",
            "Geometry.geo_invisible",
            "Geometry.geo_invisible",
            "Geometry.geo_invisible",
            "Geometry.geo_invisible",
            "Geometry.geo_invisible",
            "Geometry.geo_invisible",
            "Geometry.geo_invisible",
            "Geometry.geo_invisible"
          ]
        }
      },
      "materials": [ { "*": "Array.variants[query.variant]" } ],
      "textures": [ "Array.variants[query.variant]" ],
      "geometry": "Array.variants[query.variant]"
    }
  }
}
