{
  "format_version": "1.8.0",
  "minecraft:entity": {
    "description": {
      "identifier": "minecraft:egg",
      "is_spawnable": false,
      "is_summonable": true,
      "is_experimental": false
    },
    "component_groups":{
      "mizunos_egg": {
        "minecraft:projectile": {
          "onHit": {
            "spawn_chance": {
              "firstSpawnChance": 1,
              "secondSpawnChance": 4,
              "firstSpawnCount": 1,
              "secondSpawnCount": 1,
              "spawnMob": "primordial",
              "spawnDefinition": "mizunoscit:primordial_shul",
              "spawnBaby": false
            },
            "impact_damage": {
              "damage": 1,
              "knockback": false
            },
            "remove_on_hit": {},
            "particle_on_hit": {
              "particle_type": "iconcrack",
              "num_particles": 6,
              "on_entity_hit": true,
              "on_other_hit": true
            }
          },
          "power": 1.0,
          "gravity": 0.003,
          "angleoffset": 0.0
         }
      }
    },

    "components": {
      "minecraft:collision_box": {
        "width": 0.25,
        "height": 0.25
      },
      "minecraft:projectile": {
        "onHit": {
          "impact_damage": {
            "damage": 0,
            "knockback": true,
            "destroyonhit": true
          },
          "spawn_chance": {
            "firstSpawnChance": 8,
            "secondSpawnChance": 32,
            "firstSpawnCount": 1,
            "secondSpawnCount": 4,
            "spawnMob": "chicken",
            "spawnDefinition": "minecraft:chicken",
            "spawnBaby": true
          },
          "remove_on_hit": {},
          "particle_on_hit": {
            "particle_type": "iconcrack",
            "num_particles": 6,
            "on_entity_hit": true,
            "on_other_hit": true
          }
        },
        "power": 1.5,
        "gravity": 0.03,
        "angleoffset": 0.0
      },
	    "minecraft:physics": {
      }
    },

    "events":{
    "minecraft:entity_spawned": {
      "sequence": [
        {
          "filters": {
            "all_of": [
              { "test": "has_equipment", "subject": "other", "domain": "head", "value": "leather_helmet"},
              { "test": "has_equipment", "subject": "other", "domain": "armor", "operator": "!=","value": "leather_chestplate"},
              { "test": "has_equipment", "subject": "other", "domain": "leg", "operator": "!=","value": "leather_leggings"},
              { "test": "has_equipment", "subject": "other", "domain": "feet", "operator": "!=","value": "leather_boots"},
              { "test": "has_equipment", "subject": "other", "domain": "armor", "operator": "!=","value": "iron_chestplate"},
              { "test": "has_equipment", "subject": "other", "domain": "leg", "operator": "!=","value": "iron_leggings"},
              { "test": "has_equipment", "subject": "other", "domain": "feet", "operator": "!=","value": "iron_boots"},
              { "test": "has_equipment", "subject": "other", "domain": "armor", "operator": "!=","value": "diamond_chestplate"},
              { "test": "has_equipment", "subject": "other", "domain": "leg", "operator": "!=","value": "diamond_leggings"},
              { "test": "has_equipment", "subject": "other", "domain": "feet", "operator": "!=","value": "diamond_boots"},
              { "test": "has_equipment", "subject": "other", "domain": "armor", "operator": "!=","value": "chainmail_chestplate"},
              { "test": "has_equipment", "subject": "other", "domain": "leg", "operator": "!=","value": "chainmail_leggings"},
              { "test": "has_equipment", "subject": "other", "domain": "feet", "operator": "!=","value": "chainmail_boots"},
              { "test" :  "is_family", "subject" : "other", "value" :  "player"}
            ]
        },
          "add": {
            "component_groups": [ "mizunos_egg" ]
          }
        }
     ]
  }
  }
  }
}
