{
  "format_version": "1.8.0",
  "minecraft:entity": {
    "description": {
      "identifier": "mizunoscit:hanging_plant_0",
      "runtime_identifier": "minecraft:armor_stand",
      "is_spawnable": false,
      "is_summonable": true,
      "is_experimental": false
    },

    "component_groups": {
      "remove_pri": {
        "minecraft:transformation": {
          "into": "mizunoscit:primordial"
        }
      },
      "become_hanging_1": {
        "minecraft:transformation": {
          "into": "mizunoscit:hanging_plant_1"
        }
      },
      "var0": {
        "minecraft:variant": {
          "value": 0
        }
      },
      "var1": {
        "minecraft:variant": {
          "value": 1
        }
      },
      "var2": {
        "minecraft:variant": {
          "value": 2
        }
      },
      "var3": {
        "minecraft:variant": {
          "value": 3
        }
      },
      "var4": {
        "minecraft:variant": {
          "value": 4
        }
      },
      "var5": {
        "minecraft:variant": {
          "value": 5
        }
      },
      "var6": {
        "minecraft:variant": {
          "value": 6
        }
      },
      "var7": {
        "minecraft:variant": {
          "value": 7
        }
      }
    },

    "components": {
      "minecraft:type_family": {
        "family": [ "inanimate" ]
      },
      "minecraft:health": {
        "value": 3,
        "max": 3
      },
      "minecraft:knockback_resistance": {
        "value": 100,
        "max": 100
      },
      "minecraft:push_through": {
      "value": 1
      },
      "minecraft:physics": {
      },
      "minecraft:fall_damage": {
      "value": 0.0
      },
      "minecraft:scale": {
        "value": 1.0
      },
      "minecraft:loot": {
        "table": "loot_tables/entity/empty.json"
      },
      "minecraft:collision_box": {
        "width": 0.8,
        "height": 0.5
      },
      "minecraft:can_fly": {},
      "minecraft:navigation.float": {},

      "minecraft:interact": [
        {
          "on_interact": {
          "filters": {
          "all_of": [
            { "test": "has_equipment", "subject": "other", "domain": "hand", "value": "stick"},
            { "test" :  "is_family", "subject" : "other", "value" :  "player"}
           ]
          },
            "event": "become_hanging_1",
            "target": "self"
          },
          "interact_text": "Change"
        },
        {
          "on_interact": {
          "filters": {
          "all_of": [
            { "test": "has_equipment", "subject": "other", "domain": "hand", "value": "red_flower:0"},
            { "test" :  "is_family", "subject" : "other", "value" :  "player"}
           ]
          },
            "event": "var1",
            "target": "self"
          },
          "interact_text": "Change"
        },
        {
          "on_interact": {
          "filters": {
          "all_of": [
            { "test": "has_equipment", "subject": "other", "domain": "hand", "value": "red_flower:8"},
            { "test" :  "is_family", "subject" : "other", "value" :  "player"}
           ]
          },
            "event": "var2",
            "target": "self"
          },
          "interact_text": "Change"
        },
        {
          "on_interact": {
          "filters": {
          "all_of": [
            { "test": "has_equipment", "subject": "other", "domain": "hand", "value": "yellow_flower:0"},
            { "test" :  "is_family", "subject" : "other", "value" :  "player"}
           ]
          },
            "event": "var3",
            "target": "self"
          },
          "interact_text": "Change"
        },
        {
          "on_interact": {
          "filters": {
          "all_of": [
            { "test": "has_equipment", "subject": "other", "domain": "hand", "value": "red_flower:3"},
            { "test" :  "is_family", "subject" : "other", "value" :  "player"}
           ]
          },
            "event": "var4",
            "target": "self"
          },
          "interact_text": "Change"
        },
        {
          "on_interact": {
          "filters": {
          "all_of": [
            { "test": "has_equipment", "subject": "other", "domain": "hand", "value": "red_flower:1"},
            { "test" :  "is_family", "subject" : "other", "value" :  "player"}
           ]
          },
            "event": "var5",
            "target": "self"
          },
          "interact_text": "Change"
        },
        {
          "on_interact": {
          "filters": {
          "all_of": [
            { "test": "has_equipment", "subject": "other", "domain": "hand", "value": "tallgrass:1"},
            { "test" :  "is_family", "subject" : "other", "value" :  "player"}
           ]
          },
            "event": "var6",
            "target": "self"
          },
          "interact_text": "Change"
        },
        {
          "on_interact": {
          "filters": {
          "all_of": [
            { "test": "has_equipment", "subject": "other", "domain": "hand", "value": "tallgrass:2"},
            { "test" :  "is_family", "subject" : "other", "value" :  "player"}
           ]
          },
            "event": "var7",
            "target": "self"
          },
          "interact_text": "Change"
        }
      ]
    },

	"events": {
    "remove_pri": {
      "add": {
        "component_groups": [
          "remove_pri"
        ]
      }
    },
    "become_hanging_1": {
      "add": {
        "component_groups": [
          "become_hanging_1"
        ]
      }
    },
    "var0": {
      "add": {
        "component_groups": [
          "var0"
        ]
      }
    },
    "var1": {
      "add": {
        "component_groups": [
          "var1"
        ]
      }
    },
    "var2": {
      "add": {
        "component_groups": [
          "var2"
        ]
      }
    },
    "var3": {
      "add": {
        "component_groups": [
          "var3"
        ]
      }
    },
    "var4": {
      "add": {
        "component_groups": [
          "var4"
        ]
      }
    },
    "var5": {
      "add": {
        "component_groups": [
          "var5"
        ]
      }
    },
    "var6": {
      "add": {
        "component_groups": [
          "var6"
        ]
      }
    },
    "var7": {
      "add": {
        "component_groups": [
          "var7"
        ]
      }
    },
    "var8": {
      "add": {
        "component_groups": [
          "var8"
        ]
      }
    },
    "var9": {
      "add": {
        "component_groups": [
          "var9"
        ]
      }
    },
    "var10": {
      "add": {
        "component_groups": [
          "var10"
        ]
      }
    },
    "var11": {
      "add": {
        "component_groups": [
          "var11"
        ]
      }
    },
    "var12": {
      "add": {
        "component_groups": [
          "var12"
        ]
      }
    },
    "var13": {
      "add": {
        "component_groups": [
          "var13"
        ]
      }
    },
    "var14": {
      "add": {
        "component_groups": [
          "var14"
        ]
      }
    },
    "var15": {
      "add": {
        "component_groups": [
          "var15"
        ]
      }
    },
    "var16": {
        "add": {
          "component_groups": [
            "var16"
          ]
        }
      }
  }
}
}
