{
  "format_version": "1.13.0",
  "minecraft:entity": {
    "description": {
      "identifier": "mizunoscit:carpet_0",
      "runtime_identifier": "minecraft:armor_stand",
      "is_spawnable": false,
      "is_summonable": true,
      "is_experimental": false
    },
    "component_groups": {
      "remove_pri": {
        "minecraft:transformation": {
          "into": "mizunoscit:primordial"
        }
      },
      "var0": {
        "minecraft:variant": {
          "value": 0
        }
      },
      "var1": {
        "minecraft:variant": {
          "value": 1
        }
      },
      "0gravity": {
        "minecraft:navigation.float": {
        }
      },
      "gravity": {
        "minecraft:navigation.walk": {
        }
      }
    },
    "components": {
      "minecraft:type_family": {
        "family": [
          "inanimate"
        ]
      },
      "minecraft:health": {
        "value": 3,
        "max": 3
      },
      "minecraft:knockback_resistance": {
        "value": 100,
        "max": 100
      },
      "minecraft:push_through": {
        "value": 1
      },
      "minecraft:physics": {
      },
      "minecraft:can_fly": {
      },
      "minecraft:fall_damage": {
        "value": 0.0
      },
      "minecraft:scale": {
        "value": 1.0
      },
      "minecraft:loot": {
        "table": "loot_tables/entity/empty.json"
      },
      "minecraft:collision_box": {
        "width": 0.5,
        "height": 0.5
      },
      "minecraft:interact": {
        "interactions": [
          {
            "on_interact": {
              "filters": {
                "all_of": [
                  {
                    "test": "is_variant",
                    "subject": "self",
                    "operator": "==",
                    "value": 0
                  },
                  {
                    "test": "has_equipment",
                    "subject": "other",
                    "domain": "hand",
                    "value": "stick"
                  },
                  {
                    "test": "is_family",
                    "subject": "other",
                    "value": "player"
                  }
                ]
              },
              "event": "var1",
              "target": "self"
            },
            "interact_text": "Change"
          },
          {
            "on_interact": {
              "filters": {
                "all_of": [
                  {
                    "test": "is_variant",
                    "subject": "self",
                    "operator": "==",
                    "value": 1
                  },
                  {
                    "test": "has_equipment",
                    "subject": "other",
                    "domain": "hand",
                    "value": "stick"
                  },
                  {
                    "test": "is_family",
                    "subject": "other",
                    "value": "player"
                  }
                ]
              },
              "event": "var0",
              "target": "self"
            },
            "interact_text": "Change"
          },
          {
            "on_interact": {
              "filters": {
                "all_of": [
                  {
                    "test": "has_component",
                    "subject": "self",
                    "operator": "==",
                    "value": "minecraft:navigation.float"
                  },
                  {
                    "test": "has_equipment",
                    "subject": "other",
                    "domain": "hand",
                    "value": "feather"
                  },
                  {
                    "test": "is_family",
                    "subject": "other",
                    "value": "player"
                  }
                ]
              },
              "event": "remove_0gravity",
              "target": "self"
            },
            "interact_text": "Gravity"
          },
          {
            "on_interact": {
              "filters": {
                "all_of": [
                  {
                    "test": "has_component",
                    "subject": "self",
                    "operator": "not",
                    "value": "minecraft:navigation.float"
                  },
                  {
                    "test": "has_equipment",
                    "subject": "other",
                    "domain": "hand",
                    "value": "feather"
                  },
                  {
                    "test": "is_family",
                    "subject": "other",
                    "value": "player"
                  }
                ]
              },
              "event": "0gravity",
              "target": "self"
            },
            "interact_text": "0-Gravity"
          }
        ]
      }
    },
    "events": {
      "remove_pri": {
        "add": {
          "component_groups": [
            "remove_pri"
          ]
        }
      },
      "var0": {
        "add": {
          "component_groups": [
            "var0"
          ]
        }
      },
      "var1": {
        "add": {
          "component_groups": [
            "var1"
          ]
        }
      },
      "remove_0gravity": {
        "remove": {
          "component_groups": [
            "0gravity"
          ]
        },
        "add": {
          "component_groups": [
            "gravity"
          ]
        }
      },
      "0gravity": {
        "remove": {
          "component_groups": [
            "gravity"
          ]
        },
        "add": {
          "component_groups": [
            "0gravity"
          ]
        }
      },
      "minecraft:entity_transformed": {
        "sequence": [
          {
            "add": {
              "component_groups": [
                "0gravity"
              ]
            }
          }
        ]
      }
    }
  }
}
