{
	"format_version": "1.12.0",
	"minecraft:geometry": [
		{
			"description": {
				"identifier": "geometry.plant_double_0",
				"texture_width": 16,
				"texture_height": 16,
				"visible_bounds_width": 2,
				"visible_bounds_height": 2,
				"visible_bounds_offset": [0, 1, 0]
			},
			"bones": [
				{
					"name": "body",
					"pivot": [0, 0, 0]
				},
				{
					"name": "plant",
					"parent": "body",
					"pivot": [0, 8, 0],
					"cubes": [
						{
							"origin": [-9.2, 0, 2],
							"size": [18.4, 32, 0.01],
							"pivot": [0, 8, 0],
							"rotation": [0, -45, 0],
							"uv": {
								"north": {"uv": [8, 0], "uv_size": [-8, 16]},
								"south": {"uv": [0, 0], "uv_size": [8, 16]}
							}
						},
						{
							"origin": [-0.01, 0, -7.2],
							"size": [0.01, 32, 18.4],
							"pivot": [0, 8, 0],
							"rotation": [0, -45, 0],
							"uv": {
								"east": {"uv": [8, 0], "uv_size": [-8, 16]},
								"west": {"uv": [0, 0], "uv_size": [8, 16]}
							}
						}
					]
				}
			]
		}
	]
}