{
	"format_version": "1.12.0",
	"minecraft:geometry": [
		{
			"description": {
				"identifier": "geometry.template_fern",
				"texture_width": 32,
				"texture_height": 32,
				"visible_bounds_width": 4,
				"visible_bounds_height": 1,
				"visible_bounds_offset": [0, 0.5, 0]
			},
			"bones": [
				{
					"name": "body",
					"pivot": [0, 8, 0]
				},
				{
					"name": "bottom1",
					"parent": "body",
					"pivot": [0, 8, 0],
					"cubes": [
						{
							"origin": [-7.5, 1, -24],
							"size": [16, 0.01, 24],
							"uv": {
								"up": {"uv": [32, 32], "uv_size": [-16, -24]},
								"down": {"uv": [16, 32], "uv_size": [16, -24]}
							}
						},
						{
							"origin": [-7.5, 1, -24],
							"size": [16, 0.01, 24],
							"pivot": [0, 8, 0],
							"rotation": [0, -90, 0],
							"uv": {
								"north": {"uv": [0, 0], "uv_size": [0, 0]},
								"east": {"uv": [0, 0], "uv_size": [0, 0]},
								"south": {"uv": [0, 0], "uv_size": [0, 0]},
								"west": {"uv": [0, 0], "uv_size": [0, 0]},
								"up": {"uv": [32, 32], "uv_size": [-16, -24]},
								"down": {"uv": [16, 32], "uv_size": [16, -24]}
							}
						},
						{
							"origin": [-7.5, 1, -24],
							"size": [16, 0.01, 24],
							"pivot": [0, 8, 0],
							"rotation": [0, 180, 0],
							"uv": {
								"north": {"uv": [0, 0], "uv_size": [0, 0]},
								"east": {"uv": [0, 0], "uv_size": [0, 0]},
								"south": {"uv": [0, 0], "uv_size": [0, 0]},
								"west": {"uv": [0, 0], "uv_size": [0, 0]},
								"up": {"uv": [32, 32], "uv_size": [-16, -24]},
								"down": {"uv": [16, 32], "uv_size": [16, -24]}
							}
						},
						{
							"origin": [-7.5, 1, -24],
							"size": [16, 0.01, 24],
							"pivot": [0, 8, 0],
							"rotation": [0, 90, 0],
							"uv": {
								"north": {"uv": [0, 0], "uv_size": [0, 0]},
								"east": {"uv": [0, 0], "uv_size": [0, 0]},
								"south": {"uv": [0, 0], "uv_size": [0, 0]},
								"west": {"uv": [0, 0], "uv_size": [0, 0]},
								"up": {"uv": [32, 32], "uv_size": [-16, -24]},
								"down": {"uv": [16, 32], "uv_size": [16, -24]}
							}
						}
					]
				},
				{
					"name": "middle1",
					"parent": "body",
					"pivot": [0, 8, 0],
					"cubes": [
						{
							"origin": [-9, 3, -22],
							"size": [16, 0.01, 21],
							"pivot": [0, 8, 0],
							"rotation": [0, 45, 0],
							"uv": {
								"up": {"uv": [16, 30], "uv_size": [-16, -22]},
								"down": {"uv": [0, 30], "uv_size": [16, -22]}
							}
						},
						{
							"origin": [-9, 3, -22],
							"size": [16, 0.01, 21],
							"pivot": [0, 8, 0],
							"rotation": [0, -135, 0],
							"uv": {
								"north": {"uv": [0, 0], "uv_size": [0, 0]},
								"east": {"uv": [0, 0], "uv_size": [0, 0]},
								"south": {"uv": [0, 0], "uv_size": [0, 0]},
								"west": {"uv": [0, 0], "uv_size": [0, 0]},
								"up": {"uv": [16, 30], "uv_size": [-16, -22]},
								"down": {"uv": [0, 30], "uv_size": [16, -22]}
							}
						},
						{
							"origin": [-9, 3, -22],
							"size": [16, 0.01, 21],
							"pivot": [0, 8, 0],
							"rotation": [0, -45, 0],
							"uv": {
								"north": {"uv": [0, 0], "uv_size": [0, 0]},
								"east": {"uv": [0, 0], "uv_size": [0, 0]},
								"south": {"uv": [0, 0], "uv_size": [0, 0]},
								"west": {"uv": [0, 0], "uv_size": [0, 0]},
								"up": {"uv": [16, 30], "uv_size": [-16, -22]},
								"down": {"uv": [0, 30], "uv_size": [16, -22]}
							}
						},
						{
							"origin": [-9, 3, -22],
							"size": [16, 0.01, 21],
							"pivot": [0, 8, 0],
							"rotation": [0, 135, 0],
							"uv": {
								"north": {"uv": [0, 0], "uv_size": [0, 0]},
								"east": {"uv": [0, 0], "uv_size": [0, 0]},
								"south": {"uv": [0, 0], "uv_size": [0, 0]},
								"west": {"uv": [0, 0], "uv_size": [0, 0]},
								"up": {"uv": [16, 30], "uv_size": [-16, -22]},
								"down": {"uv": [0, 30], "uv_size": [16, -22]}
							}
						}
					]
				},
				{
					"name": "top1",
					"parent": "body",
					"pivot": [0, 8, 0],
					"cubes": [
						{
							"origin": [-9, 3, -8.25],
							"size": [16, 0.01, 12],
							"pivot": [0, 8, 0.75],
							"rotation": [-45, 0, 0],
							"uv": {
								"up": {"uv": [16, 32], "uv_size": [-16, -12]}
							}
						},
						{
							"origin": [-8.99952, 6.92427, -21.52526],
							"size": [16, 0.01, 12],
							"pivot": [0.00048, 7.92427, 0.47474],
							"rotation": [-22.5, 0, 0],
							"uv": {
								"up": {"uv": [16, 20], "uv_size": [-16, -12]}
							}
						}
					]
				},
				{
					"name": "top2",
					"parent": "body",
					"pivot": [0, 8, 0],
					"rotation": [0, -90, 0],
					"cubes": [
						{
							"origin": [-9, 3, -8.25],
							"size": [16, 0.01, 12],
							"pivot": [0, 8, 0.75],
							"rotation": [-45, 0, 0],
							"uv": {
								"north": {"uv": [0, 0], "uv_size": [0, 0]},
								"east": {"uv": [0, 0], "uv_size": [0, 0]},
								"south": {"uv": [0, 0], "uv_size": [0, 0]},
								"west": {"uv": [0, 0], "uv_size": [0, 0]},
								"up": {"uv": [16, 32], "uv_size": [-16, -12]}
							}
						},
						{
							"origin": [-8.99952, 6.92427, -21.52526],
							"size": [16, 0.01, 12],
							"pivot": [0.00048, 7.92427, 0.47474],
							"rotation": [-22.5, 0, 0],
							"uv": {
								"north": {"uv": [0, 0], "uv_size": [0, 0]},
								"east": {"uv": [0, 0], "uv_size": [0, 0]},
								"south": {"uv": [0, 0], "uv_size": [0, 0]},
								"west": {"uv": [0, 0], "uv_size": [0, 0]},
								"up": {"uv": [16, 20], "uv_size": [-16, -12]}
							}
						}
					]
				},
				{
					"name": "top3",
					"parent": "body",
					"pivot": [0, 8, 0],
					"rotation": [0, 180, 0],
					"cubes": [
						{
							"origin": [-9, 3, -8.25],
							"size": [16, 0.01, 12],
							"pivot": [0, 8, 0.75],
							"rotation": [-45, 0, 0],
							"uv": {
								"north": {"uv": [0, 0], "uv_size": [0, 0]},
								"east": {"uv": [0, 0], "uv_size": [0, 0]},
								"south": {"uv": [0, 0], "uv_size": [0, 0]},
								"west": {"uv": [0, 0], "uv_size": [0, 0]},
								"up": {"uv": [16, 32], "uv_size": [-16, -12]}
							}
						},
						{
							"origin": [-8.99952, 6.92427, -21.52526],
							"size": [16, 0.01, 12],
							"pivot": [0.00048, 7.92427, 0.47474],
							"rotation": [-22.5, 0, 0],
							"uv": {
								"north": {"uv": [0, 0], "uv_size": [0, 0]},
								"east": {"uv": [0, 0], "uv_size": [0, 0]},
								"south": {"uv": [0, 0], "uv_size": [0, 0]},
								"west": {"uv": [0, 0], "uv_size": [0, 0]},
								"up": {"uv": [16, 20], "uv_size": [-16, -12]}
							}
						}
					]
				},
				{
					"name": "top4",
					"parent": "body",
					"pivot": [0, 8, 0],
					"rotation": [0, 90, 0],
					"cubes": [
						{
							"origin": [-9, 3, -8.25],
							"size": [16, 0.01, 12],
							"pivot": [0, 8, 0.75],
							"rotation": [-45, 0, 0],
							"uv": {
								"north": {"uv": [0, 0], "uv_size": [0, 0]},
								"east": {"uv": [0, 0], "uv_size": [0, 0]},
								"south": {"uv": [0, 0], "uv_size": [0, 0]},
								"west": {"uv": [0, 0], "uv_size": [0, 0]},
								"up": {"uv": [16, 32], "uv_size": [-16, -12]}
							}
						},
						{
							"origin": [-8.99952, 6.92427, -21.52526],
							"size": [16, 0.01, 12],
							"pivot": [0.00048, 7.92427, 0.47474],
							"rotation": [-22.5, 0, 0],
							"uv": {
								"north": {"uv": [0, 0], "uv_size": [0, 0]},
								"east": {"uv": [0, 0], "uv_size": [0, 0]},
								"south": {"uv": [0, 0], "uv_size": [0, 0]},
								"west": {"uv": [0, 0], "uv_size": [0, 0]},
								"up": {"uv": [16, 20], "uv_size": [-16, -12]}
							}
						}
					]
				}
			]
		}
	]
}