{
	"format_version": "1.12.0",
	"minecraft:geometry": [
		{
			"description": {
				"identifier": "geometry.acacia_fence_1",
				"texture_width": 32,
				"texture_height": 32,
				"visible_bounds_width": 2,
				"visible_bounds_height": 1,
				"visible_bounds_offset": [0, 0.5, 0]
			},
			"bones": [
				{
					"name": "body",
					"pivot": [0, 0, 0],
					"cubes": [
						{
							"origin": [3.95, 12.5, -3],
							"size": [3.1, 3, 6],
							"uv": {
								"north": {"uv": [29, 0], "uv_size": [3, 3]},
								"east": {"uv": [26, 12], "uv_size": [6, 3]},
								"south": {"uv": [29, 0], "uv_size": [3, 3]},
								"west": {"uv": [26, 12], "uv_size": [6, 3]},
								"up": {"uv": [15, 0], "uv_size": [-3, 3]},
								"down": {"uv": [12, 3], "uv_size": [3, -3]}
							}
						},
						{
							"origin": [4.01, 0, -7.75],
							"size": [2.98, 1.23, 3],
							"uv": {
								"north": {"uv": [12, 14], "uv_size": [3, 1]},
								"east": {"uv": [12, 14], "uv_size": [3, 1]},
								"south": {"uv": [12, 14], "uv_size": [3, 1]},
								"west": {"uv": [12, 14], "uv_size": [3, 1]},
								"up": {"uv": [3, 3], "uv_size": [-3, -3]},
								"down": {"uv": [0, 0], "uv_size": [3, 3]}
							}
						},
						{
							"origin": [4.01, 0, 4.75],
							"size": [2.98, 1.23, 3],
							"uv": {
								"north": {"uv": [12, 14], "uv_size": [3, 1]},
								"east": {"uv": [12, 14], "uv_size": [3, 1]},
								"south": {"uv": [12, 14], "uv_size": [3, 1]},
								"west": {"uv": [12, 14], "uv_size": [3, 1]},
								"up": {"uv": [3, 3], "uv_size": [-3, -3]},
								"down": {"uv": [0, 0], "uv_size": [3, 3]}
							}
						},
						{
							"origin": [4.5, 4, -4],
							"size": [2, 2, 8],
							"uv": {
								"east": {"uv": [24, 12], "uv_size": [8, 2]},
								"west": {"uv": [24, 12], "uv_size": [8, 2]},
								"up": {"uv": [32, 14], "uv_size": [-8, -2]},
								"down": {"uv": [24, 12], "uv_size": [8, 2]}
							}
						}
					]
				},
				{
					"name": "bone",
					"parent": "body",
					"pivot": [5.5, 7.87926, 5.53698],
					"cubes": [
						{
							"origin": [4, 0.88926, -5.03698],
							"size": [3, 14, 3],
							"pivot": [5.5, 7.87926, -5.53698],
							"rotation": [-22.5, 0, 0],
							"uv": {
								"north": {"uv": [12, 0], "uv_size": [3, 14]},
								"east": {"uv": [12, 0], "uv_size": [3, 14]},
								"south": {"uv": [12, 0], "uv_size": [3, 14]},
								"west": {"uv": [12, 0], "uv_size": [3, 14]},
								"up": {"uv": [15, 3], "uv_size": [-3, -3]},
								"down": {"uv": [12, 0], "uv_size": [3, 3]}
							}
						},
						{
							"origin": [4, 0.88926, 2.03698],
							"size": [3, 14, 3],
							"pivot": [5.5, 7.87926, 5.53698],
							"rotation": [22.5, 0, 0],
							"uv": {
								"north": {"uv": [12, 0], "uv_size": [3, 14]},
								"east": {"uv": [12, 0], "uv_size": [3, 14]},
								"south": {"uv": [12, 0], "uv_size": [3, 14]},
								"west": {"uv": [12, 0], "uv_size": [3, 14]},
								"up": {"uv": [15, 0], "uv_size": [-3, 3]},
								"down": {"uv": [12, 3], "uv_size": [3, -3]}
							}
						}
					]
				}
			]
		}
	]
}