{
	"format_version": "1.12.0",
	"minecraft:geometry": [
		{
			"description": {
				"identifier": "geometry.acacia_sapling_2",
				"texture_width": 64,
				"texture_height": 64,
				"visible_bounds_width": 3,
				"visible_bounds_height": 3,
				"visible_bounds_offset": [0, 1.5, 0]
			},
			"bones": [
				{
					"name": "body",
					"pivot": [0, 0, 0]
				},
				{
					"name": "flower_pot",
					"parent": "body",
					"pivot": [0, 8, 0],
					"cubes": [
						{
							"origin": [-4, 6, -4],
							"size": [8, 5, 8],
							"pivot": [8, 0, -8],
							"uv": {
								"north": {"uv": [52, 25], "uv_size": [8, 5]},
								"east": {"uv": [52, 25], "uv_size": [8, 5]},
								"south": {"uv": [52, 25], "uv_size": [8, 5]},
								"west": {"uv": [52, 25], "uv_size": [8, 5]},
								"up": {"uv": [56, 24], "uv_size": [-8, -8]},
								"down": {"uv": [56, 16], "uv_size": [8, 8]}
							}
						},
						{
							"origin": [-0.01, 0, -3],
							"size": [0.01, 32, 6],
							"pivot": [0, 18, 0],
							"rotation": [0, -45, 0],
							"uv": {
								"west": {"uv": [32, 0], "uv_size": [7, 32]}
							}
						},
						{
							"origin": [-3, 0, 0.01],
							"size": [6, 32, 0],
							"pivot": [0, 18, 0],
							"rotation": [0, -45, 0],
							"uv": {
								"north": {"uv": [32, 0], "uv_size": [7, 32]},
								"south": {"uv": [0, 32], "uv_size": [7, 32]}
							}
						}
					]
				},
				{
					"name": "plant",
					"parent": "body",
					"pivot": [0, 8, 0],
					"cubes": [
						{
							"origin": [-8, 13, -8],
							"size": [16, 0.01, 16],
							"pivot": [0, 13, 0],
							"rotation": [0, -45, 0],
							"uv": {
								"up": {"uv": [16, 32], "uv_size": [-16, -16]},
								"down": {"uv": [0, 32], "uv_size": [32, 32]}
							}
						},
						{
							"origin": [-4.5, 16, -4.5],
							"size": [9, 0.01, 9],
							"pivot": [0, 21, 0],
							"rotation": [0, -45, 0],
							"uv": {
								"up": {"uv": [11, 26], "uv_size": [-9, -9]},
								"down": {"uv": [4, 34], "uv_size": [18, 18]}
							}
						},
						{
							"origin": [-7, -9, 7.25],
							"size": [10, 20, 0.01],
							"pivot": [8, 0, -8],
							"uv": {
								"north": {"uv": [22, 0], "uv_size": [10, 20]}
							}
						},
						{
							"origin": [-7, 1, 2.25],
							"size": [10, 8, 0.01],
							"pivot": [1, 20, -1],
							"rotation": [22.5, 0, 0],
							"uv": {
								"north": {"uv": [22, 6], "uv_size": [10, 8]},
								"south": {"uv": [64, 48], "uv_size": [-20, 16]}
							}
						}
					]
				},
				{
					"name": "g1",
					"parent": "plant",
					"pivot": [0, 20, 0],
					"cubes": [
						{
							"origin": [-8, 19, 6],
							"size": [16, 0.01, 8],
							"pivot": [0, 21, 0],
							"rotation": [-45, 0, 0],
							"uv": {
								"up": {"uv": [16, 32], "uv_size": [-16, -8]},
								"down": {"uv": [0, 64], "uv_size": [32, -16]}
							}
						},
						{
							"origin": [-8, 18, 2],
							"size": [16, 0.01, 8],
							"pivot": [0, 20, 0],
							"rotation": [-22.5, 0, 0],
							"uv": {
								"up": {"uv": [32, 32], "uv_size": [-16, -8]},
								"down": {"uv": [32, 64], "uv_size": [32, -16]}
							}
						}
					]
				},
				{
					"name": "g2",
					"parent": "plant",
					"pivot": [0, 20, 0],
					"rotation": [0, -90, 0],
					"cubes": [
						{
							"origin": [-8, 19, 6],
							"size": [16, 0.01, 8],
							"pivot": [0, 21, 0],
							"rotation": [-45, 0, 0],
							"uv": {
								"north": {"uv": [0, 0], "uv_size": [0, 0]},
								"east": {"uv": [0, 0], "uv_size": [0, 0]},
								"south": {"uv": [0, 0], "uv_size": [0, 0]},
								"west": {"uv": [0, 0], "uv_size": [0, 0]},
								"up": {"uv": [16, 32], "uv_size": [-16, -8]},
								"down": {"uv": [0, 64], "uv_size": [32, -16]}
							}
						},
						{
							"origin": [-8, 18, 2],
							"size": [16, 0.01, 8],
							"pivot": [0, 20, 0],
							"rotation": [-22.5, 0, 0],
							"uv": {
								"north": {"uv": [0, 0], "uv_size": [0, 0]},
								"east": {"uv": [0, 0], "uv_size": [0, 0]},
								"south": {"uv": [0, 0], "uv_size": [0, 0]},
								"west": {"uv": [0, 0], "uv_size": [0, 0]},
								"up": {"uv": [32, 32], "uv_size": [-16, -8]},
								"down": {"uv": [32, 64], "uv_size": [32, -16]}
							}
						}
					]
				},
				{
					"name": "g3",
					"parent": "plant",
					"pivot": [0, 20, 0],
					"rotation": [0, 180, 0],
					"cubes": [
						{
							"origin": [-8, 19, 6],
							"size": [16, 0.01, 8],
							"pivot": [0, 21, 0],
							"rotation": [-45, 0, 0],
							"uv": {
								"north": {"uv": [0, 0], "uv_size": [0, 0]},
								"east": {"uv": [0, 0], "uv_size": [0, 0]},
								"south": {"uv": [0, 0], "uv_size": [0, 0]},
								"west": {"uv": [0, 0], "uv_size": [0, 0]},
								"up": {"uv": [16, 32], "uv_size": [-16, -8]},
								"down": {"uv": [0, 64], "uv_size": [32, -16]}
							}
						},
						{
							"origin": [-8, 18, 2],
							"size": [16, 0.01, 8],
							"pivot": [0, 20, 0],
							"rotation": [-22.5, 0, 0],
							"uv": {
								"north": {"uv": [0, 0], "uv_size": [0, 0]},
								"east": {"uv": [0, 0], "uv_size": [0, 0]},
								"south": {"uv": [0, 0], "uv_size": [0, 0]},
								"west": {"uv": [0, 0], "uv_size": [0, 0]},
								"up": {"uv": [32, 32], "uv_size": [-16, -8]},
								"down": {"uv": [32, 64], "uv_size": [32, -16]}
							}
						}
					]
				},
				{
					"name": "g4",
					"parent": "plant",
					"pivot": [0, 20, 0],
					"rotation": [0, 90, 0],
					"cubes": [
						{
							"origin": [-8, 19, 6],
							"size": [16, 0.01, 8],
							"pivot": [0, 21, 0],
							"rotation": [-45, 0, 0],
							"uv": {
								"north": {"uv": [0, 0], "uv_size": [0, 0]},
								"east": {"uv": [0, 0], "uv_size": [0, 0]},
								"south": {"uv": [0, 0], "uv_size": [0, 0]},
								"west": {"uv": [0, 0], "uv_size": [0, 0]},
								"up": {"uv": [16, 32], "uv_size": [-16, -8]},
								"down": {"uv": [0, 64], "uv_size": [32, -16]}
							}
						},
						{
							"origin": [-8, 18, 2],
							"size": [16, 0.01, 8],
							"pivot": [0, 20, 0],
							"rotation": [-22.5, 0, 0],
							"uv": {
								"north": {"uv": [0, 0], "uv_size": [0, 0]},
								"east": {"uv": [0, 0], "uv_size": [0, 0]},
								"south": {"uv": [0, 0], "uv_size": [0, 0]},
								"west": {"uv": [0, 0], "uv_size": [0, 0]},
								"up": {"uv": [32, 32], "uv_size": [-16, -8]},
								"down": {"uv": [32, 64], "uv_size": [32, -16]}
							}
						}
					]
				}
			]
		}
	]
}