{
	"format_version": "1.12.0",
	"minecraft:geometry": [
		{
			"description": {
				"identifier": "geometry.acacia_sapling_1",
				"texture_width": 16,
				"texture_height": 16,
				"visible_bounds_width": 3,
				"visible_bounds_height": 2,
				"visible_bounds_offset": [0, 1, 0]
			},
			"bones": [
				{
					"name": "body",
					"pivot": [0, 0, 0],
					"cubes": [
						{
							"origin": [-4, 5, -2],
							"size": [8, 5, 8],
							"pivot": [1, 13, 3],
							"rotation": [22.5, 0, 0],
							"uv": {
								"north": {"uv": [2, 4.5], "uv_size": [4, 3.5]},
								"east": {"uv": [2, 4.5], "uv_size": [4, 3.5]},
								"south": {"uv": [2, 4.5], "uv_size": [4, 3.5]},
								"west": {"uv": [2, 4.5], "uv_size": [4, 3.5]},
								"up": {"uv": [4, 4], "uv_size": [-4, -4]},
								"down": {"uv": [4, 0], "uv_size": [4, 4]}
							}
						}
					]
				},
				{
					"name": "plant",
					"parent": "body",
					"pivot": [0, 8, 0],
					"cubes": [
						{
							"origin": [-8, 9, -4],
							"size": [16, 0.01, 16],
							"pivot": [0, 10, 4],
							"rotation": [0, -45, 0],
							"uv": {
								"up": {"uv": [0, 8], "uv_size": [8, 8]}
							}
						},
						{
							"origin": [-4.5, 13, -0.5],
							"size": [9, 0.01, 9],
							"pivot": [0, 18, 4],
							"rotation": [0, -45, 0],
							"uv": {
								"up": {"uv": [1, 8.5], "uv_size": [4.5, 4.5]}
							}
						},
						{
							"origin": [-3, -12, -3.26],
							"size": [10, 20, 0.01],
							"uv": {
								"south": {"uv": [11, 0], "uv_size": [5, 10]}
							}
						},
						{
							"origin": [-3, -2, 1.74],
							"size": [10, 8, 0.01],
							"pivot": [-1, 17, 5],
							"rotation": [-22.5, 0, 0],
							"uv": {
								"south": {"uv": [11, 3], "uv_size": [5, 4]}
							}
						}
					]
				},
				{
					"name": "g1",
					"parent": "plant",
					"pivot": [0, 17, 4],
					"cubes": [
						{
							"origin": [-8, 16, 10],
							"size": [16, 0.01, 8],
							"pivot": [0, 18, 4],
							"rotation": [-45, 0, 0],
							"uv": {
								"up": {"uv": [8, 16], "uv_size": [-8, -4]}
							}
						},
						{
							"origin": [-8, 15, 6],
							"size": [16, 0.01, 8],
							"pivot": [0, 17, 4],
							"rotation": [-22.5, 0, 0],
							"uv": {
								"up": {"uv": [16, 16], "uv_size": [-8, -4]}
							}
						}
					]
				},
				{
					"name": "g2",
					"parent": "plant",
					"pivot": [0, 17, 4],
					"rotation": [0, -90, 0],
					"cubes": [
						{
							"origin": [-8, 16, 10],
							"size": [16, 0.01, 8],
							"pivot": [0, 18, 4],
							"rotation": [-45, 0, 0],
							"uv": {
								"north": {"uv": [0, 0], "uv_size": [0, 0]},
								"east": {"uv": [0, 0], "uv_size": [0, 0]},
								"south": {"uv": [0, 0], "uv_size": [0, 0]},
								"west": {"uv": [0, 0], "uv_size": [0, 0]},
								"up": {"uv": [8, 16], "uv_size": [-8, -4]},
								"down": {"uv": [16, 16], "uv_size": [0, 0]}
							}
						},
						{
							"origin": [-8, 15, 6],
							"size": [16, 0.01, 8],
							"pivot": [0, 17, 4],
							"rotation": [-22.5, 0, 0],
							"uv": {
								"north": {"uv": [0, 0], "uv_size": [0, 0]},
								"east": {"uv": [0, 0], "uv_size": [0, 0]},
								"south": {"uv": [0, 0], "uv_size": [0, 0]},
								"west": {"uv": [0, 0], "uv_size": [0, 0]},
								"up": {"uv": [16, 16], "uv_size": [-8, -4]},
								"down": {"uv": [16, 16], "uv_size": [0, 0]}
							}
						}
					]
				},
				{
					"name": "g3",
					"parent": "plant",
					"pivot": [0, 17, 4],
					"rotation": [0, 180, 0],
					"cubes": [
						{
							"origin": [-8, 16, 10],
							"size": [16, 0.01, 8],
							"pivot": [0, 18, 4],
							"rotation": [-45, 0, 0],
							"uv": {
								"north": {"uv": [0, 0], "uv_size": [0, 0]},
								"east": {"uv": [0, 0], "uv_size": [0, 0]},
								"south": {"uv": [0, 0], "uv_size": [0, 0]},
								"west": {"uv": [0, 0], "uv_size": [0, 0]},
								"up": {"uv": [8, 16], "uv_size": [-8, -4]},
								"down": {"uv": [16, 16], "uv_size": [0, 0]}
							}
						},
						{
							"origin": [-8, 15, 6],
							"size": [16, 0.01, 8],
							"pivot": [0, 17, 4],
							"rotation": [-22.5, 0, 0],
							"uv": {
								"north": {"uv": [0, 0], "uv_size": [0, 0]},
								"east": {"uv": [0, 0], "uv_size": [0, 0]},
								"south": {"uv": [0, 0], "uv_size": [0, 0]},
								"west": {"uv": [0, 0], "uv_size": [0, 0]},
								"up": {"uv": [16, 16], "uv_size": [-8, -4]},
								"down": {"uv": [16, 16], "uv_size": [0, 0]}
							}
						}
					]
				},
				{
					"name": "g4",
					"parent": "plant",
					"pivot": [0, 17, 4],
					"rotation": [0, 90, 0],
					"cubes": [
						{
							"origin": [-8, 16, 10],
							"size": [16, 0.01, 8],
							"pivot": [0, 18, 4],
							"rotation": [-45, 0, 0],
							"uv": {
								"north": {"uv": [0, 0], "uv_size": [0, 0]},
								"east": {"uv": [0, 0], "uv_size": [0, 0]},
								"south": {"uv": [0, 0], "uv_size": [0, 0]},
								"west": {"uv": [0, 0], "uv_size": [0, 0]},
								"up": {"uv": [8, 16], "uv_size": [-8, -4]},
								"down": {"uv": [16, 16], "uv_size": [0, 0]}
							}
						},
						{
							"origin": [-8, 15, 6],
							"size": [16, 0.01, 8],
							"pivot": [0, 17, 4],
							"rotation": [-22.5, 0, 0],
							"uv": {
								"north": {"uv": [0, 0], "uv_size": [0, 0]},
								"east": {"uv": [0, 0], "uv_size": [0, 0]},
								"south": {"uv": [0, 0], "uv_size": [0, 0]},
								"west": {"uv": [0, 0], "uv_size": [0, 0]},
								"up": {"uv": [16, 16], "uv_size": [-8, -4]},
								"down": {"uv": [16, 16], "uv_size": [0, 0]}
							}
						}
					]
				}
			]
		}
	]
}