{
	"format_version": "1.12.0",
	"minecraft:geometry": [
		{
			"description": {
				"identifier": "geometry.allium_1",
				"texture_width": 16,
				"texture_height": 16,
				"visible_bounds_width": 2,
				"visible_bounds_height": 2,
				"visible_bounds_offset": [0, 0, 0]
			},
			"bones": [
				{
					"name": "body",
					"pivot": [0, 8, 0],
					"cubes": [
						{
							"origin": [0.8, 1, 1.25],
							"size": [0.9, 9, 0.01],
							"pivot": [2, 8, 1],
							"rotation": [0, -45, 0],
							"uv": {
								"north": {"uv": [2, 6], "uv_size": [1, 9]},
								"south": {"uv": [2, 6], "uv_size": [1, 9]}
							}
						},
						{
							"origin": [1.24, 1, 0.8],
							"size": [0.01, 9, 0.9],
							"pivot": [2, 8, 1],
							"rotation": [0, -45, 0],
							"uv": {
								"east": {"uv": [2, 6], "uv_size": [1, 9]},
								"west": {"uv": [2, 6], "uv_size": [1, 9]}
							}
						},
						{
							"origin": [-1.4, 10, 1.25],
							"size": [5.4, 5, 0.01],
							"pivot": [2, 8, 1],
							"rotation": [0, -45, 0],
							"uv": {
								"north": {"uv": [0, 1], "uv_size": [6, 5]},
								"south": {"uv": [0, 1], "uv_size": [6, 5]}
							}
						},
						{
							"origin": [1.29, 10, -1.45],
							"size": [0.01, 5, 5.4],
							"pivot": [2, 8, 1],
							"rotation": [0, -45, 0],
							"uv": {
								"east": {"uv": [0, 1], "uv_size": [6, 5]},
								"west": {"uv": [0, 1], "uv_size": [6, 5]}
							}
						},
						{
							"origin": [-3, 2, 0.25],
							"size": [4.5, 15, 0.01],
							"pivot": [0, 8, 0],
							"rotation": [0, -45, 0],
							"uv": {
								"north": {"uv": [6, 0], "uv_size": [5, 15]},
								"south": {"uv": [6, 0], "uv_size": [5, 15]}
							}
						},
						{
							"origin": [-0.76, 2, -2],
							"size": [0.01, 15, 4.5],
							"pivot": [0, 8, 0],
							"rotation": [0, -45, 0],
							"uv": {
								"east": {"uv": [6, 0], "uv_size": [5, 15]},
								"west": {"uv": [6, 0], "uv_size": [5, 15]}
							}
						},
						{
							"origin": [-2.5, 0, -2.5],
							"size": [5, 9, 5],
							"uv": {
								"north": {"uv": [11, 7], "uv_size": [5, 9]},
								"east": {"uv": [11, 7], "uv_size": [5, 9]},
								"south": {"uv": [11, 7], "uv_size": [5, 9]},
								"west": {"uv": [11, 7], "uv_size": [5, 9]},
								"up": {"uv": [16, 5], "uv_size": [-5, -5]},
								"down": {"uv": [16, 5], "uv_size": [-5, -5]}
							}
						}
					]
				}
			]
		}
	]
}