{
	"format_version": "1.10.0",
	"geometry.apple_0": {
		"texturewidth": 32,
		"textureheight": 32,
		"visible_bounds_width": 1,
		"visible_bounds_height": 1,
		"visible_bounds_offset": [0, 0.5, 0],
		"bones": [
			{
				"name": "body",
				"pivot": [0, 0, 0],
				"cubes": [
					{"origin": [-3, 0, -2], "size": [5, 6, 5], "uv": [0, 0]},
					{"origin": [2, 1, -2], "size": [1, 4, 5], "uv": [20, 0]},
					{"origin": [-4, 1, -2], "size": [1, 4, 5], "uv": [0, 11]},
					{"origin": [-3, 1, -3], "size": [5, 4, 1], "uv": [12, 11]},
					{"origin": [-3, 1, 3], "size": [5, 4, 1], "uv": [0, 20]},
					{"origin": [-1, 6, 0], "size": [1, 1, 1], "uv": [12, 22]},
					{"origin": [-3, 6.5, -2], "size": [2, 0, 2], "uv": [12, 20]}
				]
			}
		]
	},
	"geometry.apple_3": {
		"texturewidth": 80,
		"textureheight": 80,
		"visible_bounds_width": 1,
		"visible_bounds_height": 1,
		"visible_bounds_offset": [0, 0.5, 0],
		"bones": [
			{
				"name": "body",
				"pivot": [0, 0, 0],
				"cubes": []
			},
			{
				"name": "basket",
				"parent": "body",
				"pivot": [-8, 8, 8],
				"cubes": [
					{"origin": [-6, 0, -6], "size": [12, 3, 12], "uv": [0, 0]},
					{"origin": [-5, 1, -7], "size": [10, 3, 2], "uv": [0, 39]},
					{"origin": [-5, 1, 5], "size": [10, 3, 2], "uv": [0, 34]},
					{"origin": [5, 1, -7], "size": [2, 3, 14], "uv": [48, 0]},
					{"origin": [-7, 1, -7], "size": [2, 3, 14], "uv": [0, 17]}
				]
			},
			{
				"name": "apple",
				"parent": "body",
				"pivot": [-5, 6, 1],
				"rotation": [0, 0, -40],
				"cubes": [
					{"origin": [-6, 2, -1], "size": [3, 6, 5], "uv": [24, 34]},
					{"origin": [-6, 3, -2], "size": [3, 4, 1], "uv": [12, 54]},
					{"origin": [-7, 3, -1], "size": [1, 4, 5], "uv": [0, 45]},
					{"origin": [-4, 8, 1], "size": [1, 1, 1], "uv": [36, 56]},
					{"origin": [-6, 8.5, 2], "size": [2, 0.01, 2], "uv": [28, 56]},
					{"origin": [-6, 3, 4], "size": [3, 4, 1], "uv": [20, 54]}
				]
			},
			{
				"name": "apple_0",
				"parent": "body",
				"pivot": [-8, 8, 8],
				"cubes": [
					{"origin": [0, 3, -5], "size": [5, 6, 5], "uv": [32, 17]},
					{"origin": [0, 4, 0], "size": [5, 4, 1], "uv": [36, 45]},
					{"origin": [-1, 4, -5], "size": [1, 4, 5], "uv": [24, 45]},
					{"origin": [2, 9, -3], "size": [1, 1, 1], "uv": [36, 54]},
					{"origin": [0, 9.5, -5], "size": [2, 0.01, 2], "uv": [28, 54]},
					{"origin": [0, 4, -6], "size": [5, 4, 1], "uv": [0, 54]},
					{"origin": [5, 4, -5], "size": [1, 4, 5], "uv": [12, 45]}
				]
			}
		]
	}
}