{
	"format_version": "1.10.0",
	"geometry.baked_potato_0": {
		"texturewidth": 80,
		"textureheight": 80,
		"visible_bounds_width": 2,
		"visible_bounds_height": 1,
		"visible_bounds_offset": [0, 0.5, 0],
		"bones": [
			{
				"name": "body",
				"pivot": [0, 0, 0]
			},
			{
				"name": "pot",
				"parent": "body",
				"pivot": [0, 0, 0],
				"cubes": [
					{"origin": [-6, 0, -5], "size": [12, 1, 10], "uv": [0, 0]},
					{"origin": [-5, 1, -5], "size": [10, 2, 1], "uv": [0, 23]},
					{"origin": [-5, 1, 4], "size": [10, 2, 1], "uv": [22, 23]},
					{"origin": [5, 1, -5], "size": [1, 2, 10], "uv": [0, 11]},
					{"origin": [-6, 1, -5], "size": [1, 2, 10], "uv": [22, 11]},
					{"origin": [6, 2, -2], "size": [2, 1, 4], "uv": [44, 23]},
					{"origin": [-8, 2, -2], "size": [2, 1, 4], "uv": [0, 28]}
				]
			},
			{
				"name": "potato",
				"parent": "body",
				"pivot": [0, 0, 0],
				"cubes": [
					{"origin": [-4, 1, -3], "size": [8, 4, 6], "uv": [44, 0]},
					{"origin": [-1, 4.5, -1], "size": [2, 1, 2], "uv": [12, 28]}
				]
			}
		]
	}
}