{
	"format_version": "1.10.0",
	"geometry.barrel_0": {
		"texturewidth": 96,
		"textureheight": 96,
		"visible_bounds_width": 2,
		"visible_bounds_height": 1,
		"visible_bounds_offset": [0, 0.5, 0],
		"bones": [
			{
				"name": "body",
				"pivot": [0, 0, 0],
				"cubes": [
					{"origin": [-7, 0, -7], "size": [14, 16, 2], "uv": [0, 19]},
					{"origin": [-7, 0, 5], "size": [14, 16, 2], "uv": [0, 0]},
					{"origin": [-7, 0, -5], "size": [2, 16, 10], "uv": [0, 38]},
					{"origin": [5, 0, -5], "size": [2, 16, 10], "uv": [25, 38]},
					{"origin": [-5, 1, -5], "size": [10, 14, 10], "uv": [1, 65]},
					{"origin": [-7.5, 4, -7.5], "size": [15, 2, 15], "uv": [36, 18]},
					{"origin": [-7.5, 10, -7.5], "size": [15, 2, 15], "uv": [36, 0]}
				]
			}
		]
	}
}