{
	"format_version": "1.10.0",
	"geometry.beetroot_0": {
		"texturewidth": 48,
		"textureheight": 48,
		"visible_bounds_width": 1,
		"visible_bounds_height": 1,
		"visible_bounds_offset": [0, 0.5, 0],
		"bones": [
			{
				"name": "body",
				"pivot": [0, 0, 0],
				"cubes": [
					{"origin": [6, 2, -0.5], "size": [1, 1, 1], "uv": [20, 24]},
					{"origin": [1, 0, -2.5], "size": [5, 5, 5], "uv": [0, 24]}
				]
			},
			{
				"name": "leaf1",
				"parent": "body",
				"pivot": [1, 2.5, 0],
				"rotation": [-22.5, 0, 0],
				"cubes": [
					{"origin": [-7, 2.5, -6], "size": [8, 0.01, 12], "uv": [0, 0]}
				]
			},
			{
				"name": "leaf2",
				"parent": "body",
				"pivot": [1, 2.5, 0],
				"rotation": [22.5, 0, 0],
				"cubes": [
					{"origin": [-7, 2.5, -6], "size": [8, 0.01, 12], "uv": [0, 12]}
				]
			}
		]
	},
	"geometry.beetroot_1": {
		"texturewidth": 80,
		"textureheight": 80,
		"visible_bounds_width": 2,
		"visible_bounds_height": 1,
		"visible_bounds_offset": [0, 0.5, 0],
		"bones": [
			{
				"name": "body",
				"pivot": [0, 0, 0],
				"cubes": [
					{"origin": [5, 5, -3.5], "size": [1, 1, 1], "uv": [20, 24]},
					{"origin": [0, 3, -5.5], "size": [5, 5, 5], "uv": [0, 24]},
					{"origin": [-2, 2, -0.5], "size": [5, 5, 5], "uv": [0, 24]},
					{"origin": [3, 4, 1.5], "size": [1, 1, 1], "uv": [20, 24]}
				]
			},
			{
				"name": "basket",
				"parent": "body",
				"pivot": [-8, 8, 8],
				"cubes": [
					{"origin": [-6, 0, -6], "size": [12, 3, 12], "uv": [0, 35]},
					{"origin": [-5, 1, -7], "size": [10, 3, 2], "uv": [0, 69]},
					{"origin": [-5, 1, 5], "size": [10, 3, 2], "uv": [0, 74]},
					{"origin": [5, 1, -7], "size": [2, 3, 14], "uv": [0, 52]},
					{"origin": [-7, 1, -7], "size": [2, 3, 14], "uv": [48, 35]}
				]
			},
			{
				"name": "leaf1",
				"parent": "body",
				"pivot": [1, 2.5, 0],
				"rotation": [-22.5, 0, 0],
				"cubes": [
					{"origin": [-8, 5.97134, -10.68506], "size": [8, 0.01, 12], "uv": [0, 0]},
					{"origin": [-10, 6.96088, -5.68297], "size": [8, 0.01, 12], "uv": [0, 0]}
				]
			},
			{
				"name": "leaf2",
				"parent": "body",
				"pivot": [1, 2.5, 0],
				"rotation": [22.5, 0, 0],
				"cubes": [
					{"origin": [-8, 8.26745, -6.85822], "size": [8, 0.01, 12], "uv": [0, 12]},
					{"origin": [-10, 5.43015, -2.62151], "size": [8, 0.01, 12], "uv": [0, 12]}
				]
			}
		]
	}
}