{
	"format_version": "1.12.0",
	"minecraft:geometry": [
		{
			"description": {
				"identifier": "geometry.birch_sapling_2",
				"texture_width": 64,
				"texture_height": 64,
				"visible_bounds_width": 2,
				"visible_bounds_height": 3,
				"visible_bounds_offset": [0, 1.5, 0]
			},
			"bones": [
				{
					"name": "body",
					"pivot": [0, 0, -2]
				},
				{
					"name": "pot",
					"parent": "body",
					"pivot": [8, 0, -10],
					"cubes": [
						{
							"origin": [-3, 5, -3],
							"size": [6, 6, 6],
							"pivot": [0, 8, 5],
							"uv": {
								"north": {"uv": [21, 58], "uv_size": [6, 6]},
								"east": {"uv": [21, 58], "uv_size": [6, 6]},
								"south": {"uv": [21, 58], "uv_size": [6, 6]},
								"west": {"uv": [21, 58], "uv_size": [6, 6]},
								"up": {"uv": [22, 54], "uv_size": [-6, -6]},
								"down": {"uv": [26, 48], "uv_size": [6, 6]}
							}
						}
					]
				},
				{
					"name": "plant",
					"parent": "body",
					"pivot": [0, 8, -2],
					"cubes": [
						{
							"origin": [0.09, 9, -10.2],
							"size": [0.01, 16, 20.4],
							"pivot": [0, 23, 0],
							"rotation": [0, -45, 0],
							"uv": {
								"east": {"uv": [48, 0], "uv_size": [16, 16]}
							}
						},
						{
							"origin": [-10.2, 9, -0.1],
							"size": [20.4, 16, 0.01],
							"pivot": [0, 23, 0],
							"rotation": [0, -45, 0],
							"uv": {
								"north": {"uv": [48, 0], "uv_size": [16, 16]}
							}
						},
						{
							"origin": [-3.5, -16, -3.5],
							"size": [7, 29, 7],
							"pivot": [0, 5, 0],
							"rotation": [0, -45, 0],
							"uv": {
								"north": {"uv": [0, 0], "uv_size": [8, 29]},
								"east": {"uv": [16, 0], "uv_size": [8, 29]},
								"south": {"uv": [0, 0], "uv_size": [8, 29]},
								"west": {"uv": [16, 0], "uv_size": [8, 29]}
							}
						},
						{
							"origin": [-4, -16, -4],
							"size": [8, 29, 8],
							"pivot": [0, 5, 0],
							"rotation": [0, -45, 0],
							"uv": {
								"north": {"uv": [8, 0], "uv_size": [8, 29]},
								"east": {"uv": [24, 0], "uv_size": [8, 29]},
								"south": {"uv": [8, 0], "uv_size": [8, 29]},
								"west": {"uv": [24, 0], "uv_size": [8, 29]}
							}
						}
					]
				},
				{
					"name": "group1",
					"parent": "plant",
					"pivot": [0, 11, 0],
					"cubes": [
						{
							"origin": [-7.4, 2, 4],
							"size": [16, 16, 0.01],
							"pivot": [0, 11, 0],
							"rotation": [22.5, 0, 0],
							"uv": {
								"south": {"uv": [48, 16], "uv_size": [16, 16]}
							}
						},
						{
							"origin": [-7.4, 2, 4],
							"size": [16, 16, 0.01],
							"pivot": [0, 11, 0],
							"rotation": [22.5, -90, 0],
							"uv": {
								"north": {"uv": [0, 0], "uv_size": [0, 0]},
								"east": {"uv": [21, 58], "uv_size": [6, 6]},
								"south": {"uv": [48, 16], "uv_size": [16, 16]},
								"west": {"uv": [21, 58], "uv_size": [6, 6]},
								"up": {"uv": [22, 54], "uv_size": [-6, -6]},
								"down": {"uv": [26, 48], "uv_size": [6, 6]}
							}
						},
						{
							"origin": [-7.4, 2, 4],
							"size": [16, 16, 0.01],
							"pivot": [0, 11, 0],
							"rotation": [22.5, 180, 0],
							"uv": {
								"north": {"uv": [0, 0], "uv_size": [0, 0]},
								"east": {"uv": [21, 58], "uv_size": [6, 6]},
								"south": {"uv": [48, 16], "uv_size": [16, 16]},
								"west": {"uv": [21, 58], "uv_size": [6, 6]},
								"up": {"uv": [22, 54], "uv_size": [-6, -6]},
								"down": {"uv": [26, 48], "uv_size": [6, 6]}
							}
						},
						{
							"origin": [-7.4, 2, 4],
							"size": [16, 16, 0.01],
							"pivot": [0, 11, 0],
							"rotation": [22.5, 90, 0],
							"uv": {
								"north": {"uv": [0, 0], "uv_size": [0, 0]},
								"east": {"uv": [21, 58], "uv_size": [6, 6]},
								"south": {"uv": [48, 16], "uv_size": [16, 16]},
								"west": {"uv": [21, 58], "uv_size": [6, 6]},
								"up": {"uv": [22, 54], "uv_size": [-6, -6]},
								"down": {"uv": [26, 48], "uv_size": [6, 6]}
							}
						}
					]
				},
				{
					"name": "rope",
					"parent": "body",
					"pivot": [0, 23, 0],
					"cubes": [
						{
							"origin": [-0.01, 0, -3],
							"size": [0.01, 32, 6],
							"pivot": [0, 23, 0],
							"rotation": [0, -45, 0],
							"uv": {
								"north": {"uv": [21, 58], "uv_size": [6, 6]},
								"east": {"uv": [0, 32], "uv_size": [7, 32]},
								"south": {"uv": [21, 58], "uv_size": [6, 6]},
								"west": {"uv": [0, 0], "uv_size": [0, 0]},
								"up": {"uv": [22, 54], "uv_size": [-6, -6]},
								"down": {"uv": [26, 48], "uv_size": [6, 6]}
							}
						},
						{
							"origin": [-0.01, 0, -3],
							"size": [0.01, 32, 6],
							"pivot": [0, 23, 0],
							"rotation": [0, -135, 0],
							"uv": {
								"north": {"uv": [21, 58], "uv_size": [6, 6]},
								"east": {"uv": [0, 32], "uv_size": [7, 32]},
								"south": {"uv": [21, 58], "uv_size": [6, 6]},
								"west": {"uv": [0, 0], "uv_size": [0, 0]},
								"up": {"uv": [22, 54], "uv_size": [-6, -6]},
								"down": {"uv": [26, 48], "uv_size": [6, 6]}
							}
						}
					]
				}
			]
		}
	]
}