{
	"format_version": "1.12.0",
	"minecraft:geometry": [
		{
			"description": {
				"identifier": "geometry.birch_sapling_0",
				"texture_width": 32,
				"texture_height": 32,
				"visible_bounds_width": 2,
				"visible_bounds_height": 2,
				"visible_bounds_offset": [0, 1, 0]
			},
			"bones": [
				{
					"name": "body",
					"pivot": [0, 0, 0]
				},
				{
					"name": "pot",
					"parent": "body",
					"pivot": [8, 0, -8],
					"cubes": [
						{
							"origin": [0, 0, -6],
							"size": [6, 6, 6],
							"pivot": [0, 8, 0],
							"uv": {
								"north": {"uv": [16, 26], "uv_size": [6, 6]},
								"east": {"uv": [16, 26], "uv_size": [6, 6]},
								"south": {"uv": [16, 26], "uv_size": [6, 6]},
								"west": {"uv": [16, 26], "uv_size": [6, 6]},
								"up": {"uv": [22, 22], "uv_size": [-6, -6]},
								"down": {"uv": [22, 16], "uv_size": [6, 6]}
							}
						},
						{
							"origin": [-6, 0, 2],
							"size": [4, 4, 4],
							"pivot": [0, 8, 0],
							"uv": {
								"north": {"uv": [24, 28], "uv_size": [4, 4]},
								"east": {"uv": [24, 28], "uv_size": [4, 4]},
								"south": {"uv": [24, 28], "uv_size": [4, 4]},
								"west": {"uv": [24, 28], "uv_size": [4, 4]},
								"up": {"uv": [28, 28], "uv_size": [-4, -4]},
								"down": {"uv": [28, 24], "uv_size": [4, 4]}
							}
						}
					]
				},
				{
					"name": "plant2",
					"parent": "body",
					"pivot": [0, 8, 0],
					"cubes": [
						{
							"origin": [-7.6, 4, 4],
							"size": [7.2, 8, 0.01],
							"pivot": [-4, 7, 4],
							"rotation": [0, -22.5, 0],
							"uv": {
								"north": {"uv": [0, 16], "uv_size": [8, 8]}
							}
						},
						{
							"origin": [-4.01, 4, 0.4],
							"size": [0.01, 8, 7.2],
							"pivot": [-4, 8, 4],
							"rotation": [0, -22.5, 0],
							"uv": {
								"east": {"uv": [0, 16], "uv_size": [8, 8]}
							}
						}
					]
				},
				{
					"name": "plant1",
					"parent": "body",
					"pivot": [0, 8, 0],
					"cubes": [
						{
							"origin": [-4.4, -2, 1],
							"size": [16, 16, 0.01],
							"pivot": [3, 7, -3],
							"rotation": [22.5, 0, 0],
							"uv": {
								"south": {"uv": [16, 0], "uv_size": [16, 16]}
							}
						},
						{
							"origin": [-4.4, -2, 1],
							"size": [16, 16, 0.01],
							"pivot": [3, 7, -3],
							"rotation": [22.5, -90, 0],
							"uv": {
								"north": {"uv": [0, 0], "uv_size": [0, 0]},
								"east": {"uv": [0, 0], "uv_size": [0, 0]},
								"south": {"uv": [16, 0], "uv_size": [16, 16]},
								"west": {"uv": [0, 0], "uv_size": [0, 0]},
								"up": {"uv": [0, 0], "uv_size": [0, 0]},
								"down": {"uv": [0, 0], "uv_size": [0, 0]}
							}
						},
						{
							"origin": [-4.4, -2, 1],
							"size": [16, 16, 0.01],
							"pivot": [3, 7, -3],
							"rotation": [22.5, 180, 0],
							"uv": {
								"north": {"uv": [0, 0], "uv_size": [0, 0]},
								"east": {"uv": [0, 0], "uv_size": [0, 0]},
								"south": {"uv": [16, 0], "uv_size": [16, 16]},
								"west": {"uv": [0, 0], "uv_size": [0, 0]},
								"up": {"uv": [0, 0], "uv_size": [0, 0]},
								"down": {"uv": [0, 0], "uv_size": [0, 0]}
							}
						},
						{
							"origin": [-4.4, -2, 1],
							"size": [16, 16, 0.01],
							"pivot": [3, 7, -3],
							"rotation": [22.5, 90, 0],
							"uv": {
								"north": {"uv": [0, 0], "uv_size": [0, 0]},
								"east": {"uv": [0, 0], "uv_size": [0, 0]},
								"south": {"uv": [16, 0], "uv_size": [16, 16]},
								"west": {"uv": [0, 0], "uv_size": [0, 0]},
								"up": {"uv": [0, 0], "uv_size": [0, 0]},
								"down": {"uv": [0, 0], "uv_size": [0, 0]}
							}
						},
						{
							"origin": [2.99, 5, -13.2],
							"size": [0.01, 16, 20.4],
							"pivot": [3, 19, -3],
							"rotation": [0, -45, 0],
							"uv": {
								"east": {"uv": [0, 0], "uv_size": [16, 16]}
							}
						},
						{
							"origin": [-7.2, 5, -3],
							"size": [20.4, 16, 0.01],
							"pivot": [3, 19, -3],
							"rotation": [0, -45, 0],
							"uv": {
								"north": {"uv": [0, 0], "uv_size": [16, 16]}
							}
						}
					]
				}
			]
		}
	]
}