{
	"format_version": "1.12.0",
	"minecraft:geometry": [
		{
			"description": {
				"identifier": "geometry.birch_sapling_3",
				"texture_width": 32,
				"texture_height": 32,
				"visible_bounds_width": 2,
				"visible_bounds_height": 1,
				"visible_bounds_offset": [0, 0.5, 0]
			},
			"bones": [
				{
					"name": "body",
					"pivot": [0, 0, 0]
				},
				{
					"name": "plant",
					"parent": "body",
					"pivot": [0, 8, 0]
				},
				{
					"name": "group",
					"parent": "plant",
					"pivot": [0, 8, 0],
					"cubes": [
						{
							"origin": [-1, 4.5, -6],
							"size": [7, 0.01, 7],
							"pivot": [2.5, 4.5, -2.5],
							"rotation": [-45, 0, 0],
							"uv": {
								"up": {"uv": [16, 7], "uv_size": [-7, -7]}
							}
						},
						{
							"origin": [-1, 4.5, -6],
							"size": [7, 0.01, 7],
							"pivot": [2.5, 4.5, -2.5],
							"rotation": [-45, -90, 0],
							"uv": {
								"north": {"uv": [0, 0], "uv_size": [0, 0]},
								"east": {"uv": [0, 0], "uv_size": [0, 0]},
								"south": {"uv": [0, 0], "uv_size": [0, 0]},
								"west": {"uv": [0, 0], "uv_size": [0, 0]},
								"up": {"uv": [16, 7], "uv_size": [-7, -7]},
								"down": {"uv": [0, 0], "uv_size": [0, 0]}
							}
						},
						{
							"origin": [-1, 4.5, -6],
							"size": [7, 0.01, 7],
							"pivot": [2.5, 4.5, -2.5],
							"rotation": [-45, 180, 0],
							"uv": {
								"north": {"uv": [0, 0], "uv_size": [0, 0]},
								"east": {"uv": [0, 0], "uv_size": [0, 0]},
								"south": {"uv": [0, 0], "uv_size": [0, 0]},
								"west": {"uv": [0, 0], "uv_size": [0, 0]},
								"up": {"uv": [16, 7], "uv_size": [-7, -7]},
								"down": {"uv": [0, 0], "uv_size": [0, 0]}
							}
						},
						{
							"origin": [-1, 4.5, -6],
							"size": [7, 0.01, 7],
							"pivot": [2.5, 4.5, -2.5],
							"rotation": [-45, 90, 0],
							"uv": {
								"north": {"uv": [0, 0], "uv_size": [0, 0]},
								"east": {"uv": [0, 0], "uv_size": [0, 0]},
								"south": {"uv": [0, 0], "uv_size": [0, 0]},
								"west": {"uv": [0, 0], "uv_size": [0, 0]},
								"up": {"uv": [16, 7], "uv_size": [-7, -7]},
								"down": {"uv": [0, 0], "uv_size": [0, 0]}
							}
						}
					]
				},
				{
					"name": "group3",
					"parent": "plant",
					"pivot": [-2, 7.5, 6],
					"cubes": [
						{
							"origin": [-3, 4, 0],
							"size": [7, 0.01, 7],
							"pivot": [0.5, 4, 3.5],
							"rotation": [-45, 0, 0],
							"uv": {
								"north": {"uv": [0, 0], "uv_size": [0, 0]},
								"east": {"uv": [0, 0], "uv_size": [0, 0]},
								"south": {"uv": [0, 0], "uv_size": [0, 0]},
								"west": {"uv": [0, 0], "uv_size": [0, 0]},
								"up": {"uv": [16, 7], "uv_size": [-7, -7]},
								"down": {"uv": [0, 0], "uv_size": [0, 0]}
							}
						},
						{
							"origin": [-3, 4, 0],
							"size": [7, 0.01, 7],
							"pivot": [0.5, 4, 3.5],
							"rotation": [-45, -90, 0],
							"uv": {
								"north": {"uv": [0, 0], "uv_size": [0, 0]},
								"east": {"uv": [0, 0], "uv_size": [0, 0]},
								"south": {"uv": [0, 0], "uv_size": [0, 0]},
								"west": {"uv": [0, 0], "uv_size": [0, 0]},
								"up": {"uv": [16, 7], "uv_size": [-7, -7]},
								"down": {"uv": [0, 0], "uv_size": [0, 0]}
							}
						},
						{
							"origin": [-3, 4, 0],
							"size": [7, 0.01, 7],
							"pivot": [0.5, 4, 3.5],
							"rotation": [-45, 180, 0],
							"uv": {
								"north": {"uv": [0, 0], "uv_size": [0, 0]},
								"east": {"uv": [0, 0], "uv_size": [0, 0]},
								"south": {"uv": [0, 0], "uv_size": [0, 0]},
								"west": {"uv": [0, 0], "uv_size": [0, 0]},
								"up": {"uv": [16, 7], "uv_size": [-7, -7]},
								"down": {"uv": [0, 0], "uv_size": [0, 0]}
							}
						},
						{
							"origin": [-3, 4, 0],
							"size": [7, 0.01, 7],
							"pivot": [0.5, 4, 3.5],
							"rotation": [-45, 90, 0],
							"uv": {
								"north": {"uv": [0, 0], "uv_size": [0, 0]},
								"east": {"uv": [0, 0], "uv_size": [0, 0]},
								"south": {"uv": [0, 0], "uv_size": [0, 0]},
								"west": {"uv": [0, 0], "uv_size": [0, 0]},
								"up": {"uv": [16, 7], "uv_size": [-7, -7]},
								"down": {"uv": [0, 0], "uv_size": [0, 0]}
							}
						}
					]
				},
				{
					"name": "group2",
					"parent": "plant",
					"pivot": [-5, 9, 2.5],
					"cubes": [
						{
							"origin": [-6, 5.5, -3.5],
							"size": [7, 0.01, 7],
							"pivot": [-2.5, 5.5, 0],
							"rotation": [-45, 0, 0],
							"uv": {
								"north": {"uv": [0, 0], "uv_size": [0, 0]},
								"east": {"uv": [0, 0], "uv_size": [0, 0]},
								"south": {"uv": [0, 0], "uv_size": [0, 0]},
								"west": {"uv": [0, 0], "uv_size": [0, 0]},
								"up": {"uv": [16, 7], "uv_size": [-7, -7]},
								"down": {"uv": [0, 0], "uv_size": [0, 0]}
							}
						},
						{
							"origin": [-6, 5.5, -3.5],
							"size": [7, 0.01, 7],
							"pivot": [-2.5, 5.5, 0],
							"rotation": [-45, -90, 0],
							"uv": {
								"north": {"uv": [0, 0], "uv_size": [0, 0]},
								"east": {"uv": [0, 0], "uv_size": [0, 0]},
								"south": {"uv": [0, 0], "uv_size": [0, 0]},
								"west": {"uv": [0, 0], "uv_size": [0, 0]},
								"up": {"uv": [16, 7], "uv_size": [-7, -7]},
								"down": {"uv": [0, 0], "uv_size": [0, 0]}
							}
						},
						{
							"origin": [-6, 5.5, -3.5],
							"size": [7, 0.01, 7],
							"pivot": [-2.5, 5.5, 0],
							"rotation": [-45, 180, 0],
							"uv": {
								"north": {"uv": [0, 0], "uv_size": [0, 0]},
								"east": {"uv": [0, 0], "uv_size": [0, 0]},
								"south": {"uv": [0, 0], "uv_size": [0, 0]},
								"west": {"uv": [0, 0], "uv_size": [0, 0]},
								"up": {"uv": [16, 7], "uv_size": [-7, -7]},
								"down": {"uv": [0, 0], "uv_size": [0, 0]}
							}
						},
						{
							"origin": [-6, 5.5, -3.5],
							"size": [7, 0.01, 7],
							"pivot": [-2.5, 5.5, 0],
							"rotation": [-45, 90, 0],
							"uv": {
								"north": {"uv": [0, 0], "uv_size": [0, 0]},
								"east": {"uv": [0, 0], "uv_size": [0, 0]},
								"south": {"uv": [0, 0], "uv_size": [0, 0]},
								"west": {"uv": [0, 0], "uv_size": [0, 0]},
								"up": {"uv": [16, 7], "uv_size": [-7, -7]},
								"down": {"uv": [0, 0], "uv_size": [0, 0]}
							}
						}
					]
				},
				{
					"name": "flower_pot",
					"parent": "body",
					"pivot": [0, 8, 0],
					"cubes": [
						{
							"origin": [-4, 0, -4],
							"size": [8, 3, 8],
							"pivot": [0, 8, 0],
							"uv": {
								"north": {"uv": [4, 27], "uv_size": [8, 5]},
								"east": {"uv": [4, 27], "uv_size": [8, 5]},
								"south": {"uv": [4, 27], "uv_size": [8, 5]},
								"west": {"uv": [4, 27], "uv_size": [8, 5]},
								"up": {"uv": [8, 24], "uv_size": [-8, -8]},
								"down": {"uv": [8, 16], "uv_size": [8, 8]}
							}
						},
						{
							"origin": [5, 1.5, -1],
							"size": [1, 1, 2],
							"pivot": [4, 2, 0],
							"rotation": [0, 0, -22.5],
							"uv": {
								"north": {"uv": [1, 31], "uv_size": [1, 1]},
								"east": {"uv": [1, 31], "uv_size": [2, 1]},
								"south": {"uv": [2, 31], "uv_size": [1, 1]},
								"west": {"uv": [1, 31], "uv_size": [2, 1]},
								"up": {"uv": [3, 32], "uv_size": [-2, -1]},
								"down": {"uv": [1, 31], "uv_size": [2, 1]}
							}
						},
						{
							"origin": [-6, 2, 0],
							"size": [4, 0.01, 2],
							"pivot": [-4, 2, 0],
							"rotation": [22.5, -90, 0],
							"uv": {
								"up": {"uv": [4, 32], "uv_size": [-4, -2]}
							}
						},
						{
							"origin": [-6, -1.06147, 7.39104],
							"size": [4, 0.01, 2],
							"pivot": [-4, 2, 0],
							"rotation": [22.5, 90, 0],
							"uv": {
								"north": {"uv": [0, 0], "uv_size": [0, 0]},
								"east": {"uv": [0, 0], "uv_size": [0, 0]},
								"south": {"uv": [0, 0], "uv_size": [0, 0]},
								"west": {"uv": [0, 0], "uv_size": [0, 0]},
								"up": {"uv": [4, 32], "uv_size": [-4, -2]},
								"down": {"uv": [0, 0], "uv_size": [0, 0]}
							}
						},
						{
							"origin": [-6, 1.5, -1],
							"size": [1, 1, 2],
							"pivot": [-4, 2, 0],
							"rotation": [0, 0, 22.5],
							"uv": {
								"north": {"uv": [1, 31], "uv_size": [1, 1]},
								"east": {"uv": [1, 31], "uv_size": [2, 1]},
								"south": {"uv": [1, 31], "uv_size": [1, 1]},
								"west": {"uv": [1, 31], "uv_size": [2, 1]},
								"up": {"uv": [3, 32], "uv_size": [-2, -1]},
								"down": {"uv": [1, 31], "uv_size": [2, 1]}
							}
						}
					]
				}
			]
		}
	]
}