{
	"format_version": "1.12.0",
	"minecraft:geometry": [
		{
			"description": {
				"identifier": "geometry.blaze_powder_0",
				"texture_width": 16,
				"texture_height": 16,
				"visible_bounds_width": 2,
				"visible_bounds_height": 1,
				"visible_bounds_offset": [0, 0.5, 0]
			},
			"bones": [
				{
					"name": "body",
					"pivot": [0, 0, 0],
					"cubes": [
						{
							"origin": [-7, 0, -2.5],
							"size": [7, 5, 8],
							"uv": {
								"north": {"uv": [0, 9], "uv_size": [5, 7]},
								"east": {"uv": [8, 11], "uv_size": [8, 5]},
								"south": {"uv": [3, 9], "uv_size": [5, 7]},
								"west": {"uv": [8, 6], "uv_size": [8, 5]},
								"up": {"uv": [8, 16], "uv_size": [-8, -7]},
								"down": {"uv": [0, 9], "uv_size": [8, 7]}
							}
						},
						{
							"origin": [-2, 0, -3],
							"size": [3, 5.5, 1],
							"uv": {
								"north": {"uv": [1, 8], "uv_size": [5, 3]},
								"east": {"uv": [15, 11], "uv_size": [1, 5]},
								"south": {"uv": [1, 8], "uv_size": [5, 3]},
								"west": {"uv": [8, 11], "uv_size": [1, 5]},
								"up": {"uv": [8, 11], "uv_size": [-1, -3]},
								"down": {"uv": [0, 8], "uv_size": [1, 3]}
							}
						},
						{
							"origin": [-2, 0, 5],
							"size": [3, 5.5, 1],
							"uv": {
								"north": {"uv": [1, 8], "uv_size": [5, 3]},
								"east": {"uv": [9, 11], "uv_size": [1, 5]},
								"south": {"uv": [1, 8], "uv_size": [5, 3]},
								"west": {"uv": [15, 11], "uv_size": [1, 5]},
								"up": {"uv": [1, 11], "uv_size": [-1, -3]},
								"down": {"uv": [7, 8], "uv_size": [1, 3]}
							}
						},
						{
							"origin": [-2, 4.5, -2],
							"size": [3, 1, 7],
							"uv": {
								"east": {"uv": [10, 11], "uv_size": [5, 1]},
								"west": {"uv": [9, 11], "uv_size": [6, 1]},
								"up": {"uv": [7, 11], "uv_size": [-6, -3]},
								"down": {"uv": [1, 8], "uv_size": [6, 3]}
							}
						},
						{
							"origin": [-2, -0.01, -2],
							"size": [3, 1, 7],
							"uv": {
								"east": {"uv": [0, 0], "uv_size": [5.5, 1]},
								"west": {"uv": [9, 15], "uv_size": [6, 1]},
								"up": {"uv": [7, 11], "uv_size": [-6, -3]},
								"down": {"uv": [1, 8], "uv_size": [6, 3]}
							}
						},
						{
							"origin": [-0.5, 1, -0.5],
							"size": [4, 1, 4],
							"uv": {
								"north": {"uv": [11, 5], "uv_size": [4, 1]},
								"east": {"uv": [11, 5], "uv_size": [4, 1]},
								"south": {"uv": [11, 5], "uv_size": [4, 1]},
								"west": {"uv": [11, 5], "uv_size": [4, 1]},
								"up": {"uv": [14, 5], "uv_size": [-4, -4]}
							}
						},
						{
							"origin": [-0.5, 0.01, -1.5],
							"size": [6, 1.01, 6],
							"uv": {
								"north": {"uv": [10, 5], "uv_size": [6, 1]},
								"east": {"uv": [10, 5], "uv_size": [6, 1]},
								"south": {"uv": [10, 5], "uv_size": [6, 1]},
								"west": {"uv": [10, 5], "uv_size": [6, 1]},
								"up": {"uv": [16, 6], "uv_size": [-6, -6]},
								"down": {"uv": [10, 0], "uv_size": [6, 6]}
							}
						},
						{
							"origin": [2.5, 0, -2.5],
							"size": [4, 1, 4],
							"uv": {
								"north": {"uv": [11, 5], "uv_size": [4, 1]},
								"east": {"uv": [11, 5], "uv_size": [4, 1]},
								"south": {"uv": [11, 5], "uv_size": [4, 1]},
								"west": {"uv": [11, 5], "uv_size": [4, 1]},
								"up": {"uv": [15, 5], "uv_size": [-4, -4]},
								"down": {"uv": [11, 1], "uv_size": [4, 4]}
							}
						},
						{
							"origin": [-3, 0.01, -7.5],
							"size": [7, 0.01, 5],
							"uv": {
								"up": {"uv": [7, 6], "uv_size": [-6, -5]},
								"down": {"uv": [1, 6], "uv_size": [6, -5]}
							}
						}
					]
				}
			]
		}
	]
}