{
	"format_version": "1.10.0",
	"geometry.book_6": {
		"texturewidth": 80,
		"textureheight": 80,
		"visible_bounds_width": 2,
		"visible_bounds_height": 1,
		"visible_bounds_offset": [0, 0, 0],
		"bones": [
			{
				"name": "body",
				"pivot": [0, 0, 0]
			},
			{
				"name": "bone",
				"parent": "body",
				"pivot": [0, 5, 6],
				"rotation": [67.5, 0, 0],
				"cubes": [
					{"origin": [-7, 5, 1], "size": [7, 1, 10], "uv": [0, 0]},
					{"origin": [0.5, 5, 1], "size": [7, 1, 10], "uv": [34, 0]},
					{"origin": [0, 6, 1], "size": [7, 1, 10], "uv": [0, 11]}
				]
			}
		]
	}
}