{
	"format_version": "1.10.0",
	"geometry.book_0": {
		"texturewidth": 48,
		"textureheight": 48,
		"visible_bounds_width": 1,
		"visible_bounds_height": 1,
		"visible_bounds_offset": [0, 0.5, 0],
		"bones": [
			{
				"name": "body",
				"pivot": [0, 0, 0],
				"cubes": [
					{"origin": [-3, 0, -5], "size": [7, 3, 10], "uv": [0, 0]}
				]
			}
		]
	},
	"geometry.book_1": {
		"texturewidth": 80,
		"textureheight": 80,
		"visible_bounds_width": 1,
		"visible_bounds_height": 1,
		"visible_bounds_offset": [0, 0.5, 0],
		"bones": [
			{
				"name": "body",
				"pivot": [0, 0, 0],
				"cubes": [
					{"origin": [-7, 0, -5], "size": [7, 1, 10], "uv": [0, 0]},
					{"origin": [0.5, 0, -5], "size": [7, 1, 10], "uv": [34, 0]},
					{"origin": [0, 1, -5], "size": [7, 1, 10], "uv": [0, 11]}
				]
			}
		]
	},
	"geometry.book_2": {
		"texturewidth": 80,
		"textureheight": 80,
		"visible_bounds_width": 1,
		"visible_bounds_height": 1,
		"visible_bounds_offset": [0, 0.5, 0],
		"bones": [
			{
				"name": "body",
				"pivot": [0, 0, 0],
				"cubes": [
					{"origin": [-3, 0, -5], "size": [7, 3, 10], "uv": [0, 0]},
					{"origin": [-4, 3, -5], "size": [7, 3, 10], "uv": [0, 13]},
					{"origin": [-3, 6, -5], "size": [7, 3, 10], "uv": [34, 0]}
				]
			}
		]
	},
	"geometry.book_3": {
		"texturewidth": 64,
		"textureheight": 64,
		"visible_bounds_width": 1,
		"visible_bounds_height": 1,
		"visible_bounds_offset": [0, 0.5, 0],
		"bones": [
			{
				"name": "body",
				"pivot": [0, 0, 0],
				"cubes": [
					{"origin": [-4.5, 0, -1], "size": [3, 10, 7], "uv": [0, 34]},
					{"origin": [4.5, 0, -1], "size": [3, 10, 7], "uv": [0, 0]},
					{"origin": [-1.5, 0, -1], "size": [3, 10, 7], "uv": [0, 0]},
					{"origin": [1.5, 0, 0], "size": [3, 10, 7], "uv": [0, 17]},
					{"origin": [-7.5, 0, -0.5], "size": [3, 10, 7], "uv": [0, 17]}
				]
			}
		]
	}
}