{
	"format_version": "1.10.0",
	"geometry.bowl_0": {
		"texturewidth": 64,
		"textureheight": 64,
		"visible_bounds_width": 1,
		"visible_bounds_height": 1,
		"visible_bounds_offset": [0, 0.5, 0],
		"bones": [
			{
				"name": "body",
				"pivot": [0, 0, 0],
				"cubes": [
					{"origin": [-3, 0, -3], "size": [6, 1, 6], "uv": [26, 14]},
					{"origin": [-4.5, 1, -4.5], "size": [9, 1, 9], "uv": [0, 0]},
					{"origin": [-3.5, 2, -5.5], "size": [7, 3, 2], "uv": [0, 28]},
					{"origin": [-3.5, 2, 3.5], "size": [7, 3, 2], "uv": [18, 28]},
					{"origin": [3.5, 2, -5.5], "size": [2, 3, 11], "uv": [36, 0]},
					{"origin": [-5.5, 2, -5.5], "size": [2, 3, 11], "uv": [0, 14]}
				]
			}
		]
	},
	"geometry.bowl_2": {
		"texturewidth": 64,
		"textureheight": 64,
		"visible_bounds_width": 1,
		"visible_bounds_height": 1,
		"visible_bounds_offset": [0, 0.5, 0],
		"bones": [
			{
				"name": "body",
				"pivot": [0, 0, 0]
			},
			{
				"name": "bone",
				"parent": "body",
				"pivot": [0, 0, 0],
				"cubes": [
					{"origin": [-3, 0, -3], "size": [6, 1, 6], "uv": [26, 14]},
					{"origin": [-4.5, 1, -4.5], "size": [9, 1, 9], "uv": [0, 0]},
					{"origin": [-3.5, 2, -5.5], "size": [7, 3, 2], "uv": [0, 28]},
					{"origin": [-3.5, 2, 3.5], "size": [7, 3, 2], "uv": [18, 28]},
					{"origin": [3.5, 2, -5.5], "size": [2, 3, 11], "uv": [36, 0]},
					{"origin": [-5.5, 2, -5.5], "size": [2, 3, 11], "uv": [0, 14]}
				]
			},
			{
				"name": "bone",
				"parent": "body",
				"pivot": [0, 0, 0],
				"cubes": [
					{"origin": [-3, 4, -3], "size": [6, 1, 6], "uv": [26, 14]},
					{"origin": [-4.5, 5, -4.5], "size": [9, 1, 9], "uv": [0, 0]},
					{"origin": [-3.5, 6, -5.5], "size": [7, 3, 2], "uv": [0, 28]},
					{"origin": [-3.5, 6, 3.5], "size": [7, 3, 2], "uv": [18, 28]},
					{"origin": [3.5, 6, -5.5], "size": [2, 3, 11], "uv": [36, 0]},
					{"origin": [-5.5, 6, -5.5], "size": [2, 3, 11], "uv": [0, 14]}
				]
			},
			{
				"name": "bone",
				"parent": "body",
				"pivot": [0, 0, 0],
				"cubes": [
					{"origin": [-3, 8, -3], "size": [6, 1, 6], "uv": [26, 14]},
					{"origin": [-4.5, 9, -4.5], "size": [9, 1, 9], "uv": [0, 0]},
					{"origin": [-3.5, 10, -5.5], "size": [7, 3, 2], "uv": [0, 28]},
					{"origin": [-3.5, 10, 3.5], "size": [7, 3, 2], "uv": [18, 28]},
					{"origin": [3.5, 10, -5.5], "size": [2, 3, 11], "uv": [36, 0]},
					{"origin": [-5.5, 10, -5.5], "size": [2, 3, 11], "uv": [0, 14]}
				]
			}
		]
	},
	"geometry.bowl_3": {
		"texturewidth": 80,
		"textureheight": 80,
		"visible_bounds_width": 1,
		"visible_bounds_height": 1,
		"visible_bounds_offset": [0, 0.5, 0],
		"bones": [
			{
				"name": "body",
				"pivot": [0, 0, 0],
				"cubes": [
					{"origin": [-5, 0, -5], "size": [10, 1, 10], "uv": [0, 0]},
					{"origin": [-5, 0.5, -7], "size": [10, 1, 2], "uv": [32, 15]},
					{"origin": [-5, 0.5, 5], "size": [10, 1, 2], "uv": [0, 30]},
					{"origin": [5, 0.5, -7], "size": [2, 1, 14], "uv": [40, 0]},
					{"origin": [-7, 0.5, -7], "size": [2, 1, 14], "uv": [0, 15]}
				]
			}
		]
	},
	"geometry.bowl_4": {
		"texturewidth": 80,
		"textureheight": 80,
		"visible_bounds_width": 1,
		"visible_bounds_height": 1,
		"visible_bounds_offset": [0, 0.5, 0],
		"bones": [
			{
				"name": "body",
				"pivot": [0, 0, 0]
			},
			{
				"name": "group",
				"parent": "body",
				"pivot": [-8, 8, 8],
				"cubes": [
					{"origin": [-5, 0, -5], "size": [10, 1, 10], "uv": [0, 0]},
					{"origin": [-5, 0.5, -7], "size": [10, 1, 2], "uv": [32, 15]},
					{"origin": [-5, 0.5, 5], "size": [10, 1, 2], "uv": [0, 30]},
					{"origin": [5, 0.5, -7], "size": [2, 1, 14], "uv": [40, 0]},
					{"origin": [-7, 0.5, -7], "size": [2, 1, 14], "uv": [0, 15]}
				]
			},
			{
				"name": "group",
				"parent": "body",
				"pivot": [-8, 8, 8],
				"cubes": [
					{"origin": [-5, 2, -5], "size": [10, 1, 10], "uv": [0, 0]},
					{"origin": [-5, 2.5, -7], "size": [10, 1, 2], "uv": [32, 15]},
					{"origin": [-5, 2.5, 5], "size": [10, 1, 2], "uv": [0, 30]},
					{"origin": [5, 2.5, -7], "size": [2, 1, 14], "uv": [40, 0]},
					{"origin": [-7, 2.5, -7], "size": [2, 1, 14], "uv": [0, 15]}
				]
			},
			{
				"name": "group",
				"parent": "body",
				"pivot": [-8, 8, 8],
				"cubes": [
					{"origin": [-5, 4, -5], "size": [10, 1, 10], "uv": [0, 0]},
					{"origin": [-5, 4.5, -7], "size": [10, 1, 2], "uv": [32, 15]},
					{"origin": [-5, 4.5, 5], "size": [10, 1, 2], "uv": [0, 30]},
					{"origin": [5, 4.5, -7], "size": [2, 1, 14], "uv": [40, 0]},
					{"origin": [-7, 4.5, -7], "size": [2, 1, 14], "uv": [0, 15]}
				]
			}
		]
	}
}