{
	"format_version": "1.12.0",
	"minecraft:geometry": [
		{
			"description": {
				"identifier": "geometry.bread_4",
				"texture_width": 64,
				"texture_height": 64,
				"visible_bounds_width": 2,
				"visible_bounds_height": 1,
				"visible_bounds_offset": [0, 0.5, 0]
			},
			"bones": [
				{
					"name": "body",
					"pivot": [0, 0, 0]
				},
				{
					"name": "basket",
					"parent": "body",
					"pivot": [0, 0, 0],
					"cubes": [
						{
							"origin": [-5, 0, -5],
							"size": [10, 1, 10],
							"uv": {
								"up": {"uv": [13, 50], "uv_size": [-10, -10]},
								"down": {"uv": [3, 40], "uv_size": [10, 10]}
							}
						},
						{
							"origin": [-5, 0, 5],
							"size": [10, 10, 1],
							"uv": {
								"north": {"uv": [3, 54], "uv_size": [10, 10]},
								"south": {"uv": [3, 54], "uv_size": [10, 10]},
								"up": {"uv": [29, 40], "uv_size": [-10, -1]},
								"down": {"uv": [3, 50], "uv_size": [10, 1]}
							}
						},
						{
							"origin": [-5, 0, -6],
							"size": [10, 10, 1],
							"uv": {
								"north": {"uv": [3, 54], "uv_size": [10, 10]},
								"south": {"uv": [3, 54], "uv_size": [10, 10]},
								"up": {"uv": [29, 51], "uv_size": [-10, -1]},
								"down": {"uv": [3, 50], "uv_size": [10, 1]}
							}
						},
						{
							"origin": [-6, 0, -6],
							"size": [1, 10, 12],
							"uv": {
								"north": {"uv": [2, 54], "uv_size": [1, 10]},
								"east": {"uv": [18, 54], "uv_size": [12, 10]},
								"south": {"uv": [13, 54], "uv_size": [1, 10]},
								"west": {"uv": [18, 54], "uv_size": [12, 10]},
								"up": {"uv": [19, 51], "uv_size": [-1, -12]},
								"down": {"uv": [2, 38], "uv_size": [1, 12]}
							}
						},
						{
							"origin": [5, 0, -6],
							"size": [1, 10, 12],
							"uv": {
								"north": {"uv": [2, 54], "uv_size": [1, 10]},
								"east": {"uv": [18, 54], "uv_size": [12, 10]},
								"south": {"uv": [13, 54], "uv_size": [1, 10]},
								"west": {"uv": [18, 54], "uv_size": [12, 10]},
								"up": {"uv": [30, 51], "uv_size": [-1, -12]},
								"down": {"uv": [13, 39], "uv_size": [1, 12]}
							}
						}
					]
				},
				{
					"name": "bread",
					"parent": "body",
					"pivot": [3, 12, 0],
					"rotation": [-22.5, 0, 0],
					"cubes": [
						{
							"origin": [-1, 1, 2],
							"size": [4, 15, 3],
							"uv": {
								"north": {"uv": [0, 0], "uv_size": [4, 15]},
								"east": {"uv": [12, 0], "uv_size": [-3, 15]},
								"south": {"uv": [7, 0], "uv_size": [4, 15]},
								"west": {"uv": [4, 0], "uv_size": [3, 15]},
								"up": {"uv": [15, 3], "uv_size": [-4, -3]}
							}
						},
						{
							"origin": [-5, 1, 0],
							"size": [4, 15, 3],
							"uv": {
								"north": {"uv": [0, 0], "uv_size": [4, 15]},
								"east": {"uv": [12, 0], "uv_size": [-7, 15]},
								"south": {"uv": [7, 0], "uv_size": [4, 15]},
								"west": {"uv": [4, 0], "uv_size": [3, 15]},
								"up": {"uv": [15, 3], "uv_size": [-4, -3]}
							}
						},
						{
							"origin": [1, 1, -1.5],
							"size": [4, 15, 3],
							"uv": {
								"north": {"uv": [0, 0], "uv_size": [4, 15]},
								"east": {"uv": [12, 0], "uv_size": [-3, 15]},
								"south": {"uv": [7, 0], "uv_size": [4, 15]},
								"west": {"uv": [4, 0], "uv_size": [3, 15]},
								"up": {"uv": [15, 3], "uv_size": [-4, -3]}
							}
						}
					]
				}
			]
		}
	]
}