{
	"format_version": "1.12.0",
	"minecraft:geometry": [
		{
			"description": {
				"identifier": "geometry.bread_3",
				"texture_width": 64,
				"texture_height": 64,
				"visible_bounds_width": 2,
				"visible_bounds_height": 1,
				"visible_bounds_offset": [0, 0.5, 0]
			},
			"bones": [
				{
					"name": "body",
					"pivot": [0, 0, 0]
				},
				{
					"name": "basket",
					"parent": "body",
					"pivot": [0, 0, 0],
					"cubes": [
						{
							"origin": [-7, 0, -7],
							"size": [14, 1, 14],
							"uv": {
								"up": {"uv": [15, 54], "uv_size": [-14, -14]},
								"down": {"uv": [1, 41], "uv_size": [14, 14]}
							}
						},
						{
							"origin": [-7, 0, 7],
							"size": [14, 8, 1],
							"uv": {
								"north": {"uv": [17, 56], "uv_size": [14, 8]},
								"south": {"uv": [17, 56], "uv_size": [14, 8]},
								"up": {"uv": [31, 41], "uv_size": [-14, -1]},
								"down": {"uv": [1, 55], "uv_size": [14, 1]}
							}
						},
						{
							"origin": [-7, 0, -8],
							"size": [14, 8, 1],
							"uv": {
								"north": {"uv": [17, 56], "uv_size": [14, 8]},
								"south": {"uv": [34, 48], "uv_size": [28, 16]},
								"up": {"uv": [31, 56], "uv_size": [-14, -1]},
								"down": {"uv": [2, 40], "uv_size": [14, 1]}
							}
						},
						{
							"origin": [-8, 0, -8],
							"size": [1, 8, 16],
							"uv": {
								"north": {"uv": [16, 56], "uv_size": [1, 8]},
								"east": {"uv": [0, 56], "uv_size": [16, 8]},
								"south": {"uv": [62, 48], "uv_size": [2, 16]},
								"west": {"uv": [0, 56], "uv_size": [16, 8]},
								"up": {"uv": [17, 56], "uv_size": [-1, -16]},
								"down": {"uv": [0, 40], "uv_size": [1, 16]}
							}
						},
						{
							"origin": [7, 0, -8],
							"size": [1, 8, 16],
							"uv": {
								"north": {"uv": [31, 56], "uv_size": [1, 8]},
								"east": {"uv": [0, 56], "uv_size": [16, 8]},
								"south": {"uv": [16, 56], "uv_size": [1, 8]},
								"west": {"uv": [0, 56], "uv_size": [16, 8]},
								"up": {"uv": [32, 56], "uv_size": [-1, -16]},
								"down": {"uv": [15, 40], "uv_size": [1, 16]}
							}
						}
					]
				},
				{
					"name": "bread",
					"parent": "body",
					"pivot": [0, 0, -7],
					"rotation": [-45, 0, 0],
					"cubes": [
						{
							"origin": [-5, 2.5, -10],
							"size": [6, 9, 3],
							"uv": {
								"north": {"uv": [2, 0], "uv_size": [6, 9]},
								"east": {"uv": [0, 12], "uv_size": [9, 3]},
								"south": {"uv": [9, 14], "uv_size": [1, 1]},
								"west": {"uv": [1, 12], "uv_size": [9, 3]},
								"up": {"uv": [8, 15], "uv_size": [-6, -3]},
								"down": {"uv": [2, 12], "uv_size": [6, 3]}
							}
						},
						{
							"origin": [-7, 4.5, -10.01],
							"size": [10, 5, 3],
							"uv": {
								"north": {"uv": [0, 2], "uv_size": [10, 5]},
								"east": {"uv": [2, 12], "uv_size": [5, 3]},
								"south": {"uv": [9, 14], "uv_size": [1, 1]},
								"west": {"uv": [3, 12], "uv_size": [5, 3]},
								"up": {"uv": [10, 15], "uv_size": [-10, -3]},
								"down": {"uv": [0, 12], "uv_size": [10, 3]}
							}
						},
						{
							"origin": [-6, 3.5, -11.02],
							"size": [8, 7, 4],
							"uv": {
								"north": {"uv": [1, 1], "uv_size": [8, 7]},
								"east": {"uv": [1, 11], "uv_size": [7, 4]},
								"south": {"uv": [9, 14], "uv_size": [1, 1]},
								"west": {"uv": [2, 11], "uv_size": [7, 4]},
								"up": {"uv": [9, 15], "uv_size": [-8, -4]},
								"down": {"uv": [1, 11], "uv_size": [8, 4]}
							}
						}
					]
				},
				{
					"name": "bread2",
					"parent": "body",
					"pivot": [0, -1, -7],
					"rotation": [-45, 0, 0],
					"cubes": [
						{
							"origin": [-1, 5.5, -6],
							"size": [6, 9, 3],
							"uv": {
								"north": {"uv": [2, 0], "uv_size": [6, 9]},
								"east": {"uv": [0, 12], "uv_size": [9, 3]},
								"south": {"uv": [9, 14], "uv_size": [1, 1]},
								"west": {"uv": [1, 12], "uv_size": [9, 3]},
								"up": {"uv": [8, 15], "uv_size": [-6, -3]},
								"down": {"uv": [2, 12], "uv_size": [6, 3]}
							}
						},
						{
							"origin": [-3, 7.5, -6.01],
							"size": [10, 5, 3],
							"uv": {
								"north": {"uv": [0, 2], "uv_size": [10, 5]},
								"east": {"uv": [2, 12], "uv_size": [5, 3]},
								"south": {"uv": [9, 14], "uv_size": [1, 1]},
								"west": {"uv": [3, 12], "uv_size": [5, 3]},
								"up": {"uv": [10, 15], "uv_size": [-10, -3]},
								"down": {"uv": [0, 12], "uv_size": [10, 3]}
							}
						},
						{
							"origin": [-2, 6.5, -7.02],
							"size": [8, 7, 4],
							"uv": {
								"north": {"uv": [1, 1], "uv_size": [8, 7]},
								"east": {"uv": [1, 11], "uv_size": [7, 4]},
								"south": {"uv": [9, 14], "uv_size": [1, 1]},
								"west": {"uv": [2, 11], "uv_size": [7, 4]},
								"up": {"uv": [9, 15], "uv_size": [-8, -4]},
								"down": {"uv": [1, 11], "uv_size": [8, 4]}
							}
						}
					]
				}
			]
		}
	]
}