{
	"format_version": "1.12.0",
	"minecraft:geometry": [
		{
			"description": {
				"identifier": "geometry.brewing_stand_1",
				"texture_width": 16,
				"texture_height": 16,
				"visible_bounds_width": 2,
				"visible_bounds_height": 1,
				"visible_bounds_offset": [0, 0.5, 0]
			},
			"bones": [
				{
					"name": "body",
					"pivot": [0, 0, 0],
					"cubes": [
						{
							"origin": [-3.5, 0, -4.5],
							"size": [8, 1, 8],
							"uv": {
								"north": {"uv": [0, 8], "uv_size": [8, 1]},
								"east": {"uv": [0, 8], "uv_size": [8, 1]},
								"south": {"uv": [0, 8], "uv_size": [8, 1]},
								"west": {"uv": [0, 8], "uv_size": [8, 1]},
								"up": {"uv": [8, 8], "uv_size": [-8, -8]},
								"down": {"uv": [0, 8], "uv_size": [1, 1]}
							}
						},
						{
							"origin": [-3, 1, -4],
							"size": [7, 5, 7],
							"uv": {
								"north": {"uv": [0, 11], "uv_size": [7, 5]},
								"east": {"uv": [7, 11], "uv_size": [7, 5]},
								"south": {"uv": [7, 11], "uv_size": [7, 5]},
								"west": {"uv": [7, 11], "uv_size": [7, 5]}
							}
						},
						{
							"origin": [-3.5, 6, -4.5],
							"size": [8, 1, 8],
							"uv": {
								"north": {"uv": [0, 8], "uv_size": [8, 1]},
								"east": {"uv": [0, 8], "uv_size": [8, 1]},
								"south": {"uv": [0, 8], "uv_size": [8, 1]},
								"west": {"uv": [0, 8], "uv_size": [8, 1]},
								"up": {"uv": [8, 8], "uv_size": [-8, -8]},
								"down": {"uv": [0, 0], "uv_size": [8, 8]}
							}
						},
						{
							"origin": [-1, 7, -2],
							"size": [3, 1, 3],
							"uv": {
								"north": {"uv": [9, 8], "uv_size": [3, 1]},
								"east": {"uv": [9, 8], "uv_size": [3, 1]},
								"south": {"uv": [9, 8], "uv_size": [3, 1]},
								"west": {"uv": [9, 8], "uv_size": [3, 1]}
							}
						},
						{
							"origin": [-1.5, 8, -2.5],
							"size": [4, 1, 4],
							"uv": {
								"north": {"uv": [9, 7], "uv_size": [4, 1]},
								"east": {"uv": [9, 7], "uv_size": [4, 1]},
								"south": {"uv": [9, 7], "uv_size": [4, 1]},
								"west": {"uv": [9, 7], "uv_size": [4, 1]},
								"down": {"uv": [9, 1], "uv_size": [4, 4]}
							}
						},
						{
							"origin": [-2.5, 9, -3.5],
							"size": [6, 1, 6],
							"uv": {
								"north": {"uv": [8, 6], "uv_size": [6, 1]},
								"east": {"uv": [8, 6], "uv_size": [6, 1]},
								"south": {"uv": [8, 6], "uv_size": [6, 1]},
								"west": {"uv": [8, 6], "uv_size": [6, 1]},
								"up": {"uv": [14, 6], "uv_size": [-6, -6]},
								"down": {"uv": [8, 0], "uv_size": [6, 6]}
							}
						},
						{
							"origin": [0, 10, -1],
							"size": [1, 3, 1],
							"uv": {
								"north": {"uv": [15, 1], "uv_size": [1, 3]},
								"east": {"uv": [15, 1], "uv_size": [1, 3]},
								"south": {"uv": [15, 1], "uv_size": [1, 3]},
								"west": {"uv": [15, 1], "uv_size": [1, 3]},
								"up": {"uv": [16, 2], "uv_size": [-1, -1]}
							}
						},
						{
							"origin": [-3, 12, -1],
							"size": [3, 0, 1],
							"uv": {
								"up": {"uv": [16, 10], "uv_size": [-3, -1]},
								"down": {"uv": [13, 9], "uv_size": [3, 1]}
							}
						},
						{
							"origin": [-4, 12, -1],
							"size": [1, 1, 1],
							"uv": {
								"north": {"uv": [4, 13], "uv_size": [1, 1]},
								"east": {"uv": [4, 13], "uv_size": [1, 1]},
								"south": {"uv": [4, 13], "uv_size": [1, 1]},
								"west": {"uv": [4, 13], "uv_size": [1, 1]},
								"up": {"uv": [4, 14], "uv_size": [-1, -1]},
								"down": {"uv": [3, 13], "uv_size": [1, 1]}
							}
						}
					]
				}
			]
		}
	]
}