{
	"format_version": "1.12.0",
	"minecraft:geometry": [
		{
			"description": {
				"identifier": "geometry.brewing_stand_3",
				"texture_width": 32,
				"texture_height": 32,
				"visible_bounds_width": 2,
				"visible_bounds_height": 1,
				"visible_bounds_offset": [0, 0.5, 0]
			},
			"bones": [
				{
					"name": "body",
					"pivot": [0, 0, 0],
					"cubes": [
						{
							"origin": [-5, 0, -5],
							"size": [10, 2, 10],
							"uv": {
								"north": {"uv": [0, 10], "uv_size": [10, 2]},
								"east": {"uv": [0, 10], "uv_size": [10, 2]},
								"south": {"uv": [0, 10], "uv_size": [10, 2]},
								"west": {"uv": [0, 10], "uv_size": [10, 2]},
								"up": {"uv": [10, 10], "uv_size": [-10, -10]},
								"down": {"uv": [10, 21], "uv_size": [5, -5]}
							}
						},
						{
							"origin": [-3, 2, -3],
							"size": [6, 1, 7],
							"uv": {
								"east": {"uv": [0, 14], "uv_size": [7, 1]},
								"south": {"uv": [0, 13], "uv_size": [6, 1]},
								"west": {"uv": [0, 14], "uv_size": [7, 1]},
								"up": {"uv": [8, 8], "uv_size": [-6, -7]}
							}
						},
						{
							"origin": [-2, 3, -3],
							"size": [4, 8, 7],
							"uv": {
								"north": {"uv": [10, 0], "uv_size": [4, 8]},
								"east": {"uv": [0, 16], "uv_size": [8, 7]},
								"south": {"uv": [10, 0], "uv_size": [4, 8]},
								"west": {"uv": [0, 16], "uv_size": [8, 7]},
								"up": {"uv": [7, 8], "uv_size": [-4, -7]}
							}
						},
						{
							"origin": [-0.5, 11, 0],
							"size": [1, 2, 1],
							"uv": {
								"north": {"uv": [8, 13], "uv_size": [1, 2]},
								"east": {"uv": [8, 13], "uv_size": [1, 2]},
								"south": {"uv": [8, 13], "uv_size": [1, 2]},
								"west": {"uv": [8, 13], "uv_size": [1, 2]}
							}
						},
						{
							"origin": [-5, 13, -4],
							"size": [5, 1, 9],
							"uv": {
								"north": {"uv": [10, 31], "uv_size": [5, 1]},
								"east": {"uv": [15, 22], "uv_size": [1, 9]},
								"south": {"uv": [10, 31], "uv_size": [5, 1]},
								"west": {"uv": [0, 0], "uv_size": [0, 0]},
								"up": {"uv": [15, 31], "uv_size": [-5, -9]},
								"down": {"uv": [10, 22], "uv_size": [5, 9]}
							}
						},
						{
							"origin": [0, 13, -4],
							"size": [5, 1, 9],
							"uv": {
								"north": {"uv": [10, 31], "uv_size": [5, 1]},
								"east": {"uv": [0, 0], "uv_size": [0, 0]},
								"south": {"uv": [10, 31], "uv_size": [5, 1]},
								"west": {"uv": [15, 22], "uv_size": [1, 9]},
								"up": {"uv": [10, 31], "uv_size": [5, -9]},
								"down": {"uv": [15, 22], "uv_size": [-5, 9]}
							}
						},
						{
							"origin": [-4, 2, -4],
							"size": [8, 8, 1],
							"uv": {
								"north": {"uv": [0, 24], "uv_size": [8, 8]},
								"east": {"uv": [8, 24], "uv_size": [1, 8]},
								"south": {"uv": [10, 16], "uv_size": [5, 5]},
								"west": {"uv": [8, 24], "uv_size": [1, 8]},
								"up": {"uv": [8, 24], "uv_size": [-8, -1]}
							}
						},
						{
							"origin": [-0.5, 6, -4.1],
							"size": [1, 2, 0],
							"uv": {
								"north": {"uv": [10, 13], "uv_size": [1, 2]}
							}
						}
					]
				}
			]
		}
	]
}