{
	"format_version": "1.12.0",
	"minecraft:geometry": [
		{
			"description": {
				"identifier": "geometry.brewing_stand_0",
				"texture_width": 32,
				"texture_height": 32,
				"visible_bounds_width": 2,
				"visible_bounds_height": 2,
				"visible_bounds_offset": [0, 1, 0]
			},
			"bones": [
				{
					"name": "body",
					"pivot": [0, 0, 0],
					"cubes": [
						{
							"origin": [-3, 0, -1],
							"size": [6, 2, 6],
							"uv": {
								"north": {"uv": [10, 30], "uv_size": [6, 2]},
								"east": {"uv": [10, 30], "uv_size": [6, 2]},
								"south": {"uv": [10, 30], "uv_size": [6, 2]},
								"west": {"uv": [10, 29], "uv_size": [6, 2]},
								"up": {"uv": [16, 30], "uv_size": [-6, -6]},
								"down": {"uv": [2, 25], "uv_size": [6, -6]}
							}
						},
						{
							"origin": [-0.5, 6, -4.5],
							"size": [1, 6, 1],
							"uv": {
								"north": {"uv": [8, 26], "uv_size": [1, 6]},
								"east": {"uv": [8, 26], "uv_size": [1, 6]},
								"south": {"uv": [8, 26], "uv_size": [1, 6]},
								"west": {"uv": [8, 26], "uv_size": [1, 6]},
								"up": {"uv": [9, 27], "uv_size": [-1, -1]}
							}
						},
						{
							"origin": [-1.5, 0.01, -5.5],
							"size": [3, 7, 3],
							"uv": {
								"north": {"uv": [10, 16], "uv_size": [3, 7]},
								"east": {"uv": [10, 16], "uv_size": [3, 7]},
								"south": {"uv": [10, 16], "uv_size": [3, 7]},
								"west": {"uv": [10, 16], "uv_size": [3, 7]},
								"up": {"uv": [16, 19], "uv_size": [-3, -3]},
								"down": {"uv": [13, 19], "uv_size": [3, 3]}
							}
						},
						{
							"origin": [-0.5, 11, -3.5],
							"size": [1, 1, 4],
							"uv": {
								"east": {"uv": [17, 31], "uv_size": [6, 1]},
								"west": {"uv": [17, 31], "uv_size": [6, 1]},
								"up": {"uv": [9, 32], "uv_size": [-1, -6]},
								"down": {"uv": [8, 26], "uv_size": [1, 6]}
							}
						},
						{
							"origin": [-5, 0, -4],
							"size": [10, 1, 8],
							"uv": {
								"north": {"uv": [0, 24], "uv_size": [10, 1]},
								"east": {"uv": [2, 24], "uv_size": [8, 1]},
								"south": {"uv": [0, 24], "uv_size": [10, 1]},
								"west": {"uv": [2, 24], "uv_size": [8, 1]},
								"up": {"uv": [10, 24], "uv_size": [-10, -8]},
								"down": {"uv": [0, 24], "uv_size": [10, -8]}
							}
						},
						{
							"origin": [-2.5, 13, -0.5],
							"size": [5, 2, 5],
							"uv": {
								"north": {"uv": [1, 29], "uv_size": [5, 2]},
								"east": {"uv": [1, 29], "uv_size": [5, 2]},
								"south": {"uv": [1, 29], "uv_size": [5, 2]},
								"west": {"uv": [1, 29], "uv_size": [5, 2]},
								"up": {"uv": [6, 31], "uv_size": [-5, -5]},
								"down": {"uv": [1, 26], "uv_size": [5, 5]}
							}
						},
						{
							"origin": [-2.5, 15, -0.5],
							"size": [5, 3, 5],
							"uv": {
								"north": {"uv": [0, 2], "uv_size": [5, 3]},
								"east": {"uv": [0, 2], "uv_size": [5, 3]},
								"south": {"uv": [0, 2], "uv_size": [5, 3]},
								"west": {"uv": [0, 2], "uv_size": [5, 3]},
								"up": {"uv": [11, 6], "uv_size": [-5, -5]},
								"down": {"uv": [6, 1], "uv_size": [5, 5]}
							}
						},
						{
							"origin": [-3, 4, -1],
							"size": [6, 3, 6],
							"uv": {
								"north": {"uv": [0, 2], "uv_size": [5, 3]},
								"east": {"uv": [0, 2], "uv_size": [5, 3]},
								"south": {"uv": [0, 2], "uv_size": [5, 3]},
								"west": {"uv": [0, 2], "uv_size": [5, 3]},
								"up": {"uv": [11, 6], "uv_size": [-5, -5]},
								"down": {"uv": [6, 1], "uv_size": [5, 5]}
							}
						},
						{
							"origin": [-4, 3, -2],
							"size": [8, 8, 8],
							"uv": {
								"north": {"uv": [0, 8], "uv_size": [8, 8]},
								"east": {"uv": [0, 8], "uv_size": [8, 8]},
								"south": {"uv": [0, 8], "uv_size": [8, 8]},
								"west": {"uv": [0, 8], "uv_size": [8, 8]},
								"up": {"uv": [8, 16], "uv_size": [-8, -8]},
								"down": {"uv": [0, 8], "uv_size": [8, 8]}
							}
						},
						{
							"origin": [-1.5, 11, 0.5],
							"size": [3, 2, 3],
							"uv": {
								"north": {"uv": [0, 6], "uv_size": [3, 2]},
								"east": {"uv": [0, 6], "uv_size": [3, 2]},
								"south": {"uv": [0, 6], "uv_size": [3, 2]},
								"west": {"uv": [0, 6], "uv_size": [3, 2]}
							}
						},
						{
							"origin": [-3.5, 14, -1.5],
							"size": [7, 9, 7],
							"uv": {
								"north": {"uv": [9, 7], "uv_size": [7, 9]},
								"east": {"uv": [9, 7], "uv_size": [7, 9]},
								"south": {"uv": [9, 7], "uv_size": [7, 9]},
								"west": {"uv": [9, 7], "uv_size": [7, 9]},
								"up": {"uv": [32, 7], "uv_size": [-7, -7]},
								"down": {"uv": [9, 9], "uv_size": [7, 7]}
							}
						}
					]
				}
			]
		}
	]
}