{
	"format_version": "1.10.0",
	"geometry.bucket_of_tropical_fish_1": {
		"texturewidth": 80,
		"textureheight": 80,
		"visible_bounds_width": 1,
		"visible_bounds_height": 1,
		"visible_bounds_offset": [0, 0.5, 0],
		"bones": [
			{
				"name": "body",
				"pivot": [0, 0, 0]
			},
			{
				"name": "bucket",
				"parent": "body",
				"pivot": [0, 0, 0],
				"cubes": [
					{"origin": [-5, 0, -5], "size": [10, 8, 10], "uv": [0, 0]},
					{"origin": [-5, 8, -6], "size": [10, 3, 1], "uv": [26, 33]},
					{"origin": [-5, 8, 5], "size": [10, 3, 1], "uv": [48, 33]},
					{"origin": [5, 8, -6], "size": [1, 3, 12], "uv": [40, 0]},
					{"origin": [-6, 8, -6], "size": [1, 3, 12], "uv": [0, 18]}
				]
			},
			{
				"name": "pull",
				"parent": "bucket",
				"pivot": [0, 7.25, 0],
				"rotation": [135, 0, 0],
				"cubes": [
					{"origin": [-3.5, 14.5, -1], "size": [7, 2, 2], "uv": [0, 37]},
					{"origin": [-6, 15, -0.5], "size": [12, 1, 1], "uv": [26, 18]},
					{"origin": [-6, 6.99, -0.5], "size": [12, 1, 1], "uv": [0, 33]},
					{"origin": [6, 7, -0.5], "size": [1, 9, 1], "uv": [18, 37]},
					{"origin": [-7, 7, -0.5], "size": [1, 9, 1], "uv": [22, 37]}
				]
			},
			{
				"name": "tropical_fish_1",
				"parent": "body",
				"pivot": [0, 9, 0],
				"rotation": [90, -45, 0],
				"cubes": [
					{"origin": [-5, 8, -3], "size": [6, 2, 6], "uv": [0, 48]},
					{"origin": [-4, 9, -4], "size": [4, 1.01, 1], "uv": [16, 58]},
					{"origin": [-4, 9, 3], "size": [5, 0.01, 2], "uv": [16, 56]},
					{"origin": [1, 9, -3], "size": [2, 0.01, 6], "uv": [0, 56]}
				]
			},
			{
				"name": "tail1",
				"parent": "tropical_fish_1",
				"pivot": [3, 9, 0],
				"cubes": [
					{"origin": [3, 9, -3], "size": [3, 0.01, 6], "uv": [24, 48]}
				]
			},
			{
				"name": "tail2",
				"parent": "tropical_fish_1",
				"pivot": [-2, 10, -2],
				"cubes": [
					{"origin": [-2, 10, -3], "size": [0.01, 2, 2], "uv": [0, 62]}
				]
			}
		]
	}
}