{
	"format_version": "1.10.0",
	"geometry.bucket_of_salmon_0": {
		"texturewidth": 80,
		"textureheight": 80,
		"visible_bounds_width": 1,
		"visible_bounds_height": 1,
		"visible_bounds_offset": [0, 0.5, 0],
		"bones": [
			{
				"name": "body",
				"pivot": [0, 0, 0]
			},
			{
				"name": "salmon_rotary",
				"parent": "body",
				"pivot": [-1, 0, 0],
				"rotation": [0, 90, 0]
			},
			{
				"name": "salmon",
				"parent": "salmon_rotary",
				"pivot": [-1, 9, 0],
				"rotation": [0, 0, 50],
				"cubes": [
					{"origin": [-11.35721, 7.26604, -1.5], "size": [3, 2, 4], "uv": [20, 56]},
					{"origin": [-8.35721, 6.76604, -2], "size": [8, 3, 5], "uv": [0, 48]},
					{"origin": [-2.35721, 8.76604, 3], "size": [5, 0.01, 2], "uv": [0, 62]}
				]
			},
			{
				"name": "tail2",
				"parent": "salmon",
				"pivot": [-8, 9, -1],
				"rotation": [45, 0, 0],
				"cubes": [
					{"origin": [-8.35721, 9.54168, -0.46832], "size": [2, 2, 0.01], "uv": [14, 62]}
				]
			},
			{
				"name": "bucket",
				"parent": "body",
				"pivot": [0, 0, 0],
				"cubes": [
					{"origin": [-5, 0, -5], "size": [10, 8, 10], "uv": [0, 0]},
					{"origin": [-5, 8, -6], "size": [10, 3, 1], "uv": [26, 33]},
					{"origin": [-5, 8, 5], "size": [10, 3, 1], "uv": [48, 33]},
					{"origin": [5, 8, -6], "size": [1, 3, 12], "uv": [40, 0]},
					{"origin": [-6, 8, -6], "size": [1, 3, 12], "uv": [0, 18]}
				]
			},
			{
				"name": "pull",
				"parent": "bucket",
				"pivot": [0, 7.25, 0],
				"rotation": [135, 0, 0],
				"cubes": [
					{"origin": [-3.5, 14.5, -1], "size": [7, 2, 2], "uv": [0, 37]},
					{"origin": [-6, 15, -0.5], "size": [12, 1, 1], "uv": [26, 18]},
					{"origin": [-6, 6.99, -0.5], "size": [12, 1, 1], "uv": [0, 33]},
					{"origin": [6, 7, -0.5], "size": [1, 9, 1], "uv": [18, 37]},
					{"origin": [-7, 7, -0.5], "size": [1, 9, 1], "uv": [22, 37]}
				]
			}
		]
	}
}