{
	"format_version": "1.12.0",
	"minecraft:geometry": [
		{
			"description": {
				"identifier": "geometry.bush_de_noel_1",
				"texture_width": 32,
				"texture_height": 32,
				"visible_bounds_width": 2,
				"visible_bounds_height": 1,
				"visible_bounds_offset": [0, 0.5, 0]
			},
			"bones": [
				{
					"name": "body",
					"pivot": [0, 0, 0],
					"cubes": [
						{
							"origin": [0, 6, -3],
							"size": [2, 1, 2],
							"pivot": [0, 8, 0],
							"uv": {
								"north": {"uv": [17, 14], "uv_size": [2, 1]},
								"east": {"uv": [17, 14], "uv_size": [2, 1]},
								"south": {"uv": [17, 14], "uv_size": [2, 1]},
								"west": {"uv": [17, 14], "uv_size": [2, 1]},
								"up": {"uv": [19, 15], "uv_size": [-2, -2]}
							}
						},
						{
							"origin": [-3, 6.5, -3.5],
							"size": [5, 0.01, 5],
							"pivot": [1, 6.5, 0.5],
							"rotation": [0, 0, 22.5],
							"uv": {
								"up": {"uv": [31, 15], "uv_size": [-5, -5]}
							}
						},
						{
							"origin": [-3, 6.5, -3.5],
							"size": [5, 0.01, 5],
							"pivot": [1, 6.5, 0.5],
							"rotation": [-22.5, 0, 0],
							"uv": {
								"up": {"uv": [31, 15], "uv_size": [-5, -5]}
							}
						}
					]
				},
				{
					"name": "cutlery",
					"parent": "body",
					"pivot": [0, 8, 0],
					"rotation": [90, -90, 0],
					"cubes": [
						{
							"origin": [2.5, 7, -6.25],
							"size": [3, 4, 0.5],
							"pivot": [0, 8, 0],
							"uv": {
								"north": {"uv": [1, 16], "uv_size": [3, 4]},
								"east": {"uv": [0, 16], "uv_size": [1, 4]},
								"south": {"uv": [1, 16], "uv_size": [3, 4]},
								"west": {"uv": [0, 16], "uv_size": [1, 4]},
								"up": {"uv": [4, 17], "uv_size": [-3, -1]},
								"down": {"uv": [1, 19], "uv_size": [3, 1]}
							}
						},
						{
							"origin": [3, 0, -6.5],
							"size": [2, 7, 1],
							"pivot": [0, 8, 0],
							"uv": {
								"north": {"uv": [1, 20], "uv_size": [2, 7]},
								"east": {"uv": [0, 20], "uv_size": [1, 7]},
								"south": {"uv": [1, 20], "uv_size": [2, 7]},
								"west": {"uv": [0, 20], "uv_size": [1, 7]},
								"up": {"uv": [3, 21], "uv_size": [-2, -1]},
								"down": {"uv": [1, 27], "uv_size": [2, 1]}
							}
						}
					]
				},
				{
					"name": "cake2",
					"parent": "body",
					"pivot": [0, 8, 0],
					"cubes": [
						{
							"origin": [-2, 0, -4],
							"size": [6, 6, 8],
							"pivot": [0, 8, 0],
							"rotation": [0, 90, 0],
							"uv": {
								"north": {"uv": [4, 9], "uv_size": [6, 6]},
								"east": {"uv": [16, 0], "uv_size": [8, 6]},
								"south": {"uv": [4, 9], "uv_size": [6, 6]},
								"west": {"uv": [16, 0], "uv_size": [8, 6]},
								"up": {"uv": [10, 8], "uv_size": [-6, -8]},
								"down": {"uv": [32, 32], "uv_size": [0, 0]}
							}
						}
					]
				},
				{
					"name": "dish",
					"parent": "body",
					"pivot": [0, 8, 0],
					"cubes": [
						{
							"origin": [-5, 0, -5],
							"size": [10, 1, 10],
							"pivot": [0, 8, 0],
							"uv": {
								"north": {"uv": [19, 18], "uv_size": [10, 1]},
								"east": {"uv": [29, 19], "uv_size": [1, 10]},
								"south": {"uv": [19, 29], "uv_size": [10, 1]},
								"west": {"uv": [18, 19], "uv_size": [1, 10]},
								"up": {"uv": [29, 29], "uv_size": [-10, -10]},
								"down": {"uv": [19, 19], "uv_size": [10, 10]}
							}
						},
						{
							"origin": [-5, 0.5, -7],
							"size": [10, 1, 2],
							"pivot": [0, 8, 0],
							"uv": {
								"north": {"uv": [19, 16], "uv_size": [10, 1]},
								"south": {"uv": [19, 18], "uv_size": [10, 1]},
								"up": {"uv": [29, 19], "uv_size": [-10, -2]},
								"down": {"uv": [19, 29], "uv_size": [10, 2]}
							}
						},
						{
							"origin": [-5, 0.5, 5],
							"size": [10, 1, 2],
							"pivot": [0, 8, 0],
							"uv": {
								"north": {"uv": [19, 29], "uv_size": [10, 1]},
								"south": {"uv": [19, 31], "uv_size": [10, 1]},
								"up": {"uv": [29, 31], "uv_size": [-10, -2]},
								"down": {"uv": [19, 17], "uv_size": [10, 2]}
							}
						},
						{
							"origin": [5, 0.5, -7],
							"size": [2, 1, 14],
							"pivot": [0, 8, 0],
							"uv": {
								"north": {"uv": [17, 16], "uv_size": [2, 1]},
								"east": {"uv": [17, 18], "uv_size": [14, 1]},
								"south": {"uv": [17, 31], "uv_size": [2, 1]},
								"west": {"uv": [17, 16], "uv_size": [14, 1]},
								"up": {"uv": [19, 31], "uv_size": [-2, -14]},
								"down": {"uv": [17, 17], "uv_size": [2, 14]}
							}
						},
						{
							"origin": [-7, 0.5, -7],
							"size": [2, 1, 14],
							"pivot": [0, 8, 0],
							"uv": {
								"north": {"uv": [29, 16], "uv_size": [2, 1]},
								"east": {"uv": [17, 31], "uv_size": [13, 1]},
								"south": {"uv": [29, 31], "uv_size": [2, 1]},
								"west": {"uv": [17, 29], "uv_size": [14, 1]},
								"up": {"uv": [31, 31], "uv_size": [-2, -14]},
								"down": {"uv": [29, 17], "uv_size": [2, 14]}
							}
						}
					]
				}
			]
		}
	]
}