{
	"format_version": "1.10.0",
	"geometry.cactus_2": {
		"texturewidth": 80,
		"textureheight": 80,
		"visible_bounds_width": 1,
		"visible_bounds_height": 1,
		"visible_bounds_offset": [0, 0.5, 0],
		"bones": [
			{
				"name": "body",
				"pivot": [0, 0, 0]
			},
			{
				"name": "pot",
				"parent": "body",
				"pivot": [-8, 8, 8],
				"cubes": [
					{"origin": [-3, 0, -3], "size": [6, 2, 6], "uv": [0, 28]},
					{"origin": [-4, 2, -4], "size": [8, 3, 8], "uv": [0, 15]}
				]
			},
			{
				"name": "cactus_2",
				"parent": "body",
				"pivot": [-8, 8, 8],
				"cubes": [
					{"origin": [-3, 5, -3], "size": [6, 7, 6], "uv": [32, 15]},
					{"origin": [-4, 6, -5], "size": [8, 5, 10], "uv": [0, 0]},
					{"origin": [-5, 6, -4], "size": [10, 5, 8], "uv": [36, 0]}
				]
			},
			{
				"name": "flower",
				"parent": "body",
				"pivot": [0, 0, 0],
				"rotation": [0, -45, 0],
				"cubes": [
					{"origin": [0, 12, -2], "size": [0, 3, 4], "uv": [24, 28]},
					{"origin": [-2, 12, 0], "size": [4, 3, 0], "uv": [32, 28]}
				]
			}
		]
	}
}