{
	"format_version": "1.10.0",
	"geometry.cactus_1": {
		"texturewidth": 48,
		"textureheight": 48,
		"visible_bounds_width": 1,
		"visible_bounds_height": 1,
		"visible_bounds_offset": [0, 0.5, 0],
		"bones": [
			{
				"name": "body",
				"pivot": [0, 0, 0]
			},
			{
				"name": "pot",
				"parent": "body",
				"pivot": [-8, 8, 8],
				"cubes": [
					{"origin": [-3, 0, -3], "size": [6, 2, 6], "uv": [0, 11]},
					{"origin": [-4, 2, -4], "size": [8, 3, 8], "uv": [0, 0]}
				]
			},
			{
				"name": "cactus_1",
				"parent": "body",
				"pivot": [-8, 8, 8],
				"cubes": [
					{"origin": [-3, 5, -2], "size": [4, 2, 1], "uv": [20, 20]},
					{"origin": [-4, 7, -2], "size": [6, 8, 1], "uv": [24, 11]},
					{"origin": [-7, 12, -3], "size": [4, 4, 1], "uv": [10, 20]},
					{"origin": [-1, 5, 0.5], "size": [3, 1, 1], "uv": [8, 26]},
					{"origin": [-1, 6, 0.5], "size": [4, 5, 1], "uv": [0, 20]},
					{"origin": [3, 10, 1], "size": [3, 3, 1], "uv": [0, 26]}
				]
			}
		]
	}
}