{
	"format_version": "1.10.0",
	"geometry.cactus_0": {
		"texturewidth": 64,
		"textureheight": 64,
		"visible_bounds_width": 1,
		"visible_bounds_height": 1,
		"visible_bounds_offset": [0, 0.5, 0],
		"bones": [
			{
				"name": "body",
				"pivot": [0, 0, 0]
			},
			{
				"name": "cactus_0",
				"parent": "body",
				"pivot": [-8, 8, 8],
				"cubes": [
					{"origin": [-2, 5, -3], "size": [4, 11, 6], "uv": [32, 0]},
					{"origin": [-3, 5, -2], "size": [6, 11, 4], "uv": [0, 17]},
					{"origin": [-5, 10, -3], "size": [3, 2, 2], "uv": [20, 32]},
					{"origin": [-5, 12, -3.5], "size": [2, 3, 3], "uv": [0, 32]},
					{"origin": [2, 7, 1], "size": [3, 2, 2], "uv": [30, 32]},
					{"origin": [3, 9, 0.5], "size": [2, 3, 3], "uv": [10, 32]}
				]
			},
			{
				"name": "pot",
				"parent": "body",
				"pivot": [-8, 8, 8],
				"cubes": [
					{"origin": [-3, 0, -3], "size": [6, 2, 6], "uv": [20, 17]},
					{"origin": [-4, 2, -4], "size": [8, 3, 8], "uv": [0, 0]}
				]
			}
		]
	}
}