{
	"format_version": "1.10.0",
	"geometry.carpet_white_0": {
		"texturewidth": 64,
		"textureheight": 64,
		"visible_bounds_width": 2,
		"visible_bounds_height": 1,
		"visible_bounds_offset": [0, 0.5, 0],
		"bones": [
			{
				"name": "body",
				"pivot": [0, 0, 0],
				"cubes": [
					{"origin": [-8, 0, -8], "size": [16, 1, 16], "uv": [0, 0]},
					{"origin": [-7, 1.5, -7], "size": [16, 1, 16], "uv": [0, 0]}
				]
			},
			{
				"name": "22.5deg",
				"parent": "body",
				"pivot": [0, 0, 0],
				"rotation": [0, -22.5, 0],
				"cubes": [
					{"origin": [-8, 3, -8], "size": [16, 1, 16], "uv": [0, 0]}
				]
			}
		]
	}
}