{
	"format_version": "1.10.0",
	"geometry.carrot_1": {
		"texturewidth": 80,
		"textureheight": 80,
		"visible_bounds_width": 2,
		"visible_bounds_height": 1,
		"visible_bounds_offset": [0, 0.5, 0],
		"bones": [
			{
				"name": "body",
				"pivot": [0, 0, 0],
				"cubes": [
					{"origin": [-7, 3.5, 1], "size": [3, 3, 3], "uv": [20, 6]},
					{"origin": [-4, 3, 0.5], "size": [6, 4, 4], "uv": [0, 6]},
					{"origin": [-6, 2.5, -4], "size": [3, 3, 3], "uv": [20, 6]},
					{"origin": [-3, 2, -4.5], "size": [6, 4, 4], "uv": [0, 6]}
				]
			},
			{
				"name": "leaf1",
				"parent": "body",
				"pivot": [-7, 2, 8],
				"rotation": [-22.5, 0, 0],
				"cubes": [
					{"origin": [2, 2.85822, -0.76745], "size": [9, 0.01, 6], "uv": [0, 0]},
					{"origin": [3, 1.02092, -5.00417], "size": [9, 0.01, 6], "uv": [0, 0]}
				]
			},
			{
				"name": "leaf2",
				"parent": "body",
				"pivot": [-8, 2, 8],
				"rotation": [22.5, 0, 0],
				"cubes": [
					{"origin": [2, 6.68506, 1.52865], "size": [9, 0.01, 6], "uv": [30, 0]},
					{"origin": [3, 8.6746, -2.47343], "size": [9, 0.01, 6], "uv": [30, 0]}
				]
			},
			{
				"name": "basket",
				"parent": "body",
				"pivot": [-8, 8, 8],
				"cubes": [
					{"origin": [-6, 0, -6], "size": [12, 3, 12], "uv": [0, 35]},
					{"origin": [-5, 1, -7], "size": [10, 3, 2], "uv": [0, 69]},
					{"origin": [-5, 1, 5], "size": [10, 3, 2], "uv": [0, 74]},
					{"origin": [5, 1, -7], "size": [2, 3, 14], "uv": [0, 52]},
					{"origin": [-7, 1, -7], "size": [2, 3, 14], "uv": [48, 35]}
				]
			}
		]
	}
}