{
	"format_version": "1.10.0",
	"geometry.cooked_porkchop_0": {
		"texturewidth": 80,
		"textureheight": 80,
		"visible_bounds_width": 1,
		"visible_bounds_height": 1,
		"visible_bounds_offset": [0, 0.5, 0],
		"bones": [
			{
				"name": "body",
				"pivot": [0, 0, 0]
			},
			{
				"name": "dish",
				"parent": "body",
				"pivot": [-8, 8, 8],
				"cubes": [
					{"origin": [-5, 1, -4], "size": [1, 1, 4], "uv": [0, 34]},
					{"origin": [-4, 1, -5], "size": [5, 1, 6], "uv": [0, 40]},
					{"origin": [0, 1, -4], "size": [4, 1, 6], "uv": [0, 48]},
					{"origin": [4, 1, -4], "size": [1, 1, 5], "uv": [2, 56]},
					{"origin": [-5, 1, 3], "size": [2, 2, 2], "uv": [22, 34]},
					{"origin": [-4, 1, 1], "size": [4, 1.5, 3], "uv": [22, 39]},
					{"origin": [0, 1, 2], "size": [3, 2, 3], "uv": [22, 45]},
					{"origin": [3, 1, 2], "size": [2, 1, 2], "uv": [22, 51]}
				]
			},
			{
				"name": "plate",
				"parent": "body",
				"pivot": [-8, 8, 8],
				"cubes": [
					{"origin": [-5, 0, -5], "size": [10, 1, 10], "uv": [0, 0]},
					{"origin": [-5, 0.5, 5], "size": [10, 1, 2], "uv": [32, 15]},
					{"origin": [-5, 0.5, -7], "size": [10, 1, 2], "uv": [0, 30]},
					{"origin": [-7, 0.5, -7], "size": [2, 1, 14], "uv": [0, 15]},
					{"origin": [5, 0.5, -7], "size": [2, 1, 14], "uv": [40, 0]}
				]
			}
		]
	}
}