{
	"format_version": "1.10.0",
	"geometry.cooked_cod_0": {
		"texturewidth": 32,
		"textureheight": 32,
		"visible_bounds_width": 1,
		"visible_bounds_height": 1,
		"visible_bounds_offset": [0, 0.5, 0],
		"bones": [
			{
				"name": "body",
				"pivot": [0, 0, 0]
			},
			{
				"name": "cooked_cod_0",
				"parent": "body",
				"pivot": [0, 0, 0],
				"cubes": [
					{"origin": [-0.5, 0, -0.5], "size": [1, 16, 1], "uv": [13, 0]},
					{"origin": [-1, 14, -0.75], "size": [3, 1, 2], "uv": [0, 0]},
					{"origin": [-2, 8, -0.75], "size": [4, 6, 2], "uv": [0, 4]},
					{"origin": [-2, 5, -1.25], "size": [4, 3, 2], "uv": [0, 13]},
					{"origin": [2, 6, -0.01], "size": [1, 3, 1.01], "uv": [9, 19]}
				]
			},
			{
				"name": "tail2",
				"parent": "cooked_cod_0",
				"pivot": [-1, 11, 1],
				"rotation": [0, 45, 0],
				"cubes": [
					{"origin": [-3, 10, 0.25], "size": [2.01, 2, 1], "uv": [1, 23]}
				]
			},
			{
				"name": "tail1",
				"parent": "cooked_cod_0",
				"pivot": [1, 11, -0.75],
				"rotation": [0, -45, 0],
				"cubes": [
					{"origin": [-2.41421, 10, 0.66421], "size": [2, 2, 1], "uv": [0, 19]}
				]
			},
			{
				"name": "tail3",
				"parent": "cooked_cod_0",
				"pivot": [0, 6, 0],
				"rotation": [-22.5, 0, 0],
				"cubes": [
					{"origin": [-2, 2, -0.76], "size": [4, 4, 1.01], "uv": [3, 26]}
				]
			}
		]
	}
}