{
	"format_version": "1.10.0",
	"geometry.cookie_0": {
		"texturewidth": 64,
		"textureheight": 64,
		"visible_bounds_width": 1,
		"visible_bounds_height": 1,
		"visible_bounds_offset": [0, 0.5, 0],
		"bones": [
			{
				"name": "body",
				"pivot": [0, 0, 0]
			},
			{
				"name": "cookie_0",
				"parent": "body",
				"pivot": [0, 0, 0],
				"cubes": [
					{"origin": [-2, 1, -2], "size": [6, 1, 6], "uv": [39, 9]},
					{"origin": [-3, 2, -4], "size": [6, 1, 6], "uv": [39, 9]},
					{"origin": [-4, 3, -2], "size": [6, 1, 6], "uv": [39, 9]},
					{"origin": [-2, 4, -4], "size": [6, 1, 6], "uv": [39, 9]}
				]
			},
			{
				"name": "bottle",
				"parent": "body",
				"pivot": [0, 0, 0],
				"cubes": [
					{"origin": [-3, 10, -3], "size": [6, 2, 6], "uv": [39, 0]},
					{"origin": [-4, 0, -5], "size": [8, 10, 1], "uv": [0, 10]},
					{"origin": [4, 0, -5], "size": [1, 10, 10], "uv": [23, 22]},
					{"origin": [-5, 0, -5], "size": [1, 10, 10], "uv": [0, 22]},
					{"origin": [-4, 9, -4], "size": [8, 1, 8], "uv": [0, 0]},
					{"origin": [-4, 0, 4], "size": [8, 10, 1], "uv": [18, 10]},
					{"origin": [-4, 0, -4], "size": [8, 1, 8], "uv": [0, 0]}
				]
			}
		]
	}
}