{
	"format_version": "1.12.0",
	"minecraft:geometry": [
		{
			"description": {
				"identifier": "geometry.crafting_table_5",
				"texture_width": 32,
				"texture_height": 32,
				"visible_bounds_width": 2,
				"visible_bounds_height": 1,
				"visible_bounds_offset": [0, 0.5, 0]
			},
			"bones": [
				{
					"name": "body",
					"pivot": [0, 0, 0],
					"cubes": [
						{
							"origin": [-8, 0, -7.9],
							"size": [16, 16, 1],
							"uv": {
								"north": {"uv": [1, 17], "uv_size": [15, 15]},
								"east": {"uv": [0, 16], "uv_size": [1, 15]},
								"south": {"uv": [1, 17], "uv_size": [15, 15]},
								"west": {"uv": [0, 16], "uv_size": [1, 15]},
								"up": {"uv": [15, 17], "uv_size": [-15, -1]},
								"down": {"uv": [0, 16], "uv_size": [15, 1]}
							}
						}
					]
				}
			]
		}
	]
}