{
	"format_version": "1.12.0",
	"minecraft:geometry": [
		{
			"description": {
				"identifier": "geometry.crafting_table_1",
				"texture_width": 32,
				"texture_height": 32,
				"visible_bounds_width": 2,
				"visible_bounds_height": 1,
				"visible_bounds_offset": [0, 0.5, 0]
			},
			"bones": [
				{
					"name": "body",
					"pivot": [0, 0, 0],
					"cubes": [
						{
							"origin": [0, 0, 0],
							"size": [6, 6, 6],
							"uv": {
								"north": {"uv": [16, 16], "uv_size": [16, 16]},
								"east": {"uv": [16, 16], "uv_size": [16, 16]},
								"south": {"uv": [16, 16], "uv_size": [16, 16]},
								"west": {"uv": [16, 16], "uv_size": [16, 16]},
								"up": {"uv": [16, 32], "uv_size": [-16, -16]},
								"down": {"uv": [0, 16], "uv_size": [16, 16]}
							}
						},
						{
							"origin": [2.5, 0, -3.5],
							"size": [2, 1, 2],
							"pivot": [0, -6, -10],
							"rotation": [0, 22.5, 0],
							"uv": {
								"north": {"uv": [31, 13], "uv_size": [1, 2]},
								"east": {"uv": [30, 13], "uv_size": [2, 1]},
								"south": {"uv": [30, 13], "uv_size": [1, 2]},
								"west": {"uv": [30, 11], "uv_size": [2, 1]},
								"up": {"uv": [32, 15], "uv_size": [-2, -2]},
								"down": {"uv": [30, 13], "uv_size": [2, 2]}
							}
						},
						{
							"origin": [3.5, 0, -5.5],
							"size": [1, 1, 2],
							"pivot": [0, -6, -10],
							"rotation": [0, 22.5, 0],
							"uv": {
								"north": {"uv": [29, 11], "uv_size": [1, 1]},
								"east": {"uv": [30, 13], "uv_size": [2, 1]},
								"west": {"uv": [30, 11], "uv_size": [2, 1]},
								"up": {"uv": [32, 12], "uv_size": [-2, -1]},
								"down": {"uv": [30, 11], "uv_size": [2, 1]}
							}
						},
						{
							"origin": [2.5, 0, -5.5],
							"size": [1, 1, 1],
							"pivot": [0, -6, -10],
							"rotation": [0, 22.5, 0],
							"uv": {
								"north": {"uv": [29, 12], "uv_size": [1, 1]},
								"south": {"uv": [27, 12], "uv_size": [1, 1]},
								"up": {"uv": [29, 12], "uv_size": [-1, -1]},
								"down": {"uv": [28, 11], "uv_size": [1, 1]}
							}
						},
						{
							"origin": [-0.5, 0, -5.5],
							"size": [3, 1, 3],
							"pivot": [0, -6, -10],
							"rotation": [0, 22.5, 0],
							"uv": {
								"north": {"uv": [27, 13], "uv_size": [3, 1]},
								"east": {"uv": [27, 11], "uv_size": [1, 3]},
								"south": {"uv": [27, 11], "uv_size": [3, 1]},
								"west": {"uv": [29, 11], "uv_size": [1, 3]},
								"up": {"uv": [30, 14], "uv_size": [-3, -3]},
								"down": {"uv": [27, 11], "uv_size": [3, 3]}
							}
						},
						{
							"origin": [-10.5, 0.49, -5.5],
							"size": [11, 0.01, 4],
							"pivot": [0, -6, -10],
							"rotation": [0, 22.5, 0],
							"uv": {
								"up": {"uv": [17, 15], "uv_size": [11, -4]},
								"down": {"uv": [28, 15], "uv_size": [-11, -4]}
							}
						}
					]
				}
			]
		}
	]
}