{
	"format_version": "1.10.0",
	"geometry.creeper_head_0": {
		"texturewidth": 32,
		"textureheight": 32,
		"visible_bounds_width": 1,
		"visible_bounds_height": 1,
		"visible_bounds_offset": [0, 0.5, 0],
		"bones": [
			{
				"name": "body",
				"pivot": [0, 0, 0],
				"cubes": [
					{"origin": [-2, 2, -2], "size": [4, 5, 4], "uv": [0, 17]},
					{"origin": [-4, 7, -4], "size": [8, 8, 8], "uv": [0, 0]},
					{"origin": [0.5, 0, -4], "size": [3, 3, 3], "uv": [0, 26]},
					{"origin": [-3.5, 0, -4], "size": [3, 3, 3], "uv": [0, 26]},
					{"origin": [-3.5, 0, 1], "size": [3, 3, 3], "uv": [0, 26]},
					{"origin": [0.5, 0, 1], "size": [3, 3, 3], "uv": [0, 26]}
				]
			}
		]
	}
}