{
	"format_version": "1.12.0",
	"minecraft:geometry": [
		{
			"description": {
				"identifier": "geometry.creeper_head_1",
				"texture_width": 32,
				"texture_height": 32,
				"visible_bounds_width": 2,
				"visible_bounds_height": 2,
				"visible_bounds_offset": [0, 1, 0]
			},
			"bones": [
				{
					"name": "body",
					"pivot": [0, 0, 0],
					"cubes": [
						{
							"origin": [-2, 2, -2],
							"size": [4, 5, 4],
							"uv": {
								"north": {"uv": [10, 0], "uv_size": [4, 5]},
								"east": {"uv": [10, 0], "uv_size": [4, 5]},
								"south": {"uv": [10, 0], "uv_size": [4, 5]},
								"west": {"uv": [10, 0], "uv_size": [4, 5]},
								"up": {"uv": [14, 4], "uv_size": [-4, -4]},
								"down": {"uv": [10, 0], "uv_size": [4, 4]}
							}
						},
						{
							"origin": [-4, 7, -4],
							"size": [8, 8, 8],
							"uv": {
								"north": {"uv": [0, 0], "uv_size": [8, 8]},
								"east": {"uv": [8, 0], "uv_size": [8, 8]},
								"south": {"uv": [8, 0], "uv_size": [8, 8]},
								"west": {"uv": [8, 0], "uv_size": [8, 8]},
								"up": {"uv": [16, 16], "uv_size": [-8, -8]},
								"down": {"uv": [8, 0], "uv_size": [8, 8]}
							}
						},
						{
							"origin": [0.5, 0, -4],
							"size": [3, 3, 3],
							"uv": {
								"north": {"uv": [3, 13], "uv_size": [-3, 3]},
								"east": {"uv": [6, 13], "uv_size": [-3, 3]},
								"south": {"uv": [3, 10], "uv_size": [-3, 3]},
								"west": {"uv": [3, 13], "uv_size": [3, 3]},
								"up": {"uv": [0, 13], "uv_size": [3, -3]},
								"down": {"uv": [6, 10], "uv_size": [-3, 3]}
							}
						},
						{
							"origin": [-3.5, 0, -4],
							"size": [3, 3, 3],
							"uv": {
								"north": {"uv": [3, 13], "uv_size": [-3, 3]},
								"east": {"uv": [6, 13], "uv_size": [-3, 3]},
								"south": {"uv": [3, 10], "uv_size": [-3, 3]},
								"west": {"uv": [3, 13], "uv_size": [3, 3]},
								"up": {"uv": [0, 13], "uv_size": [3, -3]},
								"down": {"uv": [6, 10], "uv_size": [-3, 3]}
							}
						},
						{
							"origin": [0.5, 0, 1],
							"size": [3, 3, 3],
							"uv": {
								"north": {"uv": [3, 13], "uv_size": [-3, 3]},
								"east": {"uv": [6, 13], "uv_size": [-3, 3]},
								"south": {"uv": [3, 10], "uv_size": [-3, 3]},
								"west": {"uv": [3, 13], "uv_size": [3, 3]},
								"up": {"uv": [0, 13], "uv_size": [3, -3]},
								"down": {"uv": [6, 10], "uv_size": [-3, 3]}
							}
						},
						{
							"origin": [-3.5, 0, 1],
							"size": [3, 3, 3],
							"uv": {
								"north": {"uv": [3, 13], "uv_size": [-3, 3]},
								"east": {"uv": [6, 13], "uv_size": [-3, 3]},
								"south": {"uv": [3, 10], "uv_size": [-3, 3]},
								"west": {"uv": [3, 13], "uv_size": [3, 3]},
								"up": {"uv": [0, 13], "uv_size": [3, -3]},
								"down": {"uv": [6, 10], "uv_size": [-3, 3]}
							}
						},
						{
							"origin": [-3, 15, -3],
							"size": [6, 1, 6],
							"uv": {
								"north": {"uv": [16, 16], "uv_size": [6, 1]},
								"east": {"uv": [16, 16], "uv_size": [6, 1]},
								"south": {"uv": [16, 16], "uv_size": [6, 1]},
								"west": {"uv": [16, 16], "uv_size": [6, 1]},
								"up": {"uv": [22, 22], "uv_size": [-6, -6]}
							}
						},
						{
							"origin": [-2, 16, -2],
							"size": [4, 2, 4],
							"uv": {
								"north": {"uv": [0, 16], "uv_size": [4, 2]},
								"east": {"uv": [0, 16], "uv_size": [4, 2]},
								"south": {"uv": [0, 16], "uv_size": [4, 2]},
								"west": {"uv": [0, 16], "uv_size": [4, 2]},
								"up": {"uv": [4, 20], "uv_size": [-4, -4]}
							}
						},
						{
							"origin": [0, 18, 0],
							"size": [3, 1, 3],
							"uv": {
								"north": {"uv": [0, 16], "uv_size": [3, 1]},
								"east": {"uv": [0, 16], "uv_size": [3, 1]},
								"south": {"uv": [0, 16], "uv_size": [3, 1]},
								"west": {"uv": [0, 16], "uv_size": [3, 1]},
								"up": {"uv": [3, 19], "uv_size": [-3, -3]},
								"down": {"uv": [0, 16], "uv_size": [3, 3]}
							}
						},
						{
							"origin": [2, 17.5, 2],
							"size": [2, 2, 2],
							"uv": {
								"north": {"uv": [16, 16], "uv_size": [2, 2]},
								"east": {"uv": [16, 16], "uv_size": [2, 2]},
								"south": {"uv": [16, 16], "uv_size": [2, 2]},
								"west": {"uv": [16, 16], "uv_size": [2, 2]},
								"up": {"uv": [18, 18], "uv_size": [-2, -2]},
								"down": {"uv": [16, 16], "uv_size": [2, 2]}
							}
						}
					]
				}
			]
		}
	]
}