{
	"format_version": "1.12.0",
	"minecraft:geometry": [
		{
			"description": {
				"identifier": "geometry.dark_oak_fence_0",
				"texture_width": 32,
				"texture_height": 32,
				"visible_bounds_width": 2,
				"visible_bounds_height": 1,
				"visible_bounds_offset": [0, 0.5, 0]
			},
			"bones": [
				{
					"name": "body",
					"pivot": [0, 0, 0],
					"cubes": [
						{
							"origin": [5.9, 0, -6],
							"size": [2, 2, 12],
							"uv": {
								"east": {"uv": [2, 1], "uv_size": [12, 2]},
								"west": {"uv": [2, 1], "uv_size": [12, 2]},
								"up": {"uv": [31, 14], "uv_size": [-2, -12]},
								"down": {"uv": [29, 2], "uv_size": [2, 12]}
							}
						},
						{
							"origin": [-7.9, 0, -6],
							"size": [2, 2, 12],
							"uv": {
								"north": {"uv": [0, 0], "uv_size": [2, 2]},
								"east": {"uv": [2, 1], "uv_size": [12, 2]},
								"south": {"uv": [0, 0], "uv_size": [2, 2]},
								"west": {"uv": [2, 1], "uv_size": [12, 2]},
								"up": {"uv": [31, 14], "uv_size": [-2, -12]},
								"down": {"uv": [29, 2], "uv_size": [2, 12]}
							}
						},
						{
							"origin": [5.9, 0, -7.9],
							"size": [2, 15.5, 2],
							"uv": {
								"north": {"uv": [29, 0], "uv_size": [2, 16]},
								"east": {"uv": [29, 0], "uv_size": [2, 16]},
								"south": {"uv": [29, 0], "uv_size": [2, 16]},
								"west": {"uv": [29, 0], "uv_size": [2, 16]},
								"up": {"uv": [3, 3], "uv_size": [-2, -2]},
								"down": {"uv": [1, 1], "uv_size": [2, 2]}
							}
						},
						{
							"origin": [-7.9, 0, -7.9],
							"size": [2, 15.5, 2],
							"uv": {
								"north": {"uv": [29, 0], "uv_size": [2, 16]},
								"east": {"uv": [29, 0], "uv_size": [2, 16]},
								"south": {"uv": [29, 0], "uv_size": [2, 16]},
								"west": {"uv": [29, 0], "uv_size": [2, 16]},
								"up": {"uv": [3, 3], "uv_size": [-2, -2]},
								"down": {"uv": [1, 1], "uv_size": [2, 2]}
							}
						},
						{
							"origin": [5.9, 0, 5.9],
							"size": [2, 15.5, 2],
							"uv": {
								"north": {"uv": [29, 0], "uv_size": [2, 16]},
								"east": {"uv": [29, 0], "uv_size": [2, 16]},
								"south": {"uv": [29, 0], "uv_size": [2, 16]},
								"west": {"uv": [29, 0], "uv_size": [2, 16]},
								"up": {"uv": [15, 3], "uv_size": [-2, -2]},
								"down": {"uv": [13, 1], "uv_size": [2, 2]}
							}
						},
						{
							"origin": [-7.9, 0, 5.9],
							"size": [2, 15.5, 2],
							"uv": {
								"north": {"uv": [29, 0], "uv_size": [2, 16]},
								"east": {"uv": [29, 0], "uv_size": [2, 16]},
								"south": {"uv": [29, 0], "uv_size": [2, 16]},
								"west": {"uv": [29, 0], "uv_size": [2, 16]},
								"up": {"uv": [15, 3], "uv_size": [-2, -2]},
								"down": {"uv": [13, 1], "uv_size": [2, 2]}
							}
						},
						{
							"origin": [5.9, 10.5, -6],
							"size": [2, 5, 12],
							"uv": {
								"east": {"uv": [2, 1], "uv_size": [12, 5]},
								"west": {"uv": [2, 1], "uv_size": [12, 5]},
								"up": {"uv": [30, 14], "uv_size": [-2, -12]},
								"down": {"uv": [29, 2], "uv_size": [2, 12]}
							}
						},
						{
							"origin": [-7.9, 10.5, -6],
							"size": [2, 5, 12],
							"uv": {
								"north": {"uv": [0, 0], "uv_size": [2, 2]},
								"east": {"uv": [2, 1], "uv_size": [12, 5]},
								"south": {"uv": [0, 0], "uv_size": [2, 2]},
								"west": {"uv": [2, 1], "uv_size": [12, 5]},
								"up": {"uv": [30, 14], "uv_size": [-2, -12]},
								"down": {"uv": [29, 2], "uv_size": [2, 12]}
							}
						}
					]
				}
			]
		}
	]
}