{
	"format_version": "1.12.0",
	"minecraft:geometry": [
		{
			"description": {
				"identifier": "geometry.dark_oak_sapling_3",
				"texture_width": 16,
				"texture_height": 16,
				"visible_bounds_width": 2,
				"visible_bounds_height": 1,
				"visible_bounds_offset": [0, 0.5, 0]
			},
			"bones": [
				{
					"name": "body",
					"pivot": [0, 0, 0],
					"cubes": [
						{
							"origin": [-8, 15, -8],
							"size": [16, 1, 2],
							"pivot": [0, 8, 0],
							"uv": {
								"north": {"uv": [0, 0], "uv_size": [16, 1]},
								"east": {"uv": [0, 0], "uv_size": [2, 1]},
								"south": {"uv": [0, 0], "uv_size": [16, 1]},
								"west": {"uv": [0, 0], "uv_size": [2, 1]},
								"up": {"uv": [16, 2], "uv_size": [-16, -2]},
								"down": {"uv": [0, 0], "uv_size": [16, 2]}
							}
						},
						{
							"origin": [-8, 0, -8],
							"size": [16, 1, 2],
							"pivot": [0, 8, 0],
							"uv": {
								"north": {"uv": [0, 1], "uv_size": [16, 1]},
								"east": {"uv": [0, 0], "uv_size": [2, 1]},
								"south": {"uv": [0, 1], "uv_size": [16, 1]},
								"west": {"uv": [0, 0], "uv_size": [2, 1]},
								"up": {"uv": [16, 2], "uv_size": [-16, -2]},
								"down": {"uv": [0, 0], "uv_size": [16, 2]}
							}
						},
						{
							"origin": [7, 1, -8],
							"size": [1, 14, 2],
							"pivot": [0, 8, 0],
							"uv": {
								"north": {"uv": [1, 2], "uv_size": [1, 14]},
								"east": {"uv": [0, 2], "uv_size": [2, 14]},
								"south": {"uv": [0, 2], "uv_size": [1, 14]},
								"west": {"uv": [0, 2], "uv_size": [2, 14]}
							}
						},
						{
							"origin": [-8, 1, -8],
							"size": [1, 14, 2],
							"pivot": [0, 8, 0],
							"uv": {
								"north": {"uv": [0, 2], "uv_size": [1, 14]},
								"east": {"uv": [0, 2], "uv_size": [2, 14]},
								"south": {"uv": [1, 2], "uv_size": [1, 14]},
								"west": {"uv": [0, 2], "uv_size": [2, 14]}
							}
						},
						{
							"origin": [-7, 1, -7],
							"size": [14, 14, 0.01],
							"pivot": [0, 8, 0],
							"uv": {
								"north": {"uv": [16, 15], "uv_size": [-1, 1]},
								"south": {"uv": [2, 2], "uv_size": [14, 14]}
							}
						}
					]
				}
			]
		}
	]
}