{
	"format_version": "1.12.0",
	"minecraft:geometry": [
		{
			"description": {
				"identifier": "geometry.dark_oak_sapling_0",
				"texture_width": 16,
				"texture_height": 16,
				"visible_bounds_width": 3,
				"visible_bounds_height": 2,
				"visible_bounds_offset": [0, 1, 0]
			},
			"bones": [
				{
					"name": "body",
					"pivot": [0, 0, 0]
				},
				{
					"name": "pot",
					"parent": "body",
					"pivot": [8, 0, -8],
					"cubes": [
						{
							"origin": [-3, 0, -3],
							"size": [6, 6, 6],
							"pivot": [0, 8, 0],
							"uv": {
								"north": {"uv": [2.5, 13], "uv_size": [3, 3]},
								"east": {"uv": [2.5, 13], "uv_size": [3, 3]},
								"south": {"uv": [2.5, 13], "uv_size": [3, 3]},
								"west": {"uv": [2.5, 13], "uv_size": [3, 3]},
								"up": {"uv": [3, 11], "uv_size": [-3, -3]},
								"down": {"uv": [5, 8], "uv_size": [3, 3]}
							}
						}
					]
				},
				{
					"name": "plant",
					"parent": "body",
					"pivot": [0, 8, 0],
					"cubes": [
						{
							"origin": [-8, 10, -11],
							"size": [16, 0.01, 17],
							"pivot": [0, 8, 0],
							"rotation": [45, 0, 0],
							"uv": {
								"down": {"uv": [8, 0], "uv_size": [-8, 8]}
							}
						},
						{
							"origin": [-8, 10, -6],
							"size": [16, 0.01, 17],
							"pivot": [0, 8, 0],
							"rotation": [-45, 0, 0],
							"uv": {
								"up": {"uv": [8, 8], "uv_size": [-8, -8]},
								"down": {"uv": [0, 8], "uv_size": [8, -8]}
							}
						},
						{
							"origin": [-8, 12, -14],
							"size": [16, 0.01, 16],
							"pivot": [0, 16, 0],
							"rotation": [22.5, 0, 0],
							"uv": {
								"up": {"uv": [8, 0], "uv_size": [8, 8]}
							}
						},
						{
							"origin": [-8, 12, -2],
							"size": [16, 0.01, 16],
							"pivot": [0, 16, 0],
							"rotation": [-22.5, 0, 0],
							"uv": {
								"up": {"uv": [16, 8], "uv_size": [-8, -8]}
							}
						},
						{
							"origin": [-3.5, 1, -3.5],
							"size": [7, 6, 7],
							"pivot": [0, 7, 0],
							"rotation": [0, 22.5, 0],
							"uv": {
								"north": {"uv": [10.5, 9], "uv_size": [3.5, 3]},
								"east": {"uv": [10.5, 9], "uv_size": [3.5, 3]},
								"south": {"uv": [10.5, 9], "uv_size": [3.5, 3]},
								"west": {"uv": [10.5, 9], "uv_size": [3.5, 3]}
							}
						}
					]
				},
				{
					"name": "bone",
					"parent": "plant",
					"pivot": [0, 8.5, 0],
					"rotation": [0, -90, 0],
					"cubes": [
						{
							"origin": [-8, 10.5, -3],
							"size": [16, 0.01, 16],
							"pivot": [0, 8.5, 0],
							"rotation": [-45, 0, 0],
							"uv": {
								"up": {"uv": [16, 8], "uv_size": [-8, -8]}
							}
						},
						{
							"origin": [-8, 10.5, -13],
							"size": [16, 0.01, 16],
							"pivot": [0, 8.5, 0],
							"rotation": [45, 0, 0],
							"uv": {
								"down": {"uv": [16, 0], "uv_size": [-8, 8]}
							}
						}
					]
				},
				{
					"name": "bone2",
					"parent": "plant",
					"pivot": [0, 16, 0],
					"rotation": [0, -90, 0],
					"cubes": [
						{
							"origin": [-8, 12, -3],
							"size": [16, 0.01, 16],
							"pivot": [0, 16, 0],
							"rotation": [-22.5, 0, 0],
							"uv": {
								"up": {"uv": [16, 8], "uv_size": [-8, -8]}
							}
						},
						{
							"origin": [-8, 12, -13],
							"size": [16, 0.01, 16],
							"pivot": [0, 16, 0],
							"rotation": [22.5, 0, 0],
							"uv": {
								"up": {"uv": [8, 0], "uv_size": [8, 8]}
							}
						}
					]
				}
			]
		}
	]
}