{
	"format_version": "1.12.0",
	"minecraft:geometry": [
		{
			"description": {
				"identifier": "geometry.dark_oak_sapling_1",
				"texture_width": 64,
				"texture_height": 64,
				"visible_bounds_width": 3,
				"visible_bounds_height": 3,
				"visible_bounds_offset": [0, 1.5, 0]
			},
			"bones": [
				{
					"name": "body",
					"pivot": [0, 0, 0]
				},
				{
					"name": "pot",
					"parent": "body",
					"pivot": [8, 0, -8],
					"cubes": [
						{
							"origin": [-3, 7, 1],
							"size": [6, 6, 6],
							"pivot": [0, 8, 7],
							"rotation": [22.5, 0, 0],
							"uv": {
								"north": {"uv": [5, 58], "uv_size": [6, 6]},
								"east": {"uv": [5, 58], "uv_size": [6, 6]},
								"south": {"uv": [5, 58], "uv_size": [6, 6]},
								"west": {"uv": [5, 58], "uv_size": [6, 6]},
								"up": {"uv": [6, 54], "uv_size": [-6, -6]},
								"down": {"uv": [10, 48], "uv_size": [6, 6]}
							}
						}
					]
				},
				{
					"name": "plant",
					"parent": "body",
					"pivot": [0, 8, 0],
					"cubes": [
						{
							"origin": [-8, 16, -9.5],
							"size": [16, 0.01, 17],
							"pivot": [0, 14, 1.5],
							"rotation": [45, 0, 0],
							"uv": {
								"up": {"uv": [32, 0], "uv_size": [16, 16]}
							}
						},
						{
							"origin": [-8, 16, -4.5],
							"size": [16, 0.01, 17],
							"pivot": [0, 14, 1.5],
							"rotation": [-45, 0, 0],
							"uv": {
								"up": {"uv": [48, 16], "uv_size": [-16, -16]}
							}
						},
						{
							"origin": [-8, 18, -12.5],
							"size": [16, 0.01, 16],
							"pivot": [0, 22, 1.5],
							"rotation": [22.5, 0, 0],
							"uv": {
								"up": {"uv": [48, 0], "uv_size": [16, 16]}
							}
						},
						{
							"origin": [-8, 18, -0.5],
							"size": [16, 0.01, 16],
							"pivot": [0, 22, 1.5],
							"rotation": [-22.5, 0, 0],
							"uv": {
								"up": {"uv": [64, 16], "uv_size": [-16, -16]}
							}
						},
						{
							"origin": [-3.5, 7, -2],
							"size": [7, 6, 7],
							"pivot": [0, 13, 1.5],
							"rotation": [0, 22.5, 0],
							"uv": {
								"north": {"uv": [53, 18], "uv_size": [7, 6]},
								"east": {"uv": [53, 18], "uv_size": [7, 6]},
								"south": {"uv": [53, 18], "uv_size": [7, 6]},
								"west": {"uv": [53, 18], "uv_size": [7, 6]}
							}
						},
						{
							"origin": [-3.5, -16, -2],
							"size": [7, 29, 7],
							"pivot": [0, 5, 1.5],
							"rotation": [0, -45, 0],
							"uv": {
								"north": {"uv": [0, 0], "uv_size": [7, 29]},
								"east": {"uv": [17, 0], "uv_size": [7, 29]},
								"south": {"uv": [0, 0], "uv_size": [7, 29]},
								"west": {"uv": [17, 0], "uv_size": [7, 29]}
							}
						},
						{
							"origin": [-4, -16, -2.5],
							"size": [8, 29, 8],
							"pivot": [0, 5, 1.5],
							"rotation": [0, -45, 0],
							"uv": {
								"north": {"uv": [8, 0], "uv_size": [8, 29]},
								"east": {"uv": [24, 0], "uv_size": [8, 29]},
								"south": {"uv": [8, 0], "uv_size": [8, 29]},
								"west": {"uv": [24, 0], "uv_size": [8, 29]}
							}
						}
					]
				},
				{
					"name": "bone",
					"parent": "plant",
					"pivot": [0, 14.5, 1.5],
					"rotation": [0, 90, 0],
					"cubes": [
						{
							"origin": [-8, 16.5, -1.5],
							"size": [16, 0.01, 16],
							"pivot": [0, 14.5, 1.5],
							"rotation": [-45, 0, 0],
							"uv": {
								"up": {"uv": [64, 16], "uv_size": [-16, -16]}
							}
						},
						{
							"origin": [-8, 16.5, -11.5],
							"size": [16, 0.01, 16],
							"pivot": [0, 14.5, 1.5],
							"rotation": [45, 0, 0],
							"uv": {
								"up": {"uv": [48, 0], "uv_size": [16, 16]}
							}
						}
					]
				},
				{
					"name": "bone2",
					"parent": "plant",
					"pivot": [0, 22, 1.5],
					"rotation": [0, 90, 0],
					"cubes": [
						{
							"origin": [-8, 18, -1.5],
							"size": [16, 0.01, 16],
							"pivot": [0, 22, 1.5],
							"rotation": [-22.5, 0, 0],
							"uv": {
								"up": {"uv": [64, 16], "uv_size": [-16, -16]}
							}
						},
						{
							"origin": [-8, 18, -11.5],
							"size": [16, 0.01, 16],
							"pivot": [0, 22, 1.5],
							"rotation": [22.5, 0, 0],
							"uv": {
								"up": {"uv": [48, 0], "uv_size": [16, 16]}
							}
						}
					]
				}
			]
		}
	]
}