{
	"format_version": "1.10.0",
	"geometry.egg_0": {
		"texturewidth": 80,
		"textureheight": 80,
		"visible_bounds_width": 1,
		"visible_bounds_height": 1,
		"visible_bounds_offset": [0, 0.5, 0],
		"bones": [
			{
				"name": "body",
				"pivot": [0, 0, 0],
				"cubes": []
			},
			{
				"name": "basket",
				"parent": "body",
				"pivot": [-8, 8, 8],
				"cubes": [
					{"origin": [-6, 0, -6], "size": [12, 3, 12], "uv": [0, 35]},
					{"origin": [-5, 1, 5], "size": [10, 3, 2], "uv": [0, 69]},
					{"origin": [-5, 1, -7], "size": [10, 3, 2], "uv": [0, 74]},
					{"origin": [-7, 1, -7], "size": [2, 3, 14], "uv": [0, 52]},
					{"origin": [5, 1, -7], "size": [2, 3, 14], "uv": [48, 35]}
				]
			},
			{
				"name": "egg",
				"parent": "body",
				"pivot": [-8, 8, 8],
				"cubes": [
					{"origin": [-4, 3, 1], "size": [3, 3, 4], "uv": [0, 0]},
					{"origin": [-1, 3, -3], "size": [3, 3, 4], "uv": [0, 8]},
					{"origin": [2, 2, -5], "size": [3, 3, 4], "uv": [0, 0]}
				]
			},
			{
				"name": "90deg",
				"parent": "egg",
				"pivot": [0, 0, 0],
				"rotation": [0, -90, 0],
				"cubes": [
					{"origin": [-4, 2, 1], "size": [3, 3, 4], "uv": [0, 8]}
				]
			},
			{
				"name": "270deg",
				"parent": "egg",
				"pivot": [0, 0, 0],
				"rotation": [0, 90, 0],
				"cubes": [
					{"origin": [-4, 2, 0], "size": [3, 3, 4], "uv": [0, 8]}
				]
			}
		]
	}
}