{
	"format_version": "1.10.0",
	"geometry.enchanted_book_0": {
		"texturewidth": 48,
		"textureheight": 48,
		"visible_bounds_width": 1,
		"visible_bounds_height": 1,
		"visible_bounds_offset": [0, 0.5, 0],
		"bones": [
			{
				"name": "body",
				"pivot": [0, 0, 0],
				"cubes": [
					{"origin": [-4, 0, -5], "size": [7, 3, 10], "uv": [0, 0]},
					{"origin": [-4.2, -0.2, -1], "size": [7.4, 3.4, 2], "uv": [0, 14]},
					{"origin": [1.04, 3.2, -1.02], "size": [2.04, 0.51, 2.04], "uv": [0, 20]},
					{"origin": [2, 3.2, -2], "size": [2, 0.01, 2], "uv": [7, 20]}
				]
			}
		]
	}
}