{
	"format_version": "1.10.0",
	"geometry.glass_bottle_0": {
		"texturewidth": 32,
		"textureheight": 32,
		"visible_bounds_width": 1,
		"visible_bounds_height": 1,
		"visible_bounds_offset": [0, 0.5, 0],
		"bones": [
			{
				"name": "body",
				"pivot": [0, 8, 0],
				"cubes": [
					{"origin": [-1, 11, -1], "size": [2, 2, 2], "uv": [0, 24]},
					{"origin": [-4, 0, -4], "size": [8, 8, 8], "uv": [0, 7]},
					{"origin": [-1.5, 7, -1.5], "size": [3, 3, 3], "uv": [17, 0]},
					{"origin": [-2, 10, -2], "size": [4, 2, 4], "uv": [0, 0]}
				]
			}
		]
	}
}