{
	"format_version": "1.12.0",
	"minecraft:geometry": [
		{
			"description": {
				"identifier": "geometry.glistering_melon_slice_0",
				"texture_width": 16,
				"texture_height": 16,
				"visible_bounds_width": 2,
				"visible_bounds_height": 1,
				"visible_bounds_offset": [0, 0.5, 0]
			},
			"bones": [
				{
					"name": "body",
					"pivot": [0, 0, -8],
					"cubes": [
						{
							"origin": [-4, 0, -2],
							"size": [8, 1, 3],
							"pivot": [0, 8, 0],
							"uv": {
								"north": {"uv": [11, 9], "uv_size": [-8, 1]},
								"east": {"uv": [14, 13], "uv_size": [1, -3]},
								"south": {"uv": [3, 9], "uv_size": [8, 1]},
								"west": {"uv": [14, 10], "uv_size": [1, 3]},
								"down": {"uv": [4, 13], "uv_size": [8, 3]}
							}
						},
						{
							"origin": [-6, 1, -2],
							"size": [12, 2, 3],
							"pivot": [0, 8, 0],
							"uv": {
								"north": {"uv": [13, 7], "uv_size": [-12, 2]},
								"east": {"uv": [12, 13], "uv_size": [2, -3]},
								"south": {"uv": [1, 7], "uv_size": [12, 2]},
								"west": {"uv": [12, 10], "uv_size": [2, 3]},
								"down": {"uv": [2, 13], "uv_size": [12, 3]}
							}
						},
						{
							"origin": [-7, 3, -2],
							"size": [14, 4, 3],
							"pivot": [0, 8, 0],
							"uv": {
								"north": {"uv": [0, 3], "uv_size": [14, 4]},
								"east": {"uv": [8, 13], "uv_size": [4, -3]},
								"south": {"uv": [0, 3], "uv_size": [14, 4]},
								"west": {"uv": [8, 10], "uv_size": [4, 3]},
								"up": {"uv": [14, 3], "uv_size": [-14, -3]},
								"down": {"uv": [1, 13], "uv_size": [14, 3]}
							}
						}
					]
				}
			]
		}
	]
}