{
	"format_version": "1.12.0",
	"minecraft:geometry": [
		{
			"description": {
				"identifier": "geometry.glowstone_0",
				"texture_width": 16,
				"texture_height": 16,
				"visible_bounds_width": 2,
				"visible_bounds_height": 1,
				"visible_bounds_offset": [0, 0.5, 0]
			},
			"bones": [
				{
					"name": "body",
					"pivot": [0, 0, 0],
					"cubes": [
						{
							"origin": [-6, 2.5, -5],
							"size": [12, 12, 10],
							"uv": {
								"north": {"uv": [2, 2], "uv_size": [12, 12]},
								"east": {"uv": [2, 2], "uv_size": [12, 12]},
								"south": {"uv": [2, 2], "uv_size": [12, 12]},
								"west": {"uv": [2, 2], "uv_size": [12, 12]},
								"up": {"uv": [14, 14], "uv_size": [-12, -12]},
								"down": {"uv": [2, 2], "uv_size": [12, 12]}
							}
						}
					]
				},
				{
					"name": "bone",
					"parent": "body",
					"pivot": [0, 8.5, 0],
					"cubes": [
						{
							"origin": [-6, 2.5, -4.9],
							"size": [12, 12, 9.8],
							"pivot": [0, 8.5, 0],
							"rotation": [0, 0, 45],
							"uv": {
								"north": {"uv": [2, 2], "uv_size": [12, 12]},
								"east": {"uv": [2, 2], "uv_size": [12, 12]},
								"south": {"uv": [2, 2], "uv_size": [12, 12]},
								"west": {"uv": [2, 2], "uv_size": [12, 12]},
								"up": {"uv": [14, 14], "uv_size": [-12, -12]},
								"down": {"uv": [2, 2], "uv_size": [12, 12]}
							}
						}
					]
				}
			]
		}
	]
}