{
	"format_version": "1.10.0",
	"geometry.gold_ingot_1": {
		"texturewidth": 48,
		"textureheight": 48,
		"visible_bounds_width": 2,
		"visible_bounds_height": 1,
		"visible_bounds_offset": [0, 0.5, 0],
		"bones": [
			{
				"name": "body",
				"pivot": [0, 0, 0],
				"cubes": [
					{"origin": [-5.5, 0, -6.5], "size": [11, 4, 6], "uv": [0, 0]},
					{"origin": [-5.5, 0, 0.5], "size": [11, 4, 6], "uv": [0, 0]},
					{"origin": [-5.5, 4.25, -3], "size": [11, 4, 6], "uv": [0, 0]}
				]
			}
		]
	}
}