{
	"format_version": "1.12.0",
	"minecraft:geometry": [
		{
			"description": {
				"identifier": "geometry.golden_carrot_0",
				"texture_width": 16,
				"texture_height": 16,
				"visible_bounds_width": 3,
				"visible_bounds_height": 1,
				"visible_bounds_offset": [0, 0.5, 0]
			},
			"bones": [
				{
					"name": "body",
					"pivot": [0, 0, 0],
					"cubes": [
						{
							"origin": [5, 0.5, -1],
							"size": [3, 3, 3],
							"pivot": [0, 8, 0],
							"uv": {
								"north": {"uv": [3, 3], "uv_size": [-3, 3]},
								"south": {"uv": [0, 3], "uv_size": [3, 3]},
								"west": {"uv": [3, 0], "uv_size": [3, 3]},
								"up": {"uv": [3, 3], "uv_size": [-3, -3]},
								"down": {"uv": [0, 3], "uv_size": [3, 3]}
							}
						},
						{
							"origin": [-1, 0, -1.5],
							"size": [6, 4, 4],
							"pivot": [0, 8, 0],
							"uv": {
								"north": {"uv": [6, 12], "uv_size": [-6, 4]},
								"east": {"uv": [6, 12], "uv_size": [4, 4]},
								"south": {"uv": [0, 12], "uv_size": [6, 4]},
								"west": {"uv": [6, 12], "uv_size": [4, 4]},
								"up": {"uv": [6, 12], "uv_size": [-6, -4]},
								"down": {"uv": [0, 12], "uv_size": [6, 4]}
							}
						}
					]
				},
				{
					"name": "bone2",
					"parent": "body",
					"pivot": [-5.5, 2, 0],
					"rotation": [0, 90, 0],
					"cubes": [
						{
							"origin": [-8.5, 2, -4.5],
							"size": [6, 0.01, 9],
							"pivot": [-5.5, 2, 0],
							"rotation": [0, 0, 22.5],
							"uv": {
								"north": {"uv": [0, 0], "uv_size": [0, 0]},
								"east": {"uv": [0, 0], "uv_size": [0, 0]},
								"south": {"uv": [0, 0], "uv_size": [0, 0]},
								"west": {"uv": [0, 0], "uv_size": [0, 0]},
								"up": {"uv": [15, 10], "uv_size": [-6, -9]}
							}
						},
						{
							"origin": [-8.5, 2, -4.5],
							"size": [6, 0.01, 9],
							"pivot": [-5.5, 2, 0],
							"rotation": [0, 0, -22.5],
							"uv": {
								"north": {"uv": [0, 0], "uv_size": [0, 0]},
								"east": {"uv": [0, 0], "uv_size": [0, 0]},
								"south": {"uv": [0, 0], "uv_size": [0, 0]},
								"west": {"uv": [0, 0], "uv_size": [0, 0]},
								"up": {"uv": [15, 10], "uv_size": [-6, -9]}
							}
						}
					]
				}
			]
		}
	]
}