{
	"format_version": "1.12.0",
	"minecraft:geometry": [
		{
			"description": {
				"identifier": "geometry.gold_block_1",
				"texture_width": 32,
				"texture_height": 32,
				"visible_bounds_width": 2,
				"visible_bounds_height": 1,
				"visible_bounds_offset": [0, 0.5, 0]
			},
			"bones": [
				{
					"name": "body",
					"pivot": [0, 0, 0],
					"cubes": [
						{
							"origin": [-5, 0, -4],
							"size": [9, 9, 9],
							"uv": {
								"north": {"uv": [0, 16], "uv_size": [9, 9]},
								"east": {"uv": [0, 16], "uv_size": [9, 9]},
								"south": {"uv": [0, 16], "uv_size": [9, 9]},
								"west": {"uv": [0, 16], "uv_size": [9, 9]},
								"up": {"uv": [9, 25], "uv_size": [-9, -9]},
								"down": {"uv": [0, 16], "uv_size": [9, 9]}
							}
						}
					]
				},
				{
					"name": "bone",
					"parent": "body",
					"pivot": [-0.5, 9.5, 0.5],
					"cubes": [
						{
							"origin": [-3.25, 10.25, -1],
							"size": [5, 0.01, 3],
							"pivot": [0, 8, 0],
							"rotation": [22.5, 0, 0],
							"uv": {
								"up": {"uv": [9, 1], "uv_size": [-5, 3]},
								"down": {"uv": [8, 8], "uv_size": [10, -6]}
							}
						},
						{
							"origin": [-2, 9.25, -4.5],
							"size": [3, 0.01, 5],
							"pivot": [-0.5, 9.5, 0.5],
							"rotation": [0, -112.5, 0],
							"uv": {
								"north": {"uv": [0, 0], "uv_size": [2, 2]},
								"east": {"uv": [0, 0], "uv_size": [2, 2]},
								"south": {"uv": [0, 0], "uv_size": [2, 2]},
								"west": {"uv": [0, 0], "uv_size": [2, 2]},
								"up": {"uv": [7, 26], "uv_size": [-3, 5]},
								"down": {"uv": [4, 26], "uv_size": [3, 5]}
							}
						},
						{
							"origin": [-2, 9.25, -4.5],
							"size": [3, 0.01, 5],
							"pivot": [-0.5, 9.5, 0.5],
							"rotation": [0, 135, 0],
							"uv": {
								"north": {"uv": [0, 0], "uv_size": [2, 2]},
								"east": {"uv": [0, 0], "uv_size": [2, 2]},
								"south": {"uv": [0, 0], "uv_size": [2, 2]},
								"west": {"uv": [0, 0], "uv_size": [2, 2]},
								"up": {"uv": [7, 26], "uv_size": [-3, 5]},
								"down": {"uv": [4, 26], "uv_size": [3, 5]}
							}
						},
						{
							"origin": [-2, 9.25, -4.5],
							"size": [3, 0.01, 5],
							"pivot": [-0.5, 9.5, 0.5],
							"rotation": [0, 22.5, 0],
							"uv": {
								"up": {"uv": [7, 26], "uv_size": [-3, 5]},
								"down": {"uv": [4, 26], "uv_size": [3, 5]}
							}
						},
						{
							"origin": [-1.5, 8.5, 0.5],
							"size": [2, 2, 3],
							"pivot": [0, 8, 0],
							"rotation": [0, 22.5, 0],
							"uv": {
								"north": {"uv": [1, 27], "uv_size": [2, 2]},
								"east": {"uv": [1, 26], "uv_size": [2, 3]},
								"south": {"uv": [1, 27], "uv_size": [2, 2]},
								"west": {"uv": [1, 26], "uv_size": [2, 3]},
								"up": {"uv": [3, 29], "uv_size": [-2, -3]},
								"down": {"uv": [1, 26], "uv_size": [2, 3]}
							}
						}
					]
				}
			]
		}
	]
}