{
	"format_version": "1.12.0",
	"minecraft:geometry": [
		{
			"description": {
				"identifier": "geometry.gold_block_2",
				"texture_width": 32,
				"texture_height": 32,
				"visible_bounds_width": 2,
				"visible_bounds_height": 1,
				"visible_bounds_offset": [0, 0.5, 0]
			},
			"bones": [
				{
					"name": "body",
					"pivot": [0, 8, 0]
				},
				{
					"name": "box1",
					"parent": "body",
					"pivot": [0, 8, 0],
					"cubes": [
						{
							"origin": [-1, 0, -1],
							"size": [8, 8, 8],
							"uv": {
								"north": {"uv": [8, 8], "uv_size": [8, 8]},
								"east": {"uv": [8, 8], "uv_size": [8, 8]},
								"south": {"uv": [8, 8], "uv_size": [8, 8]},
								"west": {"uv": [8, 8], "uv_size": [8, 8]},
								"up": {"uv": [16, 16], "uv_size": [-8, -8]},
								"down": {"uv": [8, 8], "uv_size": [8, 8]}
							}
						},
						{
							"origin": [0.5, 8, 3],
							"size": [5, 0.01, 3],
							"pivot": [3, 8, 3],
							"rotation": [22.5, 0, 0],
							"uv": {
								"up": {"uv": [15, 4], "uv_size": [-5, -3]},
								"down": {"uv": [10, 4], "uv_size": [5, -3]}
							}
						},
						{
							"origin": [0.5, 8, 3],
							"size": [5, 0.01, 3],
							"pivot": [3, 8, 3],
							"rotation": [22.5, -90, 0],
							"uv": {
								"north": {"uv": [0, 0], "uv_size": [2, 2]},
								"east": {"uv": [0, 0], "uv_size": [2, 2]},
								"south": {"uv": [0, 0], "uv_size": [2, 2]},
								"west": {"uv": [0, 0], "uv_size": [2, 2]},
								"up": {"uv": [15, 4], "uv_size": [-5, -3]},
								"down": {"uv": [10, 4], "uv_size": [5, -3]}
							}
						},
						{
							"origin": [0.5, 8, 0],
							"size": [5, 0.01, 3],
							"pivot": [3, 8, 3],
							"rotation": [-22.5, 0, 0],
							"uv": {
								"up": {"uv": [15, 4], "uv_size": [-5, -3]},
								"down": {"uv": [10, 1], "uv_size": [5, 3]}
							}
						},
						{
							"origin": [0.5, 8, 0],
							"size": [5, 0.01, 3],
							"pivot": [3, 8, 3],
							"rotation": [-22.5, -90, 0],
							"uv": {
								"north": {"uv": [0, 0], "uv_size": [2, 2]},
								"east": {"uv": [0, 0], "uv_size": [2, 2]},
								"south": {"uv": [0, 0], "uv_size": [2, 2]},
								"west": {"uv": [0, 0], "uv_size": [2, 2]},
								"up": {"uv": [15, 4], "uv_size": [-5, -3]},
								"down": {"uv": [10, 1], "uv_size": [5, 3]}
							}
						}
					]
				},
				{
					"name": "box2",
					"parent": "body",
					"pivot": [0, 8, 0],
					"cubes": [
						{
							"origin": [-5, 0, -6.5],
							"size": [3, 7, 15],
							"pivot": [0, 8, 0],
							"rotation": [0, -22.5, 0],
							"uv": {
								"north": {"uv": [17, 24], "uv_size": [3, 7]},
								"east": {"uv": [17, 24], "uv_size": [15, 7]},
								"south": {"uv": [17, 24], "uv_size": [3, 7]},
								"west": {"uv": [32, 24], "uv_size": [-15, 7]},
								"up": {"uv": [3, 0], "uv_size": [-3, 15]},
								"down": {"uv": [0, 0], "uv_size": [3, 15]}
							}
						},
						{
							"origin": [-5.5, 10, 2],
							"size": [0.01, 3, 5],
							"pivot": [0, 8, 0],
							"rotation": [-90, -22.5, 0],
							"uv": {
								"east": {"uv": [4, 1], "uv_size": [5, 3]},
								"west": {"uv": [4, 1], "uv_size": [5, 3]}
							}
						}
					]
				}
			]
		}
	]
}