{
	"format_version": "1.12.0",
	"minecraft:geometry": [
		{
			"description": {
				"identifier": "geometry.grass_0",
				"texture_width": 16,
				"texture_height": 16,
				"visible_bounds_width": 2,
				"visible_bounds_height": 1,
				"visible_bounds_offset": [0, 0.5, 0]
			},
			"bones": [
				{
					"name": "body",
					"pivot": [0, 0, 0],
					"cubes": [
						{
							"origin": [-7.2, 0, 2],
							"size": [14.4, 16, 0],
							"pivot": [0, 8, 0],
							"rotation": [0, -45, 0],
							"uv": {
								"north": {"uv": [16, 0], "uv_size": [-16, 16]},
								"south": {"uv": [0, 0], "uv_size": [16, 16]}
							}
						},
						{
							"origin": [0, 0, -5.2],
							"size": [0, 16, 14.4],
							"pivot": [0, 8, 0],
							"rotation": [0, -45, 0],
							"uv": {
								"east": {"uv": [16, 0], "uv_size": [-16, 16]},
								"west": {"uv": [0, 0], "uv_size": [16, 16]}
							}
						}
					]
				}
			]
		}
	]
}