{
	"format_version": "1.12.0",
	"minecraft:geometry": [
		{
			"description": {
				"identifier": "geometry.grass_7",
				"texture_width": 16,
				"texture_height": 16,
				"visible_bounds_width": 3,
				"visible_bounds_height": 1,
				"visible_bounds_offset": [0, 0.5, 0]
			},
			"bones": [
				{
					"name": "body",
					"pivot": [0, 0, 0]
				},
				{
					"name": "grass1",
					"parent": "body",
					"pivot": [0, 9.5, 0],
					"cubes": [
						{
							"origin": [-8, 8.5, 0],
							"size": [16, 0.01, 16],
							"pivot": [0, 9.5, 0],
							"rotation": [-45, 0, 0],
							"uv": {
								"up": {"uv": [16, 16], "uv_size": [-8, -8]},
								"down": {"uv": [8, 16], "uv_size": [8, -8]}
							}
						},
						{
							"origin": [-8, 8.5, -16],
							"size": [16, 0.01, 16],
							"pivot": [0, 9.5, 0],
							"rotation": [45, 0, 0],
							"uv": {
								"up": {"uv": [16, 8], "uv_size": [-8, -8]},
								"down": {"uv": [8, 8], "uv_size": [8, -8]}
							}
						},
						{
							"origin": [-8, 3.5, -2],
							"size": [16, 0.01, 8],
							"pivot": [0, 9.5, 0],
							"rotation": [-45, 0, 0],
							"uv": {
								"up": {"uv": [8, 12], "uv_size": [-8, 4]},
								"down": {"uv": [0, 12], "uv_size": [8, 4]}
							}
						},
						{
							"origin": [-8, 3.5, -6],
							"size": [16, 0.01, 8],
							"pivot": [0, 9.5, 0],
							"rotation": [45, 0, 0],
							"uv": {
								"up": {"uv": [8, 16], "uv_size": [-8, -4]},
								"down": {"uv": [0, 16], "uv_size": [8, -4]}
							}
						}
					]
				},
				{
					"name": "grass2",
					"parent": "body",
					"pivot": [0, 9.5, 0],
					"rotation": [0, -90, 0],
					"cubes": [
						{
							"origin": [-8, 8.5, 0],
							"size": [16, 0.01, 16],
							"pivot": [0, 9.5, 0],
							"rotation": [-45, 0, 0],
							"uv": {
								"north": {"uv": [0, 0], "uv_size": [0, 0]},
								"east": {"uv": [0, 0], "uv_size": [0, 0]},
								"south": {"uv": [0, 0], "uv_size": [0, 0]},
								"west": {"uv": [0, 0], "uv_size": [0, 0]},
								"up": {"uv": [16, 16], "uv_size": [-8, -8]},
								"down": {"uv": [8, 16], "uv_size": [8, -8]}
							}
						},
						{
							"origin": [-8, 8.5, -16],
							"size": [16, 0.01, 16],
							"pivot": [0, 9.5, 0],
							"rotation": [45, 0, 0],
							"uv": {
								"north": {"uv": [0, 0], "uv_size": [0, 0]},
								"east": {"uv": [0, 0], "uv_size": [0, 0]},
								"south": {"uv": [0, 0], "uv_size": [0, 0]},
								"west": {"uv": [0, 0], "uv_size": [0, 0]},
								"up": {"uv": [16, 8], "uv_size": [-8, -8]},
								"down": {"uv": [8, 8], "uv_size": [8, -8]}
							}
						},
						{
							"origin": [-8, 3.5, -2],
							"size": [16, 0.01, 8],
							"pivot": [0, 9.5, 0],
							"rotation": [-45, 0, 0],
							"uv": {
								"north": {"uv": [0, 0], "uv_size": [0, 0]},
								"east": {"uv": [0, 0], "uv_size": [0, 0]},
								"south": {"uv": [0, 0], "uv_size": [0, 0]},
								"west": {"uv": [0, 0], "uv_size": [0, 0]},
								"up": {"uv": [8, 12], "uv_size": [-8, 4]},
								"down": {"uv": [0, 12], "uv_size": [8, 4]}
							}
						},
						{
							"origin": [-8, 3.5, -6],
							"size": [16, 0.01, 8],
							"pivot": [0, 9.5, 0],
							"rotation": [45, 0, 0],
							"uv": {
								"north": {"uv": [0, 0], "uv_size": [0, 0]},
								"east": {"uv": [0, 0], "uv_size": [0, 0]},
								"south": {"uv": [0, 0], "uv_size": [0, 0]},
								"west": {"uv": [0, 0], "uv_size": [0, 0]},
								"up": {"uv": [8, 16], "uv_size": [-8, -4]},
								"down": {"uv": [0, 16], "uv_size": [8, -4]}
							}
						}
					]
				},
				{
					"name": "y45",
					"parent": "body",
					"pivot": [0, 2.5, 0],
					"cubes": [
						{
							"origin": [0, 0.5, -7.2],
							"size": [0.01, 8, 14.4],
							"pivot": [0, 2.5, 0],
							"rotation": [0, -45, 0],
							"uv": {
								"east": {"uv": [0, 12], "uv_size": [8, 4]},
								"west": {"uv": [0, 12], "uv_size": [8, 4]}
							}
						},
						{
							"origin": [-7.2, 0.5, 0],
							"size": [14.4, 8, 0.01],
							"pivot": [0, 2.5, 0],
							"rotation": [0, -45, 0],
							"uv": {
								"north": {"uv": [0, 12], "uv_size": [8, 4]},
								"south": {"uv": [0, 12], "uv_size": [8, 4]}
							}
						}
					]
				}
			]
		}
	]
}