{
	"format_version": "1.12.0",
	"minecraft:geometry": [
		{
			"description": {
				"identifier": "geometry.grass_6",
				"texture_width": 16,
				"texture_height": 16,
				"visible_bounds_width": 3,
				"visible_bounds_height": 1,
				"visible_bounds_offset": [0, 0.5, 0]
			},
			"bones": [
				{
					"name": "body",
					"pivot": [0, 0, 0],
					"cubes": [
						{
							"origin": [-7, 1.5, -8],
							"size": [15, 0.01, 15],
							"uv": {
								"up": {"uv": [9, 16], "uv_size": [-7.5, -7.5]},
								"down": {"uv": [1.5, 8.5], "uv_size": [7.5, 7.5]}
							}
						}
					]
				},
				{
					"name": "bone",
					"parent": "body",
					"pivot": [0, 8.5, 0],
					"cubes": [
						{
							"origin": [-10.5, 3.5, -7],
							"size": [21, 0.01, 15],
							"pivot": [0, 8.5, 0],
							"rotation": [45, 0, 0],
							"uv": {
								"up": {"uv": [10.5, 0], "uv_size": [-10.5, 8]},
								"down": {"uv": [0, 0], "uv_size": [10.5, 8]}
							}
						},
						{
							"origin": [-10.5, 3.5, -8],
							"size": [21, 0.01, 15],
							"pivot": [0, 8.5, 0],
							"rotation": [-45, 0, 0],
							"uv": {
								"up": {"uv": [10.5, 8], "uv_size": [-10.5, -8]},
								"down": {"uv": [0, 8], "uv_size": [10.5, -8]}
							}
						}
					]
				},
				{
					"name": "y90deg",
					"parent": "body",
					"pivot": [0, 8.5, 0],
					"rotation": [0, -90, 0],
					"cubes": [
						{
							"origin": [-10.5, 3.5, -7],
							"size": [21, 0.01, 15],
							"pivot": [0, 8.5, 0],
							"rotation": [45, 0, 0],
							"uv": {
								"north": {"uv": [0, 0], "uv_size": [1, 1]},
								"east": {"uv": [0, 0], "uv_size": [1, 1]},
								"south": {"uv": [0, 0], "uv_size": [1, 1]},
								"west": {"uv": [0, 0], "uv_size": [1, 1]},
								"up": {"uv": [10.5, 0], "uv_size": [-10.5, 8]},
								"down": {"uv": [0, 0], "uv_size": [10.5, 8]}
							}
						},
						{
							"origin": [-10.5, 3.5, -8],
							"size": [21, 0.01, 15],
							"pivot": [0, 8.5, 0],
							"rotation": [-45, 0, 0],
							"uv": {
								"north": {"uv": [0, 0], "uv_size": [1, 1]},
								"east": {"uv": [0, 0], "uv_size": [1, 1]},
								"south": {"uv": [0, 0], "uv_size": [1, 1]},
								"west": {"uv": [0, 0], "uv_size": [1, 1]},
								"up": {"uv": [10.5, 8], "uv_size": [-10.5, -8]},
								"down": {"uv": [0, 8], "uv_size": [10.5, -8]}
							}
						}
					]
				}
			]
		}
	]
}