{
	"format_version": "1.12.0",
	"minecraft:geometry": [
		{
			"description": {
				"identifier": "geometry.grass_4",
				"texture_width": 48,
				"texture_height": 48,
				"visible_bounds_width": 2,
				"visible_bounds_height": 1,
				"visible_bounds_offset": [0, 0.5, 0]
			},
			"bones": [
				{
					"name": "body",
					"pivot": [0, 0, 0],
					"cubes": [
						{
							"origin": [-8, 3.5, -8],
							"size": [16, 0.01, 16],
							"uv": {
								"up": {"uv": [15.999, 15.999], "uv_size": [-15.999, -15.999]},
								"down": {"uv": [0, 15.999], "uv_size": [15.999, -15.999]}
							}
						},
						{
							"origin": [-8, 3, -8],
							"size": [16, 0.01, 16],
							"uv": {
								"up": {"uv": [15.996, 31.002], "uv_size": [-15.996, -16.002]},
								"down": {"uv": [0, 30.999], "uv_size": [15.999, -15.999]}
							}
						},
						{
							"origin": [-8, 2.5, -8],
							"size": [16, 0.01, 16],
							"uv": {
								"up": {"uv": [15.999, 48], "uv_size": [-15.999, -15.999]},
								"down": {"uv": [0, 48], "uv_size": [15.999, -15.999]}
							}
						},
						{
							"origin": [-8, 2, -8],
							"size": [16, 0.01, 16],
							"uv": {
								"up": {"uv": [32.001, 15.999], "uv_size": [-16.002, -15.999]},
								"down": {"uv": [15.999, 15.999], "uv_size": [16.002, -15.999]}
							}
						},
						{
							"origin": [-8, 1.5, -8],
							"size": [16, 0.01, 16],
							"uv": {
								"up": {"uv": [32.001, 32.001], "uv_size": [-16.002, -16.002]},
								"down": {"uv": [15.999, 31.998], "uv_size": [16.002, -15.999]}
							}
						}
					]
				}
			]
		}
	]
}