{
	"format_version": "1.12.0",
	"minecraft:geometry": [
		{
			"description": {
				"identifier": "geometry.grass_8",
				"texture_width": 32,
				"texture_height": 32,
				"visible_bounds_width": 3,
				"visible_bounds_height": 1,
				"visible_bounds_offset": [0, 0.5, 0]
			},
			"bones": [
				{
					"name": "body",
					"pivot": [0, 0, 0]
				},
				{
					"name": "grass1",
					"parent": "body",
					"pivot": [0, 1, 0],
					"cubes": [
						{
							"origin": [-8, 11.5, 3],
							"size": [16, 0.01, 16],
							"pivot": [0, 12.5, 0],
							"rotation": [-45, 0, 0],
							"uv": {
								"up": {"uv": [24, 16], "uv_size": [-16, -16]},
								"down": {"uv": [8, 16], "uv_size": [16, -16]}
							}
						},
						{
							"origin": [-8, 11.5, -19],
							"size": [16, 0.01, 16],
							"pivot": [0, 12.5, 0],
							"rotation": [45, 0, 0],
							"uv": {
								"up": {"uv": [24, 16], "uv_size": [-16, -16]},
								"down": {"uv": [8, 16], "uv_size": [16, -16]}
							}
						},
						{
							"origin": [-16, 1, 0],
							"size": [32, 0.01, 16],
							"pivot": [0, 1, 0],
							"rotation": [45, 0, 0],
							"uv": {
								"up": {"uv": [32, 32], "uv_size": [-32, -16]},
								"down": {"uv": [0, 32], "uv_size": [32, -16]}
							}
						},
						{
							"origin": [-16, 1, -16],
							"size": [32, 0.01, 16],
							"pivot": [0, 1, 0],
							"rotation": [-45, 0, 0],
							"uv": {
								"up": {"uv": [32, 32], "uv_size": [-32, -16]},
								"down": {"uv": [0, 32], "uv_size": [32, -16]}
							}
						}
					]
				},
				{
					"name": "grass2",
					"parent": "body",
					"pivot": [0, 1, 0],
					"rotation": [0, -90, 0],
					"cubes": [
						{
							"origin": [-8, 11.5, 3],
							"size": [16, 0.01, 16],
							"pivot": [0, 12.5, 0],
							"rotation": [-45, 0, 0],
							"uv": {
								"north": {"uv": [0, 0], "uv_size": [0, 0]},
								"east": {"uv": [0, 0], "uv_size": [0, 0]},
								"south": {"uv": [0, 0], "uv_size": [0, 0]},
								"west": {"uv": [0, 0], "uv_size": [0, 0]},
								"up": {"uv": [24, 16], "uv_size": [-16, -16]},
								"down": {"uv": [8, 16], "uv_size": [16, -16]}
							}
						},
						{
							"origin": [-8, 11.5, -19],
							"size": [16, 0.01, 16],
							"pivot": [0, 12.5, 0],
							"rotation": [45, 0, 0],
							"uv": {
								"north": {"uv": [0, 0], "uv_size": [0, 0]},
								"east": {"uv": [0, 0], "uv_size": [0, 0]},
								"south": {"uv": [0, 0], "uv_size": [0, 0]},
								"west": {"uv": [0, 0], "uv_size": [0, 0]},
								"up": {"uv": [24, 16], "uv_size": [-16, -16]},
								"down": {"uv": [8, 16], "uv_size": [16, -16]}
							}
						},
						{
							"origin": [-16, 1, 0],
							"size": [32, 0.01, 16],
							"pivot": [0, 1, 0],
							"rotation": [45, 0, 0],
							"uv": {
								"north": {"uv": [0, 0], "uv_size": [0, 0]},
								"east": {"uv": [0, 0], "uv_size": [0, 0]},
								"south": {"uv": [0, 0], "uv_size": [0, 0]},
								"west": {"uv": [0, 0], "uv_size": [0, 0]},
								"up": {"uv": [32, 32], "uv_size": [-32, -16]},
								"down": {"uv": [0, 32], "uv_size": [32, -16]}
							}
						},
						{
							"origin": [-16, 1, -16],
							"size": [32, 0.01, 16],
							"pivot": [0, 1, 0],
							"rotation": [-45, 0, 0],
							"uv": {
								"north": {"uv": [0, 0], "uv_size": [0, 0]},
								"east": {"uv": [0, 0], "uv_size": [0, 0]},
								"south": {"uv": [0, 0], "uv_size": [0, 0]},
								"west": {"uv": [0, 0], "uv_size": [0, 0]},
								"up": {"uv": [32, 32], "uv_size": [-32, -16]},
								"down": {"uv": [0, 32], "uv_size": [32, -16]}
							}
						}
					]
				},
				{
					"name": "y45deg",
					"parent": "body",
					"pivot": [0, 0, 0],
					"cubes": [
						{
							"origin": [0, 0, -12.8],
							"size": [0.01, 16, 25.6],
							"pivot": [0, 0, 0],
							"rotation": [0, -45, 0],
							"uv": {
								"east": {"uv": [0, 16], "uv_size": [32, 16]},
								"west": {"uv": [0, 16], "uv_size": [32, 16]}
							}
						},
						{
							"origin": [-12.8, 0, -0.01],
							"size": [25.6, 16, 0.01],
							"pivot": [0, 0, 0],
							"rotation": [0, -45, 0],
							"uv": {
								"north": {"uv": [0, 16], "uv_size": [32, 16]},
								"south": {"uv": [0, 16], "uv_size": [32, 16]}
							}
						}
					]
				}
			]
		}
	]
}