{
	"format_version": "1.12.0",
	"minecraft:geometry": [
		{
			"description": {
				"identifier": "geometry.jungle_sapling_1",
				"texture_width": 16,
				"texture_height": 16,
				"visible_bounds_width": 2,
				"visible_bounds_height": 2,
				"visible_bounds_offset": [0, 1, 0]
			},
			"bones": [
				{
					"name": "body",
					"pivot": [0, 0, 0]
				},
				{
					"name": "plant",
					"parent": "body",
					"pivot": [0, 8, 0],
					"cubes": [
						{
							"origin": [-3.5, 5, -2],
							"size": [7, 5, 5],
							"pivot": [0, 7.5, 0.5],
							"rotation": [0, 22.5, 0],
							"uv": {
								"north": {"uv": [11.5, 0], "uv_size": [-3.5, 2.5]},
								"east": {"uv": [8, 2.5], "uv_size": [2.5, 2.5]},
								"south": {"uv": [8, 0], "uv_size": [3.5, 2.5]},
								"west": {"uv": [8, 2.5], "uv_size": [2.5, 2.5]},
								"up": {"uv": [11.5, 2.5], "uv_size": [-3.5, -2.5]},
								"down": {"uv": [12.5, 0], "uv_size": [3.5, 2.5]}
							}
						},
						{
							"origin": [-4, 9, -1],
							"size": [9, 20, 0.01],
							"pivot": [0, 10, 0],
							"rotation": [0, -45, 0],
							"uv": {
								"north": {"uv": [9.5, 6], "uv_size": [5, 10]}
							}
						},
						{
							"origin": [0.5, 9, -5.5],
							"size": [0.01, 20, 9],
							"pivot": [0, 10, 0],
							"rotation": [0, -45, 0],
							"uv": {
								"east": {"uv": [9.5, 6], "uv_size": [5, 10]}
							}
						}
					]
				},
				{
					"name": "flower_pot",
					"parent": "body",
					"pivot": [0, 8, 0],
					"cubes": [
						{
							"origin": [-5, 0, -5],
							"size": [10, 5, 10],
							"pivot": [0, 8, 0],
							"uv": {
								"north": {"uv": [0, 5.5], "uv_size": [5, 2.5]},
								"east": {"uv": [0, 5.5], "uv_size": [5, 2.5]},
								"south": {"uv": [0, 5.5], "uv_size": [5, 2.5]},
								"west": {"uv": [0, 5.5], "uv_size": [5, 2.5]},
								"up": {"uv": [6.5, 14.5], "uv_size": [-5, -5]},
								"down": {"uv": [0, 0], "uv_size": [5, 5]}
							}
						},
						{
							"origin": [-5, 3, -6],
							"size": [10, 3, 1],
							"pivot": [0, 8, 0],
							"uv": {
								"north": {"uv": [0, 5], "uv_size": [5, 1.5]},
								"south": {"uv": [0, 5], "uv_size": [5, 1.5]},
								"up": {"uv": [6.5, 5.5], "uv_size": [-0.5, -5]},
								"down": {"uv": [6.5, 0.5], "uv_size": [0.5, 5]}
							}
						},
						{
							"origin": [-5, 3, 5],
							"size": [10, 3, 1],
							"pivot": [0, 8, 0],
							"uv": {
								"north": {"uv": [0.5, 5], "uv_size": [5, 1.5]},
								"south": {"uv": [0.5, 5], "uv_size": [5, 1.5]},
								"up": {"uv": [6.5, 5.5], "uv_size": [-0.5, -5]},
								"down": {"uv": [6.5, 0.5], "uv_size": [0.5, 5]}
							}
						},
						{
							"origin": [5, 3, -6],
							"size": [1, 3, 12],
							"pivot": [0, 8, 0],
							"uv": {
								"north": {"uv": [5.5, 5], "uv_size": [0.5, 1.5]},
								"east": {"uv": [0, 5], "uv_size": [6, 1.5]},
								"south": {"uv": [0, 5], "uv_size": [0.5, 1.5]},
								"west": {"uv": [0, 5], "uv_size": [6, 1.5]},
								"up": {"uv": [6.5, 6.5], "uv_size": [-0.5, -6]},
								"down": {"uv": [6.5, 0.5], "uv_size": [0.5, 6]}
							}
						},
						{
							"origin": [-6, 3, -6],
							"size": [1, 3, 12],
							"pivot": [0, 8, 0],
							"uv": {
								"north": {"uv": [0, 5], "uv_size": [0.5, 1.5]},
								"east": {"uv": [0, 5], "uv_size": [6, 1.5]},
								"south": {"uv": [5.5, 5], "uv_size": [0.5, 1.5]},
								"west": {"uv": [0, 5], "uv_size": [6, 1.5]},
								"up": {"uv": [6.5, 6.5], "uv_size": [-0.5, -6]},
								"down": {"uv": [6.5, 0.5], "uv_size": [0.5, 6]}
							}
						}
					]
				}
			]
		}
	]
}