{
	"format_version": "1.10.0",
	"geometry.kitchen_wall_deco_1": {
		"texturewidth": 48,
		"textureheight": 48,
		"visible_bounds_width": 1,
		"visible_bounds_height": 1,
		"visible_bounds_offset": [0, 0.5, 0],
		"bones": [
			{
				"name": "body",
				"pivot": [0, 0, 0],
				"cubes": [
					{"origin": [-8, 13, 7], "size": [16, 3, 1], "uv": [0, 0]}
				]
			},
			{
				"name": "cup",
				"parent": "body",
				"pivot": [3, 14, 6],
				"rotation": [0, 0, 22.5],
				"cubes": [
					{"origin": [2, 10, 6.75], "size": [5, 2, 1], "uv": [21, 33]},
					{"origin": [2, 10, 3.75], "size": [5, 2, 1], "uv": [21, 33]},
					{"origin": [2, 9, 3.75], "size": [5, 1, 4], "uv": [18, 27]},
					{"origin": [2, 12, 3.75], "size": [5, 1, 4], "uv": [18, 27]},
					{"origin": [6, 10, 4.75], "size": [1, 2, 2], "uv": [28, 22]},
					{"origin": [3, 13, 5.25], "size": [2, 1, 1], "uv": [21, 24]}
				]
			},
			{
				"name": "cup2",
				"parent": "body",
				"pivot": [-4, 14, 6],
				"rotation": [0, 0, 22.5],
				"cubes": [
					{"origin": [-5, 10, 6.75], "size": [5, 2, 1], "uv": [21, 33]},
					{"origin": [-5, 10, 3.75], "size": [5, 2, 1], "uv": [21, 33]},
					{"origin": [-5, 9, 3.75], "size": [5, 1, 4], "uv": [18, 27]},
					{"origin": [-5, 12, 3.75], "size": [5, 1, 4], "uv": [18, 27]},
					{"origin": [-1, 10, 4.75], "size": [1, 2, 2], "uv": [28, 22]},
					{"origin": [-4, 13, 5.25], "size": [2, 1, 1], "uv": [21, 24]}
				]
			}
		]
	}
}