{
	"format_version": "1.10.0",
	"geometry.kitchen_wall_deco_2": {
		"texturewidth": 48,
		"textureheight": 48,
		"visible_bounds_width": 1,
		"visible_bounds_height": 1,
		"visible_bounds_offset": [0, 0.5, 0],
		"bones": [
			{
				"name": "body",
				"pivot": [0, 0, 0],
				"cubes": [
					{"origin": [-8, 13, 7], "size": [16, 3, 1], "uv": [0, 0]}
				]
			},
			{
				"name": "group_a",
				"parent": "body",
				"pivot": [-4, 8, 6],
				"rotation": [0, -45, 0],
				"cubes": [
					{"origin": [-7, 1, 5.99], "size": [6, 13, 0.01], "uv": [0, 5]}
				]
			},
			{
				"name": "group_b",
				"parent": "body",
				"pivot": [4, 8, 6],
				"rotation": [0, -45, 0],
				"cubes": [
					{"origin": [1, 1, 5.99], "size": [6, 13, 0.01], "uv": [13, 5]}
				]
			},
			{
				"name": "group_a2",
				"parent": "body",
				"pivot": [-4, 8, 6],
				"rotation": [0, 45, 0],
				"cubes": [
					{"origin": [-7, 1, 5.99], "size": [6, 13, 0.01], "uv": [0, 5]}
				]
			},
			{
				"name": "group_b2",
				"parent": "body",
				"pivot": [4, 8, 6],
				"rotation": [0, 45, 0],
				"cubes": [
					{"origin": [1, 1, 5.99], "size": [6, 13, 0.01], "uv": [13, 5]}
				]
			}
		]
	}
}