{
	"format_version": "1.10.0",
	"geometry.kitchen_wall_deco_0": {
		"texturewidth": 48,
		"textureheight": 48,
		"visible_bounds_width": 1,
		"visible_bounds_height": 1,
		"visible_bounds_offset": [0, 0.5, 0],
		"bones": [
			{
				"name": "body",
				"pivot": [0, 0, 0],
				"cubes": [
					{"origin": [-8, 13, 7], "size": [16, 3, 1], "uv": [0, 0]}
				]
			},
			{
				"name": "kitchen_deco_a",
				"parent": "body",
				"pivot": [-8, 8, 8],
				"cubes": [
					{"origin": [-6, 1, 7], "size": [8, 8, 1], "uv": [0, 13]},
					{"origin": [-6, 8, 6], "size": [8, 1, 1], "uv": [0, 23]},
					{"origin": [-6, 1, 6], "size": [8, 1, 1], "uv": [0, 26]},
					{"origin": [-6, 2, 6], "size": [1, 6, 1], "uv": [0, 29]},
					{"origin": [1, 2, 6], "size": [1, 6, 1], "uv": [5, 29]},
					{"origin": [-3, 9, 6], "size": [2, 6, 1], "uv": [0, 5]}
				]
			},
			{
				"name": "kitchen_deco_b",
				"parent": "body",
				"pivot": [-8, 8, 8],
				"cubes": [
					{"origin": [3, 4, 5.5], "size": [3, 3, 2], "uv": [20, 15]},
					{"origin": [4, 7, 6], "size": [1, 8, 1], "uv": [23, 5]}
				]
			}
		]
	}
}