{
	"format_version": "1.10.0",
	"geometry.leather_1": {
		"texturewidth": 48,
		"textureheight": 48,
		"visible_bounds_width": 1,
		"visible_bounds_height": 2,
		"visible_bounds_offset": [0, 1, 0],
		"bones": [
			{
				"name": "body",
				"pivot": [0, 0, 0],
				"rotation": [-22.5, 0, 0],
				"cubes": [
					{"origin": [-6, 1, -2], "size": [12, 2, 2], "uv": [0, 5]},
					{"origin": [-6, 19, -2], "size": [12, 2, 2], "uv": [0, 0]},
					{"origin": [-8, 0, -2], "size": [2, 22, 2], "uv": [0, 10]},
					{"origin": [6, 0, -2], "size": [2, 22, 2], "uv": [9, 10]},
					{"origin": [-6, 3, -1], "size": [12, 16, 0], "uv": [18, 10]}
				]
			}
		]
	}
}