{
	"format_version": "1.10.0",
	"geometry.lingering_potion_0": {
		"texturewidth": 48,
		"textureheight": 48,
		"visible_bounds_width": 1,
		"visible_bounds_height": 1,
		"visible_bounds_offset": [0, 0.5, 0],
		"bones": [
			{
				"name": "body",
				"pivot": [0, 0, 0],
				"cubes": [
					{"origin": [-1, 11, -1], "size": [2, 2, 2], "uv": [0, 0]},
					{"origin": [-3.25, 0.75, -3.25], "size": [6.5, 5.5, 6.5], "uv": [0, 36]},
					{"origin": [-4, 0, -4], "size": [8, 8, 8], "uv": [0, 19]},
					{"origin": [-1.5, 7, -1.5], "size": [3, 3, 3], "uv": [0, 12]},
					{"origin": [-2, 10, -2], "size": [4, 2, 4], "uv": [0, 5]},
					{"origin": [4, 2, -0.5], "size": [1, 1, 1], "uv": [9, 0]},
					{"origin": [4, 5, -0.5], "size": [1, 1, 1], "uv": [9, 0]},
					{"origin": [5, 2, -0.5], "size": [2, 4, 1], "uv": [21, 0]},
					{"origin": [-5, 2, -0.5], "size": [1, 1, 1], "uv": [9, 0]},
					{"origin": [-5, 5, -0.5], "size": [1, 1, 1], "uv": [9, 0]},
					{"origin": [-7, 2, -0.5], "size": [2, 4, 1], "uv": [14, 0]}
				]
			}
		]
	}
}