{
	"format_version": "1.12.0",
	"minecraft:geometry": [
		{
			"description": {
				"identifier": "geometry.map_3",
				"texture_width": 32,
				"texture_height": 32,
				"visible_bounds_width": 2,
				"visible_bounds_height": 1,
				"visible_bounds_offset": [0, 0.5, 0]
			},
			"bones": [
				{
					"name": "body",
					"pivot": [0, 0, 0],
					"cubes": [
						{
							"origin": [-7, 0.1, -7],
							"size": [14, 0.01, 14],
							"uv": {
								"up": {"uv": [31, 31], "uv_size": [-14, -14]},
								"down": {"uv": [17, 31], "uv_size": [14, -14]}
							}
						},
						{
							"origin": [6.99, 0.1, -7],
							"size": [0.01, 2, 14],
							"uv": {
								"east": {"uv": [17, 5], "uv_size": [14, 2]},
								"west": {"uv": [1, 29], "uv_size": [14, 2]}
							}
						},
						{
							"origin": [5, 2.09, -7],
							"size": [2, 0.01, 14],
							"uv": {
								"up": {"uv": [3, 15], "uv_size": [-2, -14]},
								"down": {"uv": [1, 15], "uv_size": [2, -14]}
							}
						},
						{
							"origin": [5, 1.1, -7],
							"size": [0.01, 1, 14],
							"uv": {
								"east": {"uv": [17, 12], "uv_size": [14, 1]}
							}
						},
						{
							"origin": [-7.01, 0.1, -7],
							"size": [0.01, 3, 14],
							"uv": {
								"east": {"uv": [17, 1], "uv_size": [14, 3]},
								"west": {"uv": [1, 24], "uv_size": [14, 3]}
							}
						},
						{
							"origin": [-7.01, 3.09, -7],
							"size": [2, 0.01, 14],
							"uv": {
								"up": {"uv": [15, 15], "uv_size": [-2, -14]},
								"down": {"uv": [13, 15], "uv_size": [2, -14]}
							}
						},
						{
							"origin": [-5.02, 2.1, -7],
							"size": [0.01, 1, 14],
							"uv": {
								"east": {"uv": [17, 1], "uv_size": [14, 1]},
								"west": {"uv": [1, 30], "uv_size": [14, 1]}
							}
						},
						{
							"origin": [-6.02, 2.1, -7],
							"size": [1, 0.01, 14],
							"uv": {
								"up": {"uv": [14, 15], "uv_size": [-1, -14]},
								"down": {"uv": [13, 15], "uv_size": [1, -14]}
							}
						}
					]
				}
			]
		}
	]
}