{
	"format_version": "1.10.0",
	"geometry.milk_2": {
		"texturewidth": 32,
		"textureheight": 32,
		"visible_bounds_width": 1,
		"visible_bounds_height": 1,
		"visible_bounds_offset": [0, 0.5, 0],
		"bones": [
			{
				"name": "body",
				"pivot": [0, 0, 0],
				"cubes": [
					{"origin": [-5, -0.5, -5], "size": [6, 1, 6], "uv": [0, 20]},
					{"origin": [-3, 1.5, -3], "size": [2, 3, 2], "uv": [0, 0]},
					{"origin": [-3, 0, -1], "size": [2, 5, 1], "uv": [1, 6]},
					{"origin": [-3, 0, -4], "size": [2, 5, 1], "uv": [1, 13]},
					{"origin": [-4, 0, -4], "size": [1, 5, 4], "uv": [9, 0]},
					{"origin": [-1, 0, -4], "size": [1, 5, 4], "uv": [20, 0]},
					{"origin": [0, 2, -2.5], "size": [1, 2, 1], "uv": [8, 10]}
				]
			}
		]
	}
}