{
	"format_version": "1.10.0",
	"geometry.milk_1": {
		"texturewidth": 64,
		"textureheight": 64,
		"visible_bounds_width": 1,
		"visible_bounds_height": 1,
		"visible_bounds_offset": [0, 0.5, 0],
		"bones": [
			{
				"name": "body",
				"pivot": [0, 0, 0],
				"cubes": [
					{"origin": [-3, 1, -3], "size": [6, 7, 6], "uv": [0, 48]},
					{"origin": [-2, 10.9, -2], "size": [4, 2, 4], "uv": [0, 0]},
					{"origin": [-3, 3, -4.01], "size": [6, 4, 0], "uv": [27, 57]},
					{"origin": [-3, 0, -3], "size": [6, 1, 6], "uv": [27, 48]},
					{"origin": [-3, 0, 3], "size": [6, 10, 1], "uv": [0, 24]},
					{"origin": [-3, 0, -4], "size": [6, 10, 1], "uv": [0, 36]},
					{"origin": [-4, 0, -4], "size": [1, 10, 8], "uv": [15, 24]},
					{"origin": [3, 0, -4], "size": [1, 10, 8], "uv": [34, 24]},
					{"origin": [-3, 10, -3], "size": [6, 1, 6], "uv": [0, 16]},
					{"origin": [-3.5, 11, -3.5], "size": [7, 1, 7], "uv": [0, 7]}
				]
			}
		]
	}
}