{
	"format_version": "1.10.0",
	"geometry.nether_wart_0": {
		"texturewidth": 48,
		"textureheight": 48,
		"visible_bounds_width": 1,
		"visible_bounds_height": 1,
		"visible_bounds_offset": [0, 0.5, 0],
		"bones": [
			{
				"name": "body",
				"pivot": [0, 0, 0],
				"cubes": [
					{"origin": [-0.5, 0.11, 1], "size": [2, 2, 2], "uv": [0, 10]},
					{"origin": [-2.5, 0.11, -2], "size": [2, 2, 2], "uv": [0, 10]},
					{"origin": [-3.5, 0.11, 0], "size": [2, 2, 2], "uv": [0, 5]},
					{"origin": [-2, 2.11, -1], "size": [2, 2, 2], "uv": [0, 0]},
					{"origin": [1.5, 0.11, -3], "size": [2, 2, 2], "uv": [0, 10]}
				]
			},
			{
				"name": "150deg",
				"parent": "body",
				"pivot": [0, 0, 0],
				"rotation": [0, -150, 0],
				"cubes": [
					{"origin": [-6, 0.1, -6], "size": [12, 0.01, 12], "uv": [0, 36]}
				]
			}
		]
	}
}