{
	"format_version": "1.12.0",
	"minecraft:geometry": [
		{
			"description": {
				"identifier": "geometry.oak_fence_1",
				"texture_width": 16,
				"texture_height": 16,
				"visible_bounds_width": 2,
				"visible_bounds_height": 1,
				"visible_bounds_offset": [0, 0.5, 0]
			},
			"bones": [
				{
					"name": "body",
					"pivot": [0, 0, 0],
					"cubes": [
						{
							"origin": [4, 0, -6],
							"size": [3, 2, 12],
							"uv": {
								"north": {"uv": [0, 0], "uv_size": [3, 1.99]},
								"east": {"uv": [2, 14], "uv_size": [12, 2]},
								"south": {"uv": [0, 0], "uv_size": [3, 1.99]},
								"west": {"uv": [2, 14], "uv_size": [12, 2]},
								"up": {"uv": [3, 12], "uv_size": [-3, -12]},
								"down": {"uv": [0, 0], "uv_size": [3, 12]}
							}
						},
						{
							"origin": [4, 2, -4],
							"size": [3, 1, 8],
							"uv": {
								"north": {"uv": [0, 0], "uv_size": [3, 1]},
								"east": {"uv": [4, 13], "uv_size": [8, 1]},
								"south": {"uv": [0, 0], "uv_size": [3, 1]},
								"west": {"uv": [4, 13], "uv_size": [8, 1]},
								"up": {"uv": [3, 8], "uv_size": [-3, -8]}
							}
						},
						{
							"origin": [4.5, 3, -2],
							"size": [2, 8, 4],
							"uv": {
								"north": {"uv": [7, 5], "uv_size": [2, 8]},
								"east": {"uv": [6, 5], "uv_size": [4, 8]},
								"south": {"uv": [7, 5], "uv_size": [2, 8]},
								"west": {"uv": [6, 5], "uv_size": [4, 8]}
							}
						},
						{
							"origin": [4.5, 5, -3],
							"size": [2, 4, 6],
							"uv": {
								"north": {"uv": [7, 7], "uv_size": [2, 4]},
								"east": {"uv": [5, 7], "uv_size": [6, 4]},
								"south": {"uv": [7, 7], "uv_size": [2, 4]},
								"west": {"uv": [5, 7], "uv_size": [6, 4]},
								"up": {"uv": [2, 6], "uv_size": [-2, -6]},
								"down": {"uv": [0, 0], "uv_size": [2, 6]}
							}
						},
						{
							"origin": [4, 11, -4.5],
							"size": [3, 4.5, 9],
							"uv": {
								"north": {"uv": [0, 0.5], "uv_size": [3, 4.5]},
								"east": {"uv": [3, 0.5], "uv_size": [9, 4.5]},
								"south": {"uv": [0, 0.5], "uv_size": [3, 4.5]},
								"west": {"uv": [3, 0.5], "uv_size": [9, 4.5]},
								"up": {"uv": [3, 9], "uv_size": [-3, -9]},
								"down": {"uv": [0, 0], "uv_size": [3, 9]}
							}
						}
					]
				}
			]
		}
	]
}