{
	"format_version": "1.12.0",
	"minecraft:geometry": [
		{
			"description": {
				"identifier": "geometry.oak_sapling_1",
				"texture_width": 64,
				"texture_height": 64,
				"visible_bounds_width": 3,
				"visible_bounds_height": 3,
				"visible_bounds_offset": [0, 1.5, 0]
			},
			"bones": [
				{
					"name": "body",
					"pivot": [0, 0, 0]
				},
				{
					"name": "pot",
					"parent": "body",
					"pivot": [0, 8, 7],
					"cubes": [
						{
							"origin": [-3, 7, 1],
							"size": [6, 6, 6],
							"pivot": [0, 8, 7],
							"rotation": [22.5, 0, 0],
							"uv": {
								"north": {"uv": [5, 58], "uv_size": [6, 6]},
								"east": {"uv": [5, 58], "uv_size": [6, 6]},
								"south": {"uv": [5, 58], "uv_size": [6, 6]},
								"west": {"uv": [5, 58], "uv_size": [6, 6]},
								"up": {"uv": [6, 54], "uv_size": [-6, -6]},
								"down": {"uv": [10, 48], "uv_size": [6, 6]}
							}
						}
					]
				},
				{
					"name": "plant",
					"parent": "body",
					"pivot": [0, 8, 0],
					"cubes": [
						{
							"origin": [-8, 3, 0],
							"size": [16, 16, 0.01],
							"pivot": [0, 13, 2],
							"rotation": [-45, 0, 0],
							"uv": {
								"north": {"uv": [0, 0], "uv_size": [16, 16]},
								"south": {"uv": [0, 0], "uv_size": [0, 0]}
							}
						},
						{
							"origin": [-8, 3, 4],
							"size": [16, 16, 0.01],
							"pivot": [0, 13, 2],
							"rotation": [45, 0, 0],
							"uv": {
								"north": {"uv": [0, 0], "uv_size": [0, 0]},
								"south": {"uv": [0, 0], "uv_size": [16, 16]}
							}
						},
						{
							"origin": [-2.01, 3, -6],
							"size": [0.01, 16, 16],
							"pivot": [0, 13, 2],
							"rotation": [0, 0, 45],
							"uv": {
								"east": {"uv": [0, 0], "uv_size": [16, 16]},
								"west": {"uv": [0, 0], "uv_size": [0, 0]}
							}
						},
						{
							"origin": [1.99, 3, -6],
							"size": [0.01, 16, 16],
							"pivot": [0, 13, 2],
							"rotation": [0, 0, -45],
							"uv": {
								"east": {"uv": [0, 0], "uv_size": [0, 0]},
								"west": {"uv": [0, 0], "uv_size": [16, 16]}
							}
						},
						{
							"origin": [-3.5, -16, -1.5],
							"size": [7, 29, 7],
							"pivot": [0, 5, 2],
							"rotation": [0, -45, 0],
							"uv": {
								"north": {"uv": [32, 0], "uv_size": [7, 29]},
								"east": {"uv": [49, 0], "uv_size": [7, 29]},
								"south": {"uv": [32, 0], "uv_size": [7, 29]},
								"west": {"uv": [49, 0], "uv_size": [7, 29]}
							}
						},
						{
							"origin": [-4, -16, -2],
							"size": [8, 29, 8],
							"pivot": [0, 5, 2],
							"rotation": [0, -45, 0],
							"uv": {
								"north": {"uv": [40, 0], "uv_size": [8, 29]},
								"east": {"uv": [56, 0], "uv_size": [8, 29]},
								"south": {"uv": [40, 0], "uv_size": [8, 29]},
								"west": {"uv": [56, 0], "uv_size": [8, 29]}
							}
						}
					]
				},
				{
					"name": "bone",
					"parent": "plant",
					"pivot": [0, 21, 2],
					"cubes": [
						{
							"origin": [-8, 18, -4],
							"size": [16, 0.01, 16],
							"pivot": [0, 21, 2],
							"rotation": [-22.5, 0, 0],
							"uv": {
								"up": {"uv": [32, 16], "uv_size": [-16, -16]},
								"down": {"uv": [0, 0], "uv_size": [0, 0]}
							}
						}
					]
				},
				{
					"name": "bone3",
					"parent": "plant",
					"pivot": [0, 21, 2],
					"rotation": [0, 180, 0],
					"cubes": [
						{
							"origin": [-8, 18, -4],
							"size": [16, 0.01, 16],
							"pivot": [0, 21, 2],
							"rotation": [-22.5, 0, 0],
							"uv": {
								"north": {"uv": [0, 0], "uv_size": [4, 4]},
								"east": {"uv": [0, 0], "uv_size": [4, 4]},
								"south": {"uv": [0, 0], "uv_size": [4, 4]},
								"west": {"uv": [0, 0], "uv_size": [4, 4]},
								"up": {"uv": [32, 16], "uv_size": [-16, -16]},
								"down": {"uv": [0, 0], "uv_size": [0, 0]}
							}
						}
					]
				},
				{
					"name": "bone2",
					"parent": "plant",
					"pivot": [0, 21, 2],
					"rotation": [0, -90, 0],
					"cubes": [
						{
							"origin": [-8, 18, -4],
							"size": [16, 0.01, 16],
							"pivot": [0, 21, 2],
							"rotation": [-22.5, 0, 0],
							"uv": {
								"north": {"uv": [0, 0], "uv_size": [0, 0]},
								"east": {"uv": [0, 0], "uv_size": [0, 0]},
								"south": {"uv": [0, 0], "uv_size": [0, 0]},
								"west": {"uv": [0, 0], "uv_size": [0, 0]},
								"up": {"uv": [32, 16], "uv_size": [-16, -16]},
								"down": {"uv": [0, 0], "uv_size": [0, 0]}
							}
						}
					]
				},
				{
					"name": "bone4",
					"parent": "plant",
					"pivot": [0, 21, 2],
					"rotation": [0, 90, 0],
					"cubes": [
						{
							"origin": [-8, 18, -4],
							"size": [16, 0.01, 16],
							"pivot": [0, 21, 2],
							"rotation": [-22.5, 0, 0],
							"uv": {
								"north": {"uv": [0, 0], "uv_size": [0, 0]},
								"east": {"uv": [0, 0], "uv_size": [0, 0]},
								"south": {"uv": [0, 0], "uv_size": [0, 0]},
								"west": {"uv": [0, 0], "uv_size": [0, 0]},
								"up": {"uv": [32, 16], "uv_size": [-16, -16]},
								"down": {"uv": [0, 0], "uv_size": [0, 0]}
							}
						}
					]
				}
			]
		}
	]
}