{
	"format_version": "1.12.0",
	"minecraft:geometry": [
		{
			"description": {
				"identifier": "geometry.oak_sapling_4",
				"texture_width": 32,
				"texture_height": 32,
				"visible_bounds_width": 3,
				"visible_bounds_height": 1,
				"visible_bounds_offset": [0, 0.5, 0]
			},
			"bones": [
				{
					"name": "body",
					"pivot": [0, 8, 0],
					"cubes": [
						{
							"origin": [-6, 1, -6],
							"size": [12, 3, 12],
							"uv": {
								"north": {"uv": [11, 0], "uv_size": [3, 12]},
								"east": {"uv": [11, 0], "uv_size": [3, 12]},
								"south": {"uv": [11, 0], "uv_size": [3, 12]},
								"west": {"uv": [11, 0], "uv_size": [3, 12]},
								"up": {"uv": [12, 23], "uv_size": [-12, -12]},
								"down": {"uv": [0, 11], "uv_size": [12, 12]}
							}
						},
						{
							"origin": [-5, 0, -5],
							"size": [10, 5, 10],
							"uv": {
								"north": {"uv": [10, 1], "uv_size": [5, 10]},
								"east": {"uv": [10, 1], "uv_size": [5, 10]},
								"south": {"uv": [10, 1], "uv_size": [5, 10]},
								"west": {"uv": [10, 1], "uv_size": [5, 10]},
								"up": {"uv": [11, 22], "uv_size": [-10, -10]},
								"down": {"uv": [0, 0], "uv_size": [10, 10]}
							}
						}
					]
				},
				{
					"name": "plant",
					"parent": "body",
					"pivot": [0, 8, 0],
					"cubes": [
						{
							"origin": [-9.2, 5, 0],
							"size": [18.4, 8, 0.01],
							"pivot": [0, 7, 0],
							"rotation": [0, -45, 0],
							"uv": {
								"north": {"uv": [0, 24], "uv_size": [16, 8]}
							}
						},
						{
							"origin": [0, 5, -9.2],
							"size": [0.01, 8, 18.4],
							"pivot": [0, 7, 0],
							"rotation": [0, -45, 0],
							"uv": {
								"east": {"uv": [0, 24], "uv_size": [16, 8]}
							}
						}
					]
				},
				{
					"name": "bone3",
					"parent": "plant",
					"pivot": [0, 14, 0],
					"cubes": [
						{
							"origin": [-8, 8, -6],
							"size": [16, 0.01, 8],
							"pivot": [0, 14, 0],
							"rotation": [45, 0, 0],
							"uv": {
								"down": {"uv": [0, 24], "uv_size": [16, 8]}
							}
						},
						{
							"origin": [-8, 8, -2],
							"size": [16, 0.01, 8],
							"pivot": [0, 14, 0],
							"rotation": [-45, 0, 0],
							"uv": {
								"up": {"uv": [16, 32], "uv_size": [-16, -8]}
							}
						}
					]
				},
				{
					"name": "bone4",
					"parent": "plant",
					"pivot": [0, 14, 0],
					"rotation": [0, -90, 0],
					"cubes": [
						{
							"origin": [-8, 8, -6],
							"size": [16, 0.01, 8],
							"pivot": [0, 14, 0],
							"rotation": [45, 0, 0],
							"uv": {
								"north": {"uv": [0, 0], "uv_size": [2, 2]},
								"east": {"uv": [0, 0], "uv_size": [2, 2]},
								"south": {"uv": [0, 0], "uv_size": [2, 2]},
								"west": {"uv": [0, 0], "uv_size": [2, 2]},
								"down": {"uv": [0, 24], "uv_size": [16, 8]}
							}
						},
						{
							"origin": [-8, 8, -2],
							"size": [16, 0.01, 8],
							"pivot": [0, 14, 0],
							"rotation": [-45, 0, 0],
							"uv": {
								"north": {"uv": [0, 0], "uv_size": [2, 2]},
								"east": {"uv": [0, 0], "uv_size": [2, 2]},
								"south": {"uv": [0, 0], "uv_size": [2, 2]},
								"west": {"uv": [0, 0], "uv_size": [2, 2]},
								"up": {"uv": [16, 32], "uv_size": [-16, -8]}
							}
						}
					]
				},
				{
					"name": "bone",
					"parent": "plant",
					"pivot": [0, 13, 0],
					"cubes": [
						{
							"origin": [-8, 12, -16],
							"size": [16, 0.01, 16],
							"pivot": [0, 13, 0],
							"rotation": [45, 0, 0],
							"uv": {
								"up": {"uv": [32, 16], "uv_size": [-16, -16]},
								"down": {"uv": [16, 16], "uv_size": [16, -16]}
							}
						},
						{
							"origin": [-8, 12, 0],
							"size": [16, 0.01, 16],
							"pivot": [0, 13, 0],
							"rotation": [-45, 0, 0],
							"uv": {
								"up": {"uv": [32, 32], "uv_size": [-16, -16]},
								"down": {"uv": [16, 32], "uv_size": [16, -16]}
							}
						}
					]
				},
				{
					"name": "bone2",
					"parent": "plant",
					"pivot": [0, 13, 0],
					"rotation": [0, -90, 0],
					"cubes": [
						{
							"origin": [-8, 12, -16],
							"size": [16, 0.01, 16],
							"pivot": [0, 13, 0],
							"rotation": [45, 0, 0],
							"uv": {
								"north": {"uv": [0, 0], "uv_size": [2, 2]},
								"east": {"uv": [0, 0], "uv_size": [2, 2]},
								"south": {"uv": [0, 0], "uv_size": [2, 2]},
								"west": {"uv": [0, 0], "uv_size": [2, 2]},
								"up": {"uv": [32, 16], "uv_size": [-16, -16]},
								"down": {"uv": [16, 16], "uv_size": [16, -16]}
							}
						},
						{
							"origin": [-8, 12, 0],
							"size": [16, 0.01, 16],
							"pivot": [0, 13, 0],
							"rotation": [-45, 0, 0],
							"uv": {
								"north": {"uv": [0, 0], "uv_size": [2, 2]},
								"east": {"uv": [0, 0], "uv_size": [2, 2]},
								"south": {"uv": [0, 0], "uv_size": [2, 2]},
								"west": {"uv": [0, 0], "uv_size": [2, 2]},
								"up": {"uv": [32, 32], "uv_size": [-16, -16]},
								"down": {"uv": [16, 32], "uv_size": [16, -16]}
							}
						}
					]
				}
			]
		}
	]
}