{
	"format_version": "1.12.0",
	"minecraft:geometry": [
		{
			"description": {
				"identifier": "geometry.oak_sapling_5",
				"texture_width": 16,
				"texture_height": 16,
				"visible_bounds_width": 2,
				"visible_bounds_height": 1,
				"visible_bounds_offset": [0, 0.5, 0]
			},
			"bones": [
				{
					"name": "body",
					"pivot": [0, 0, 0]
				},
				{
					"name": "plant",
					"parent": "body",
					"pivot": [0, 8, 0]
				},
				{
					"name": "group",
					"parent": "plant",
					"pivot": [0, 8, 0],
					"cubes": [
						{
							"origin": [-1.5, 5, -4],
							"size": [3, 0.01, 3],
							"pivot": [-1, 5, 0],
							"rotation": [-45, 0, 0],
							"uv": {
								"up": {"uv": [8, 8], "uv_size": [-1.5, -1.5]}
							}
						},
						{
							"origin": [-1.5, 6.29553, -8.12966],
							"size": [3, 0.01, 5],
							"pivot": [-1, 6.29553, 0.87034],
							"rotation": [-22.5, 0, 0],
							"uv": {
								"up": {"uv": [8, 6.5], "uv_size": [-1.5, -2.5]}
							}
						},
						{
							"origin": [-6, 7, -4],
							"size": [12, 0.01, 12],
							"pivot": [0, 7.25, 0],
							"rotation": [-22.5, 0, 0],
							"uv": {
								"up": {"uv": [6, 6], "uv_size": [-6, -6]}
							}
						}
					]
				},
				{
					"name": "group2",
					"parent": "plant",
					"pivot": [0, 8, 0],
					"rotation": [0, -90, 0],
					"cubes": [
						{
							"origin": [-1.5, 5, -4],
							"size": [3, 0.01, 3],
							"pivot": [-1, 5, 0],
							"rotation": [-45, 0, 0],
							"uv": {
								"north": {"uv": [0, 0], "uv_size": [0, 0]},
								"east": {"uv": [0, 0], "uv_size": [0, 0]},
								"south": {"uv": [0, 0], "uv_size": [0, 0]},
								"west": {"uv": [0, 0], "uv_size": [0, 0]},
								"up": {"uv": [8, 8], "uv_size": [-1.5, -1.5]},
								"down": {"uv": [16, 0], "uv_size": [0, 0]}
							}
						},
						{
							"origin": [-1.5, 6.29553, -8.12966],
							"size": [3, 0.01, 5],
							"pivot": [-1, 6.29553, 0.87034],
							"rotation": [-22.5, 0, 0],
							"uv": {
								"north": {"uv": [0, 0], "uv_size": [0, 0]},
								"east": {"uv": [0, 0], "uv_size": [0, 0]},
								"south": {"uv": [0, 0], "uv_size": [0, 0]},
								"west": {"uv": [0, 0], "uv_size": [0, 0]},
								"up": {"uv": [8, 6.5], "uv_size": [-1.5, -2.5]},
								"down": {"uv": [16, 0], "uv_size": [0, 0]}
							}
						},
						{
							"origin": [-6, 7, -4],
							"size": [12, 0.01, 12],
							"pivot": [0, 7.25, 0],
							"rotation": [-22.5, 0, 0],
							"uv": {
								"north": {"uv": [0, 0], "uv_size": [0, 0]},
								"east": {"uv": [0, 0], "uv_size": [0, 0]},
								"south": {"uv": [0, 0], "uv_size": [0, 0]},
								"west": {"uv": [0, 0], "uv_size": [0, 0]},
								"up": {"uv": [6, 6], "uv_size": [-6, -6]},
								"down": {"uv": [16, 0], "uv_size": [0, 0]}
							}
						}
					]
				},
				{
					"name": "group3",
					"parent": "plant",
					"pivot": [0, 8, 0],
					"rotation": [0, 180, 0],
					"cubes": [
						{
							"origin": [-1.5, 5, -4],
							"size": [3, 0.01, 3],
							"pivot": [-1, 5, 0],
							"rotation": [-45, 0, 0],
							"uv": {
								"north": {"uv": [0, 0], "uv_size": [0, 0]},
								"east": {"uv": [0, 0], "uv_size": [0, 0]},
								"south": {"uv": [0, 0], "uv_size": [0, 0]},
								"west": {"uv": [0, 0], "uv_size": [0, 0]},
								"up": {"uv": [8, 8], "uv_size": [-1.5, -1.5]},
								"down": {"uv": [16, 0], "uv_size": [0, 0]}
							}
						},
						{
							"origin": [-1.5, 6.29553, -8.12966],
							"size": [3, 0.01, 5],
							"pivot": [-1, 6.29553, 0.87034],
							"rotation": [-22.5, 0, 0],
							"uv": {
								"north": {"uv": [0, 0], "uv_size": [0, 0]},
								"east": {"uv": [0, 0], "uv_size": [0, 0]},
								"south": {"uv": [0, 0], "uv_size": [0, 0]},
								"west": {"uv": [0, 0], "uv_size": [0, 0]},
								"up": {"uv": [8, 6.5], "uv_size": [-1.5, -2.5]},
								"down": {"uv": [16, 0], "uv_size": [0, 0]}
							}
						},
						{
							"origin": [-6, 7, -4],
							"size": [12, 0.01, 12],
							"pivot": [0, 7.25, 0],
							"rotation": [-22.5, 0, 0],
							"uv": {
								"north": {"uv": [0, 0], "uv_size": [0, 0]},
								"east": {"uv": [0, 0], "uv_size": [0, 0]},
								"south": {"uv": [0, 0], "uv_size": [0, 0]},
								"west": {"uv": [0, 0], "uv_size": [0, 0]},
								"up": {"uv": [6, 6], "uv_size": [-6, -6]},
								"down": {"uv": [16, 0], "uv_size": [0, 0]}
							}
						}
					]
				},
				{
					"name": "group4",
					"parent": "plant",
					"pivot": [0, 8, 0],
					"rotation": [0, 90, 0],
					"cubes": [
						{
							"origin": [-1.5, 5, -4],
							"size": [3, 0.01, 3],
							"pivot": [-1, 5, 0],
							"rotation": [-45, 0, 0],
							"uv": {
								"north": {"uv": [0, 0], "uv_size": [0, 0]},
								"east": {"uv": [0, 0], "uv_size": [0, 0]},
								"south": {"uv": [0, 0], "uv_size": [0, 0]},
								"west": {"uv": [0, 0], "uv_size": [0, 0]},
								"up": {"uv": [8, 8], "uv_size": [-1.5, -1.5]},
								"down": {"uv": [16, 0], "uv_size": [0, 0]}
							}
						},
						{
							"origin": [-1.5, 6.29553, -8.12966],
							"size": [3, 0.01, 5],
							"pivot": [-1, 6.29553, 0.87034],
							"rotation": [-22.5, 0, 0],
							"uv": {
								"north": {"uv": [0, 0], "uv_size": [0, 0]},
								"east": {"uv": [0, 0], "uv_size": [0, 0]},
								"south": {"uv": [0, 0], "uv_size": [0, 0]},
								"west": {"uv": [0, 0], "uv_size": [0, 0]},
								"up": {"uv": [8, 6.5], "uv_size": [-1.5, -2.5]},
								"down": {"uv": [16, 0], "uv_size": [0, 0]}
							}
						},
						{
							"origin": [-6, 7, -4],
							"size": [12, 0.01, 12],
							"pivot": [0, 7.25, 0],
							"rotation": [-22.5, 0, 0],
							"uv": {
								"north": {"uv": [0, 0], "uv_size": [0, 0]},
								"east": {"uv": [0, 0], "uv_size": [0, 0]},
								"south": {"uv": [0, 0], "uv_size": [0, 0]},
								"west": {"uv": [0, 0], "uv_size": [0, 0]},
								"up": {"uv": [6, 6], "uv_size": [-6, -6]},
								"down": {"uv": [16, 0], "uv_size": [0, 0]}
							}
						}
					]
				},
				{
					"name": "flower_pot",
					"parent": "body",
					"pivot": [0, 8, 0],
					"cubes": [
						{
							"origin": [-4, 0, -4],
							"size": [8, 5, 8],
							"pivot": [0, 8, 0],
							"uv": {
								"north": {"uv": [2, 13.5], "uv_size": [4, 2.5]},
								"east": {"uv": [2, 13.5], "uv_size": [4, 2.5]},
								"south": {"uv": [2, 13.5], "uv_size": [4, 2.5]},
								"west": {"uv": [2, 13.5], "uv_size": [4, 2.5]},
								"up": {"uv": [4, 12], "uv_size": [-4, -4]},
								"down": {"uv": [4, 8], "uv_size": [4, 4]}
							}
						},
						{
							"origin": [2, 3.15851, 0.23044],
							"size": [4, 0, 2],
							"pivot": [4, 3, 0],
							"rotation": [0, 90, -22.5],
							"uv": {
								"up": {"uv": [2, 16], "uv_size": [-2, -1]}
							}
						},
						{
							"origin": [-6, 3, 0],
							"size": [4, 0, 2],
							"pivot": [-4, 3, 0],
							"rotation": [0, -90, 22.5],
							"uv": {
								"up": {"uv": [2, 16], "uv_size": [-2, -1]}
							}
						}
					]
				}
			]
		}
	]
}