{
	"format_version": "1.12.0",
	"minecraft:geometry": [
		{
			"description": {
				"identifier": "geometry.painting_a4",
				"texture_width": 16,
				"texture_height": 16,
				"visible_bounds_width": 2,
				"visible_bounds_height": 1,
				"visible_bounds_offset": [0, 0, 0]
			},
			"bones": [
				{
					"name": "body",
					"pivot": [0, 1, 0],
					"cubes": [
						{
							"origin": [-8, 0, 7.9],
							"size": [16, 16, 0.1],
							"uv": {
								"north": {"uv": [0, 0], "uv_size": [16, 16]},
								"east": {"uv": [0, 16], "uv_size": [16, 0]},
								"south": {"uv": [48, 16], "uv_size": [16, 0]},
								"west": {"uv": [32, 16], "uv_size": [16, 0]},
								"up": {"uv": [15, 15], "uv_size": [1, 1]},
								"down": {"uv": [15, 16], "uv_size": [1, -1]}
							}
						}
					]
				}
			]
		}
	]
}