{
	"format_version": "1.10.0",
	"geometry.potato_1": {
		"texturewidth": 80,
		"textureheight": 80,
		"visible_bounds_width": 1,
		"visible_bounds_height": 1,
		"visible_bounds_offset": [0, 0.5, 0],
		"bones": [
			{
				"name": "body",
				"pivot": [0, 0, 0],
				"cubes": []
			},
			{
				"name": "basket",
				"parent": "body",
				"pivot": [-8, 8, 8],
				"cubes": [
					{"origin": [-6, 0, -6], "size": [12, 3, 12], "uv": [0, 35]},
					{"origin": [-5, 1, 5], "size": [10, 3, 2], "uv": [0, 69]},
					{"origin": [-5, 1, -7], "size": [10, 3, 2], "uv": [0, 74]},
					{"origin": [-7, 1, -7], "size": [2, 3, 14], "uv": [0, 52]},
					{"origin": [5, 1, -7], "size": [2, 3, 14], "uv": [48, 35]}
				]
			},
			{
				"name": "potato",
				"parent": "body",
				"pivot": [-1, 4, 6],
				"rotation": [22.5, 0, 0],
				"cubes": [
					{"origin": [-5, 4, 0], "size": [7, 4, 6], "uv": [0, 0]},
					{"origin": [2, 4, 1], "size": [2, 3, 5], "uv": [1, 21]}
				]
			},
			{
				"name": "potato2",
				"parent": "body",
				"pivot": [0, 7, -2],
				"rotation": [0, -22.5, 0],
				"cubes": [
					{"origin": [-2, 3, -5.5], "size": [6, 4, 5], "uv": [0, 11]}
				]
			}
		]
	}
}