{
	"format_version": "1.10.0",
	"geometry.pumpkin_seeds_0": {
		"texturewidth": 48,
		"textureheight": 48,
		"visible_bounds_width": 1,
		"visible_bounds_height": 1,
		"visible_bounds_offset": [0, 0.5, 0],
		"bones": [
			{
				"name": "body",
				"pivot": [0, 0, 0],
				"cubes": [
					{"origin": [-2.5, 1, -2.5], "size": [5, 9, 5], "uv": [0, 30]},
					{"origin": [-2.5, 13, -2.5], "size": [5, 2, 5], "uv": [0, 0]},
					{"origin": [-3.5, 0, -3.5], "size": [7, 14, 7], "uv": [0, 8]}
				]
			}
		]
	}
}