{
	"format_version": "1.12.0",
	"minecraft:geometry": [
		{
			"description": {
				"identifier": "geometry.skeleton_skull_0",
				"texture_width": 16,
				"texture_height": 16,
				"visible_bounds_width": 2,
				"visible_bounds_height": 1,
				"visible_bounds_offset": [0, 0, 0]
			},
			"bones": [
				{
					"name": "body",
					"pivot": [0, 8, 0],
					"cubes": [
						{
							"origin": [-4, 0, -4],
							"size": [8, 3, 8],
							"uv": {
								"north": {"uv": [0, 5], "uv_size": [8, 3]},
								"east": {"uv": [8, 13], "uv_size": [-8, 3]},
								"south": {"uv": [8, 13], "uv_size": [8, 3]},
								"west": {"uv": [0, 13], "uv_size": [8, 3]},
								"up": {"uv": [16, 8], "uv_size": [-8, -8]},
								"down": {"uv": [16, 8], "uv_size": [-8, -8]}
							}
						},
						{
							"origin": [3, 3, -4],
							"size": [1, 2, 8],
							"uv": {
								"north": {"uv": [7, 3], "uv_size": [1, 2]},
								"east": {"uv": [8, 11], "uv_size": [-8, 2]},
								"south": {"uv": [8, 11], "uv_size": [1, 2]},
								"west": {"uv": [0, 11], "uv_size": [8, 2]}
							}
						},
						{
							"origin": [-1, 3, -4],
							"size": [2, 2, 8],
							"uv": {
								"north": {"uv": [3, 3], "uv_size": [2, 2]},
								"east": {"uv": [8, 11], "uv_size": [-8, 2]},
								"south": {"uv": [8, 11], "uv_size": [1, 2]},
								"west": {"uv": [0, 11], "uv_size": [8, 2]}
							}
						},
						{
							"origin": [-4, 3, -4],
							"size": [1, 2, 8],
							"uv": {
								"north": {"uv": [0, 3], "uv_size": [1, 2]},
								"east": {"uv": [8, 11], "uv_size": [-8, 2]},
								"south": {"uv": [8, 11], "uv_size": [1, 2]},
								"west": {"uv": [0, 11], "uv_size": [8, 2]}
							}
						},
						{
							"origin": [-4, 5, -4],
							"size": [8, 3, 8],
							"uv": {
								"north": {"uv": [0, 0], "uv_size": [8, 3]},
								"east": {"uv": [8, 8], "uv_size": [-8, 3]},
								"south": {"uv": [8, 8], "uv_size": [8, 3]},
								"west": {"uv": [0, 8], "uv_size": [8, 3]},
								"up": {"uv": [16, 8], "uv_size": [-8, -8]},
								"down": {"uv": [16, 8], "uv_size": [-8, -8]}
							}
						},
						{
							"origin": [1, 3, -4],
							"size": [2, 2, 7],
							"uv": {
								"north": {"uv": [5, 3], "uv_size": [2, 2]},
								"south": {"uv": [9, 11], "uv_size": [2, 2]}
							}
						},
						{
							"origin": [-3, 3, -4],
							"size": [2, 2, 7],
							"uv": {
								"north": {"uv": [1, 3], "uv_size": [2, 2]},
								"south": {"uv": [13, 11], "uv_size": [2, 2]}
							}
						}
					]
				}
			]
		}
	]
}