{
	"format_version": "1.12.0",
	"minecraft:geometry": [
		{
			"description": {
				"identifier": "geometry.snowball_0",
				"texture_width": 16,
				"texture_height": 16,
				"visible_bounds_width": 2,
				"visible_bounds_height": 1,
				"visible_bounds_offset": [0, 0.5, 0]
			},
			"bones": [
				{
					"name": "body",
					"pivot": [-0.5, 0, 0],
					"cubes": [
						{
							"origin": [-0.5, 0, 0],
							"size": [1, 13, 1],
							"uv": {
								"north": {"uv": [7, 1], "uv_size": [1, 13]},
								"east": {"uv": [7, 1], "uv_size": [1, 13]},
								"south": {"uv": [7, 1], "uv_size": [1, 13]},
								"west": {"uv": [7, 1], "uv_size": [1, 13]},
								"up": {"uv": [8, 2], "uv_size": [-1, -1]},
								"down": {"uv": [7, 13], "uv_size": [1, 1]}
							}
						},
						{
							"origin": [-1.5, 10, 0],
							"size": [3, 1, 1],
							"uv": {
								"north": {"uv": [6, 3], "uv_size": [3, 1]},
								"east": {"uv": [8, 3], "uv_size": [1, 1]},
								"south": {"uv": [6, 3], "uv_size": [3, 1]},
								"west": {"uv": [6, 3], "uv_size": [1, 1]},
								"up": {"uv": [9, 4], "uv_size": [-3, -1]},
								"down": {"uv": [6, 3], "uv_size": [3, 1]}
							}
						},
						{
							"origin": [-1.5, 8, 0],
							"size": [3, 1, 1],
							"uv": {
								"north": {"uv": [6, 5], "uv_size": [3, 1]},
								"east": {"uv": [8, 5], "uv_size": [1, 1]},
								"south": {"uv": [6, 5], "uv_size": [3, 1]},
								"west": {"uv": [6, 5], "uv_size": [1, 1]},
								"up": {"uv": [9, 6], "uv_size": [-3, -1]},
								"down": {"uv": [6, 5], "uv_size": [3, 1]}
							}
						},
						{
							"origin": [-1.5, 6, 0],
							"size": [3, 1, 1],
							"uv": {
								"north": {"uv": [6, 7], "uv_size": [3, 1]},
								"east": {"uv": [8, 7], "uv_size": [1, 1]},
								"south": {"uv": [6, 7], "uv_size": [3, 1]},
								"west": {"uv": [6, 7], "uv_size": [1, 1]},
								"up": {"uv": [9, 8], "uv_size": [-3, -1]},
								"down": {"uv": [6, 7], "uv_size": [3, 1]}
							}
						},
						{
							"origin": [-1.5, 4, 0],
							"size": [3, 1, 1],
							"uv": {
								"north": {"uv": [6, 9], "uv_size": [3, 1]},
								"east": {"uv": [8, 9], "uv_size": [1, 1]},
								"south": {"uv": [6, 9], "uv_size": [3, 1]},
								"west": {"uv": [6, 9], "uv_size": [1, 1]},
								"up": {"uv": [9, 10], "uv_size": [-3, -1]},
								"down": {"uv": [6, 9], "uv_size": [3, 1]}
							}
						},
						{
							"origin": [-1.5, 2, 0],
							"size": [3, 1, 1],
							"uv": {
								"north": {"uv": [6, 11], "uv_size": [3, 1]},
								"east": {"uv": [8, 11], "uv_size": [1, 1]},
								"south": {"uv": [6, 11], "uv_size": [3, 1]},
								"west": {"uv": [6, 11], "uv_size": [1, 1]},
								"up": {"uv": [9, 12], "uv_size": [-3, -1]},
								"down": {"uv": [6, 11], "uv_size": [3, 1]}
							}
						},
						{
							"origin": [1.5, 7, 0],
							"size": [1, 1, 1],
							"uv": {
								"north": {"uv": [9, 6], "uv_size": [1, 1]},
								"east": {"uv": [9, 6], "uv_size": [1, 1]},
								"south": {"uv": [9, 6], "uv_size": [1, 1]},
								"west": {"uv": [9, 6], "uv_size": [1, 1]},
								"up": {"uv": [10, 7], "uv_size": [-1, -1]},
								"down": {"uv": [9, 6], "uv_size": [1, 1]}
							}
						},
						{
							"origin": [1.5, 5, 0],
							"size": [1, 1, 1],
							"uv": {
								"north": {"uv": [9, 6], "uv_size": [1, 1]},
								"east": {"uv": [9, 6], "uv_size": [1, 1]},
								"south": {"uv": [9, 6], "uv_size": [1, 1]},
								"west": {"uv": [9, 6], "uv_size": [1, 1]},
								"up": {"uv": [10, 7], "uv_size": [-1, -1]},
								"down": {"uv": [9, 6], "uv_size": [1, 1]}
							}
						},
						{
							"origin": [-2.5, 7, 0],
							"size": [1, 1, 1],
							"uv": {
								"north": {"uv": [9, 6], "uv_size": [1, 1]},
								"east": {"uv": [9, 6], "uv_size": [1, 1]},
								"south": {"uv": [9, 6], "uv_size": [1, 1]},
								"west": {"uv": [9, 6], "uv_size": [1, 1]},
								"up": {"uv": [10, 7], "uv_size": [-1, -1]},
								"down": {"uv": [9, 6], "uv_size": [1, 1]}
							}
						},
						{
							"origin": [-2.5, 5, 0],
							"size": [1, 1, 1],
							"uv": {
								"north": {"uv": [9, 6], "uv_size": [1, 1]},
								"east": {"uv": [9, 6], "uv_size": [1, 1]},
								"south": {"uv": [9, 6], "uv_size": [1, 1]},
								"west": {"uv": [9, 6], "uv_size": [1, 1]},
								"up": {"uv": [10, 7], "uv_size": [-1, -1]},
								"down": {"uv": [9, 6], "uv_size": [1, 1]}
							}
						},
						{
							"origin": [2.5, 9, 0],
							"size": [1, 1, 1],
							"uv": {
								"north": {"uv": [10, 4], "uv_size": [1, 1]},
								"east": {"uv": [10, 4], "uv_size": [1, 1]},
								"south": {"uv": [10, 4], "uv_size": [1, 1]},
								"west": {"uv": [10, 4], "uv_size": [1, 1]},
								"up": {"uv": [11, 5], "uv_size": [-1, -1]},
								"down": {"uv": [10, 4], "uv_size": [1, 1]}
							}
						},
						{
							"origin": [2.5, 3, 0],
							"size": [1, 1, 1],
							"uv": {
								"north": {"uv": [10, 4], "uv_size": [1, 1]},
								"east": {"uv": [10, 4], "uv_size": [1, 1]},
								"south": {"uv": [10, 4], "uv_size": [1, 1]},
								"west": {"uv": [10, 4], "uv_size": [1, 1]},
								"up": {"uv": [11, 5], "uv_size": [-1, -1]},
								"down": {"uv": [10, 4], "uv_size": [1, 1]}
							}
						},
						{
							"origin": [-3.5, 9, 0],
							"size": [1, 1, 1],
							"uv": {
								"north": {"uv": [10, 4], "uv_size": [1, 1]},
								"east": {"uv": [10, 4], "uv_size": [1, 1]},
								"south": {"uv": [10, 4], "uv_size": [1, 1]},
								"west": {"uv": [10, 4], "uv_size": [1, 1]},
								"up": {"uv": [11, 5], "uv_size": [-1, -1]},
								"down": {"uv": [10, 4], "uv_size": [1, 1]}
							}
						},
						{
							"origin": [-3.5, 3, 0],
							"size": [1, 1, 1],
							"uv": {
								"north": {"uv": [10, 4], "uv_size": [1, 1]},
								"east": {"uv": [10, 4], "uv_size": [1, 1]},
								"south": {"uv": [10, 4], "uv_size": [1, 1]},
								"west": {"uv": [10, 4], "uv_size": [1, 1]},
								"up": {"uv": [11, 5], "uv_size": [-1, -1]},
								"down": {"uv": [10, 4], "uv_size": [1, 1]}
							}
						},
						{
							"origin": [4.5, 9, 0],
							"size": [1, 1, 1],
							"uv": {
								"north": {"uv": [12, 4], "uv_size": [1, 1]},
								"east": {"uv": [12, 4], "uv_size": [1, 1]},
								"south": {"uv": [12, 4], "uv_size": [1, 1]},
								"west": {"uv": [12, 4], "uv_size": [1, 1]},
								"up": {"uv": [13, 5], "uv_size": [-1, -1]},
								"down": {"uv": [12, 4], "uv_size": [1, 1]}
							}
						},
						{
							"origin": [4.5, 3, 0],
							"size": [1, 1, 1],
							"uv": {
								"north": {"uv": [12, 4], "uv_size": [1, 1]},
								"east": {"uv": [12, 4], "uv_size": [1, 1]},
								"south": {"uv": [12, 4], "uv_size": [1, 1]},
								"west": {"uv": [12, 4], "uv_size": [1, 1]},
								"up": {"uv": [13, 5], "uv_size": [-1, -1]},
								"down": {"uv": [12, 4], "uv_size": [1, 1]}
							}
						},
						{
							"origin": [-5.5, 9, 0],
							"size": [1, 1, 1],
							"uv": {
								"north": {"uv": [12, 4], "uv_size": [1, 1]},
								"east": {"uv": [12, 4], "uv_size": [1, 1]},
								"south": {"uv": [12, 4], "uv_size": [1, 1]},
								"west": {"uv": [12, 4], "uv_size": [1, 1]},
								"up": {"uv": [13, 5], "uv_size": [-1, -1]},
								"down": {"uv": [12, 4], "uv_size": [1, 1]}
							}
						},
						{
							"origin": [-5.5, 3, 0],
							"size": [1, 1, 1],
							"uv": {
								"north": {"uv": [12, 4], "uv_size": [1, 1]},
								"east": {"uv": [12, 4], "uv_size": [1, 1]},
								"south": {"uv": [12, 4], "uv_size": [1, 1]},
								"west": {"uv": [12, 4], "uv_size": [1, 1]},
								"up": {"uv": [13, 5], "uv_size": [-1, -1]},
								"down": {"uv": [12, 4], "uv_size": [1, 1]}
							}
						},
						{
							"origin": [3.5, 7, 0],
							"size": [1, 1, 1],
							"uv": {
								"north": {"uv": [11, 6], "uv_size": [1, 1]},
								"east": {"uv": [11, 6], "uv_size": [1, 1]},
								"south": {"uv": [11, 6], "uv_size": [1, 1]},
								"west": {"uv": [11, 6], "uv_size": [1, 1]},
								"up": {"uv": [12, 7], "uv_size": [-1, -1]},
								"down": {"uv": [11, 6], "uv_size": [1, 1]}
							}
						},
						{
							"origin": [3.5, 5, 0],
							"size": [1, 1, 1],
							"uv": {
								"north": {"uv": [11, 6], "uv_size": [1, 1]},
								"east": {"uv": [11, 6], "uv_size": [1, 1]},
								"south": {"uv": [11, 6], "uv_size": [1, 1]},
								"west": {"uv": [11, 6], "uv_size": [1, 1]},
								"up": {"uv": [12, 7], "uv_size": [-1, -1]},
								"down": {"uv": [11, 6], "uv_size": [1, 1]}
							}
						},
						{
							"origin": [-4.5, 7, 0],
							"size": [1, 1, 1],
							"uv": {
								"north": {"uv": [11, 6], "uv_size": [1, 1]},
								"east": {"uv": [11, 6], "uv_size": [1, 1]},
								"south": {"uv": [11, 6], "uv_size": [1, 1]},
								"west": {"uv": [11, 6], "uv_size": [1, 1]},
								"up": {"uv": [12, 7], "uv_size": [-1, -1]},
								"down": {"uv": [11, 6], "uv_size": [1, 1]}
							}
						},
						{
							"origin": [-4.5, 5, 0],
							"size": [1, 1, 1],
							"uv": {
								"north": {"uv": [11, 6], "uv_size": [1, 1]},
								"east": {"uv": [11, 6], "uv_size": [1, 1]},
								"south": {"uv": [11, 6], "uv_size": [1, 1]},
								"west": {"uv": [11, 6], "uv_size": [1, 1]},
								"up": {"uv": [12, 7], "uv_size": [-1, -1]},
								"down": {"uv": [11, 6], "uv_size": [1, 1]}
							}
						},
						{
							"origin": [2.5, 8, 0],
							"size": [2, 1, 1],
							"uv": {
								"north": {"uv": [10, 5], "uv_size": [2, 1]},
								"east": {"uv": [10, 5], "uv_size": [1, 1]},
								"south": {"uv": [10, 5], "uv_size": [2, 1]},
								"west": {"uv": [11, 5], "uv_size": [1, 1]},
								"up": {"uv": [12, 6], "uv_size": [-2, -1]},
								"down": {"uv": [10, 5], "uv_size": [2, 1]}
							}
						},
						{
							"origin": [2.5, 4, 0],
							"size": [2, 1, 1],
							"uv": {
								"north": {"uv": [10, 5], "uv_size": [2, 1]},
								"east": {"uv": [10, 5], "uv_size": [1, 1]},
								"south": {"uv": [10, 5], "uv_size": [2, 1]},
								"west": {"uv": [11, 5], "uv_size": [1, 1]},
								"up": {"uv": [12, 6], "uv_size": [-2, -1]},
								"down": {"uv": [10, 5], "uv_size": [2, 1]}
							}
						},
						{
							"origin": [-4.5, 8, 0],
							"size": [2, 1, 1],
							"uv": {
								"north": {"uv": [10, 5], "uv_size": [2, 1]},
								"east": {"uv": [10, 5], "uv_size": [1, 1]},
								"south": {"uv": [10, 5], "uv_size": [2, 1]},
								"west": {"uv": [11, 5], "uv_size": [1, 1]},
								"up": {"uv": [12, 6], "uv_size": [-2, -1]},
								"down": {"uv": [10, 5], "uv_size": [2, 1]}
							}
						},
						{
							"origin": [-4.5, 4, 0],
							"size": [2, 1, 1],
							"uv": {
								"north": {"uv": [10, 5], "uv_size": [2, 1]},
								"east": {"uv": [10, 5], "uv_size": [1, 1]},
								"south": {"uv": [10, 5], "uv_size": [2, 1]},
								"west": {"uv": [11, 5], "uv_size": [1, 1]},
								"up": {"uv": [12, 6], "uv_size": [-2, -1]},
								"down": {"uv": [10, 5], "uv_size": [2, 1]}
							}
						}
					]
				}
			]
		}
	]
}