{
	"format_version": "1.12.0",
	"minecraft:geometry": [
		{
			"description": {
				"identifier": "geometry.snow_block_2",
				"texture_width": 32,
				"texture_height": 32,
				"visible_bounds_width": 2,
				"visible_bounds_height": 1,
				"visible_bounds_offset": [0, 0.5, 0]
			},
			"bones": [
				{
					"name": "body",
					"pivot": [0, 0, 0],
					"cubes": [
						{
							"origin": [-4, 0, -4],
							"size": [8, 7, 8],
							"uv": {
								"north": {"uv": [16, 0], "uv_size": [7, 7]},
								"east": {"uv": [16, 0], "uv_size": [7, 7]},
								"south": {"uv": [16, 0], "uv_size": [7, 7]},
								"west": {"uv": [16, 0], "uv_size": [7, 7]},
								"up": {"uv": [23, 7], "uv_size": [-7, -7]},
								"down": {"uv": [16, 0], "uv_size": [7, 7]}
							}
						},
						{
							"origin": [-3.5, 7, -3.5],
							"size": [7, 6, 7],
							"uv": {
								"north": {"uv": [16, 0], "uv_size": [6, 6]},
								"east": {"uv": [16, 0], "uv_size": [6, 6]},
								"south": {"uv": [16, 0], "uv_size": [6, 6]},
								"west": {"uv": [16, 0], "uv_size": [6, 6]},
								"up": {"uv": [22, 6], "uv_size": [-6, -6]},
								"down": {"uv": [16, 0], "uv_size": [6, 6]}
							}
						},
						{
							"origin": [-4.5, 5, -4.5],
							"size": [9, 3, 9],
							"uv": {
								"north": {"uv": [7, 0], "uv_size": [9, 3]},
								"east": {"uv": [7, 0], "uv_size": [9, 3]},
								"south": {"uv": [7, 0], "uv_size": [9, 3]},
								"west": {"uv": [7, 0], "uv_size": [9, 3]},
								"up": {"uv": [16, 16], "uv_size": [-9, -9]},
								"down": {"uv": [7, 7], "uv_size": [9, 9]}
							}
						},
						{
							"origin": [-3.5, 1, 4.25],
							"size": [4, 4, 0],
							"uv": {
								"south": {"uv": [3, 6], "uv_size": [4, 4]}
							}
						},
						{
							"origin": [-2, 8, 3.75],
							"size": [4, 3, 0],
							"uv": {
								"south": {"uv": [1, 2], "uv_size": [4, 3]}
							}
						},
						{
							"origin": [-0.5, 9, 3.5],
							"size": [1, 1, 1],
							"uv": {
								"north": {"uv": [0, 0], "uv_size": [1, 1]},
								"east": {"uv": [0, 0], "uv_size": [1, 1]},
								"south": {"uv": [0, 0], "uv_size": [1, 1]},
								"west": {"uv": [0, 0], "uv_size": [1, 1]},
								"up": {"uv": [1, 1], "uv_size": [-1, -1]},
								"down": {"uv": [0, 0], "uv_size": [1, 1]}
							}
						}
					]
				},
				{
					"name": "bone",
					"parent": "body",
					"pivot": [-4, 4, 1],
					"cubes": [
						{
							"origin": [3, 4, 1],
							"size": [5, 2, 0],
							"pivot": [4, 4, 1],
							"rotation": [0, 0, -22.5],
							"uv": {
								"north": {"uv": [6, 12], "uv_size": [-5, 2]},
								"south": {"uv": [1, 12], "uv_size": [5, 2]}
							}
						},
						{
							"origin": [-8, 4, 1],
							"size": [5, 2, 0],
							"pivot": [-4, 4, 1],
							"rotation": [0, 0, 22.5],
							"uv": {
								"north": {"uv": [1, 12], "uv_size": [5, 2]},
								"south": {"uv": [6, 12], "uv_size": [-5, 2]}
							}
						}
					]
				}
			]
		}
	]
}