{
	"format_version": "1.12.0",
	"minecraft:geometry": [
		{
			"description": {
				"identifier": "geometry.spruce_fence_0",
				"texture_width": 32,
				"texture_height": 32,
				"visible_bounds_width": 2,
				"visible_bounds_height": 1,
				"visible_bounds_offset": [0, 0.5, 0]
			},
			"bones": [
				{
					"name": "body",
					"pivot": [0, 0, 0],
					"cubes": [
						{
							"origin": [4, 0, 4],
							"size": [3, 15.5, 3],
							"uv": {
								"north": {"uv": [17, 1], "uv_size": [3, 15]},
								"east": {"uv": [17, 1], "uv_size": [3, 15]},
								"south": {"uv": [17, 1], "uv_size": [3, 15]},
								"west": {"uv": [17, 1], "uv_size": [3, 15]},
								"up": {"uv": [11, 3], "uv_size": [-3, -3]},
								"down": {"uv": [8, 0], "uv_size": [3, 3]}
							}
						},
						{
							"origin": [4, 0, -7],
							"size": [3, 15.5, 3],
							"uv": {
								"north": {"uv": [17, 1], "uv_size": [3, 15]},
								"east": {"uv": [17, 1], "uv_size": [3, 15]},
								"south": {"uv": [17, 1], "uv_size": [3, 15]},
								"west": {"uv": [17, 1], "uv_size": [3, 15]},
								"up": {"uv": [15, 3], "uv_size": [-3, -3]},
								"down": {"uv": [12, 0], "uv_size": [3, 3]}
							}
						},
						{
							"origin": [-7, 0, 4],
							"size": [3, 15.5, 3],
							"uv": {
								"north": {"uv": [17, 1], "uv_size": [3, 15]},
								"east": {"uv": [17, 1], "uv_size": [3, 15]},
								"south": {"uv": [17, 1], "uv_size": [3, 15]},
								"west": {"uv": [17, 1], "uv_size": [3, 15]},
								"up": {"uv": [11, 3], "uv_size": [-3, -3]},
								"down": {"uv": [8, 0], "uv_size": [3, 3]}
							}
						},
						{
							"origin": [-7, 0, -7],
							"size": [3, 15.5, 3],
							"uv": {
								"north": {"uv": [17, 1], "uv_size": [3, 15]},
								"east": {"uv": [17, 1], "uv_size": [3, 15]},
								"south": {"uv": [17, 1], "uv_size": [3, 15]},
								"west": {"uv": [17, 1], "uv_size": [3, 15]},
								"up": {"uv": [15, 3], "uv_size": [-3, -3]},
								"down": {"uv": [12, 0], "uv_size": [3, 3]}
							}
						}
					]
				},
				{
					"name": "bone",
					"parent": "body",
					"pivot": [8, 5.5, 7],
					"cubes": [
						{
							"origin": [-6.75, 3.5, -4],
							"size": [2, 16, 2],
							"pivot": [-3, 5.5, -7],
							"rotation": [-45, 0, 0],
							"uv": {
								"north": {"uv": [18, 3], "uv_size": [2, 13]},
								"east": {"uv": [18, 3], "uv_size": [2, 13]},
								"south": {"uv": [18, 3], "uv_size": [2, 13]},
								"west": {"uv": [18, 3], "uv_size": [2, 13]}
							}
						},
						{
							"origin": [-6.25, 3.5, 2],
							"size": [2, 16, 2],
							"pivot": [-3, 5.5, 7],
							"rotation": [45, 0, 0],
							"uv": {
								"north": {"uv": [18, 3], "uv_size": [2, 13]},
								"east": {"uv": [18, 3], "uv_size": [2, 13]},
								"south": {"uv": [18, 4], "uv_size": [2, 12]},
								"west": {"uv": [18, 3], "uv_size": [2, 13]}
							}
						},
						{
							"origin": [4.25, 3.5, -4],
							"size": [2, 16, 2],
							"pivot": [8, 5.5, -7],
							"rotation": [-45, 0, 0],
							"uv": {
								"north": {"uv": [18, 3], "uv_size": [2, 13]},
								"east": {"uv": [18, 3], "uv_size": [2, 13]},
								"south": {"uv": [18, 3], "uv_size": [2, 13]},
								"west": {"uv": [18, 3], "uv_size": [2, 13]}
							}
						},
						{
							"origin": [4.75, 3.5, 2],
							"size": [2, 16, 2],
							"pivot": [8, 5.5, 7],
							"rotation": [45, 0, 0],
							"uv": {
								"north": {"uv": [18, 3], "uv_size": [2, 13]},
								"east": {"uv": [18, 3], "uv_size": [2, 13]},
								"south": {"uv": [18, 3], "uv_size": [2, 13]},
								"west": {"uv": [18, 3], "uv_size": [2, 13]}
							}
						}
					]
				}
			]
		}
	]
}