{
	"format_version": "1.12.0",
	"minecraft:geometry": [
		{
			"description": {
				"identifier": "geometry.spruce_leaves_0",
				"texture_width": 16,
				"texture_height": 16,
				"visible_bounds_width": 3,
				"visible_bounds_height": 2,
				"visible_bounds_offset": [0, 1, 0]
			},
			"bones": [
				{
					"name": "body",
					"pivot": [0, 0, 0]
				},
				{
					"name": "light",
					"parent": "body",
					"pivot": [0, 8, 0],
					"cubes": [
						{
							"origin": [7, 11, -21],
							"size": [2, 2, 2],
							"pivot": [0, 8, 0],
							"uv": {
								"north": {"uv": [11, 3], "uv_size": [2, 2]},
								"east": {"uv": [11, 3], "uv_size": [2, 2]},
								"south": {"uv": [11, 3], "uv_size": [2, 2]},
								"west": {"uv": [11, 3], "uv_size": [2, 2]},
								"up": {"uv": [13, 5], "uv_size": [-2, -2]},
								"down": {"uv": [11, 3], "uv_size": [2, 2]}
							}
						},
						{
							"origin": [7, 3, -14],
							"size": [4, 4, 4],
							"pivot": [0, 8, 0],
							"uv": {
								"north": {"uv": [2, 10], "uv_size": [4, 4]},
								"east": {"uv": [2, 10], "uv_size": [4, 4]},
								"south": {"uv": [2, 10], "uv_size": [4, 4]},
								"west": {"uv": [2, 10], "uv_size": [4, 4]},
								"up": {"uv": [6, 14], "uv_size": [-4, -4]},
								"down": {"uv": [2, 10], "uv_size": [4, 4]}
							}
						},
						{
							"origin": [-5, -3, -20],
							"size": [4, 4, 4],
							"pivot": [0, 8, 0],
							"uv": {
								"north": {"uv": [2, 10], "uv_size": [4, 4]},
								"east": {"uv": [2, 10], "uv_size": [4, 4]},
								"south": {"uv": [2, 10], "uv_size": [4, 4]},
								"west": {"uv": [2, 10], "uv_size": [4, 4]},
								"up": {"uv": [6, 14], "uv_size": [-4, -4]},
								"down": {"uv": [2, 10], "uv_size": [4, 4]}
							}
						},
						{
							"origin": [-5, 10, -9],
							"size": [4, 4, 4],
							"pivot": [0, 8, 0],
							"uv": {
								"north": {"uv": [2, 10], "uv_size": [4, 4]},
								"east": {"uv": [2, 10], "uv_size": [4, 4]},
								"south": {"uv": [2, 10], "uv_size": [4, 4]},
								"west": {"uv": [2, 10], "uv_size": [4, 4]},
								"up": {"uv": [6, 14], "uv_size": [-4, -4]},
								"down": {"uv": [2, 10], "uv_size": [4, 4]}
							}
						},
						{
							"origin": [-10, 6, -15],
							"size": [2, 2, 2],
							"pivot": [0, 8, 0],
							"uv": {
								"north": {"uv": [11, 3], "uv_size": [2, 2]},
								"east": {"uv": [11, 3], "uv_size": [2, 2]},
								"south": {"uv": [11, 3], "uv_size": [2, 2]},
								"west": {"uv": [11, 3], "uv_size": [2, 2]},
								"up": {"uv": [13, 5], "uv_size": [-2, -2]},
								"down": {"uv": [11, 3], "uv_size": [2, 2]}
							}
						},
						{
							"origin": [2, 4, -8],
							"size": [2, 2, 2],
							"pivot": [0, 8, 0],
							"uv": {
								"north": {"uv": [11, 3], "uv_size": [2, 2]},
								"east": {"uv": [11, 3], "uv_size": [2, 2]},
								"south": {"uv": [11, 3], "uv_size": [2, 2]},
								"west": {"uv": [11, 3], "uv_size": [2, 2]},
								"up": {"uv": [13, 5], "uv_size": [-2, -2]},
								"down": {"uv": [11, 3], "uv_size": [2, 2]}
							}
						},
						{
							"origin": [2, 15, -17],
							"size": [2, 2, 2],
							"pivot": [0, 8, 0],
							"uv": {
								"north": {"uv": [11, 3], "uv_size": [2, 2]},
								"east": {"uv": [11, 3], "uv_size": [2, 2]},
								"south": {"uv": [11, 3], "uv_size": [2, 2]},
								"west": {"uv": [11, 3], "uv_size": [2, 2]},
								"up": {"uv": [13, 5], "uv_size": [-2, -2]},
								"down": {"uv": [11, 3], "uv_size": [2, 2]}
							}
						},
						{
							"origin": [-7, 15, -22],
							"size": [4, 4, 4],
							"pivot": [0, 8, 0],
							"uv": {
								"north": {"uv": [2, 10], "uv_size": [4, 4]},
								"east": {"uv": [2, 10], "uv_size": [4, 4]},
								"south": {"uv": [2, 10], "uv_size": [4, 4]},
								"west": {"uv": [2, 10], "uv_size": [4, 4]},
								"up": {"uv": [6, 14], "uv_size": [-4, -4]},
								"down": {"uv": [2, 10], "uv_size": [4, 4]}
							}
						}
					]
				}
			]
		}
	]
}