{
	"format_version": "1.12.0",
	"minecraft:geometry": [
		{
			"description": {
				"identifier": "geometry.spruce_sapling_5",
				"texture_width": 64,
				"texture_height": 64,
				"visible_bounds_width": 2,
				"visible_bounds_height": 2,
				"visible_bounds_offset": [0, 1, 0]
			},
			"bones": [
				{
					"name": "body",
					"pivot": [0, 0, 0]
				},
				{
					"name": "pot",
					"parent": "body",
					"pivot": [8, 0, -8],
					"cubes": [
						{
							"origin": [-4, 0, -4],
							"size": [8, 7, 8],
							"pivot": [0, 8, 0],
							"uv": {
								"north": {"uv": [4, 57], "uv_size": [8, 7]},
								"east": {"uv": [4, 57], "uv_size": [8, 7]},
								"south": {"uv": [4, 57], "uv_size": [8, 7]},
								"west": {"uv": [4, 57], "uv_size": [8, 7]},
								"up": {"uv": [8, 56], "uv_size": [-8, -8]},
								"down": {"uv": [8, 48], "uv_size": [8, 8]}
							}
						}
					]
				},
				{
					"name": "plant",
					"parent": "body",
					"pivot": [0, 8, 0],
					"cubes": [
						{
							"origin": [-2.5, 1, 0.5],
							"size": [2, 16, 2],
							"pivot": [0, 8, 0],
							"uv": {
								"north": {"uv": [0, 0], "uv_size": [2, 16]},
								"east": {"uv": [0, 0], "uv_size": [2, 16]},
								"south": {"uv": [0, 0], "uv_size": [2, 16]},
								"west": {"uv": [0, 0], "uv_size": [2, 16]},
								"up": {"uv": [2, 2], "uv_size": [-2, -2]}
							}
						},
						{
							"origin": [-8.4, 16, 1.5],
							"size": [13.8, 16, 0.01],
							"pivot": [-1.5, 24, 1.5],
							"rotation": [0, -45, 0],
							"uv": {
								"north": {"uv": [16, 0], "uv_size": [16, 16]},
								"south": {"uv": [48, 0], "uv_size": [16, 16]}
							}
						},
						{
							"origin": [-1.5, 16, -5.4],
							"size": [0.01, 16, 13.8],
							"pivot": [-1.5, 24, 1.5],
							"rotation": [0, -45, 0],
							"uv": {
								"east": {"uv": [63, 0], "uv_size": [1, 1]},
								"west": {"uv": [32, 0], "uv_size": [-16, 16]}
							}
						},
						{
							"origin": [0.5, 1, -2.5],
							"size": [2, 8, 2],
							"pivot": [0, 8, 0],
							"uv": {
								"north": {"uv": [2, 8], "uv_size": [2, 8]},
								"east": {"uv": [2, 8], "uv_size": [2, 8]},
								"south": {"uv": [2, 8], "uv_size": [2, 8]},
								"west": {"uv": [2, 8], "uv_size": [2, 8]},
								"up": {"uv": [2, 2], "uv_size": [-2, -2]}
							}
						},
						{
							"origin": [1.49, 7, -8.4],
							"size": [0.01, 16, 13.8],
							"pivot": [1.5, 10, -1.5],
							"rotation": [0, -22.5, 0],
							"uv": {
								"east": {"uv": [16, 16], "uv_size": [16, 16]},
								"west": {"uv": [63, 0], "uv_size": [1, 1]}
							}
						},
						{
							"origin": [-5.4, 7, -1.5],
							"size": [13.8, 16, 0.01],
							"pivot": [1.5, 10, -1.5],
							"rotation": [0, -22.5, 0],
							"uv": {
								"north": {"uv": [16, 16], "uv_size": [16, 16]},
								"south": {"uv": [63, 0], "uv_size": [1, 1]}
							}
						}
					]
				}
			]
		}
	]
}