{
	"format_version": "1.12.0",
	"minecraft:geometry": [
		{
			"description": {
				"identifier": "geometry.spruce_sapling_2",
				"texture_width": 64,
				"texture_height": 64,
				"visible_bounds_width": 4,
				"visible_bounds_height": 2,
				"visible_bounds_offset": [0, 1, 0]
			},
			"bones": [
				{
					"name": "body",
					"pivot": [0, 0, 0]
				},
				{
					"name": "flower_pot",
					"parent": "body",
					"pivot": [0, 8, 0],
					"cubes": [
						{
							"origin": [-3, 5, -3],
							"size": [6, 6, 6],
							"pivot": [0, 8, 0],
							"uv": {
								"north": {"uv": [21, 42], "uv_size": [6, 6]},
								"east": {"uv": [21, 42], "uv_size": [6, 6]},
								"south": {"uv": [21, 42], "uv_size": [6, 6]},
								"west": {"uv": [21, 42], "uv_size": [6, 6]},
								"up": {"uv": [22, 38], "uv_size": [-6, -6]},
								"down": {"uv": [26, 32], "uv_size": [6, 6]}
							}
						},
						{
							"origin": [-0.01, 0, -3],
							"size": [0.01, 32, 6],
							"pivot": [0, 14, 0],
							"rotation": [0, -45, 0],
							"uv": {
								"north": {"uv": [0, 0], "uv_size": [0, 0]},
								"east": {"uv": [0, 32], "uv_size": [7, 32]},
								"south": {"uv": [0, 0], "uv_size": [0, 0]},
								"west": {"uv": [0, 0], "uv_size": [1, 1]},
								"up": {"uv": [0, 0], "uv_size": [0, 0]},
								"down": {"uv": [0, 0], "uv_size": [0, 0]}
							}
						},
						{
							"origin": [-0.01, 0, -3],
							"size": [0.01, 32, 6],
							"pivot": [0, 14, 0],
							"rotation": [0, -135, 0],
							"uv": {
								"north": {"uv": [0, 0], "uv_size": [0, 0]},
								"east": {"uv": [0, 32], "uv_size": [7, 32]},
								"south": {"uv": [0, 0], "uv_size": [0, 0]},
								"west": {"uv": [0, 0], "uv_size": [1, 1]},
								"up": {"uv": [0, 0], "uv_size": [0, 0]},
								"down": {"uv": [0, 0], "uv_size": [0, 0]}
							}
						}
					]
				},
				{
					"name": "plant",
					"parent": "body",
					"pivot": [0, 10, 0],
					"cubes": [
						{
							"origin": [0.49, -1, -22],
							"size": [0.01, 32, 44],
							"pivot": [0, 14, 0],
							"rotation": [0, -45, 0],
							"uv": {
								"east": {"uv": [32, 0], "uv_size": [32, 32]},
								"west": {"uv": [0, 0], "uv_size": [1, 1]}
							}
						},
						{
							"origin": [-22, -1, 0.5],
							"size": [44, 32, 0.01],
							"pivot": [0, 14, 0],
							"rotation": [0, -45, 0],
							"uv": {
								"north": {"uv": [32, 0], "uv_size": [32, 32]},
								"south": {"uv": [0, 0], "uv_size": [1, 1]}
							}
						}
					]
				},
				{
					"name": "group1",
					"parent": "plant",
					"pivot": [0, 10, 0],
					"cubes": [
						{
							"origin": [-8, 7, -6],
							"size": [16, 10, 0.01],
							"pivot": [0, 17, -6],
							"rotation": [45, 0, 0],
							"uv": {
								"south": {"uv": [0, 22], "uv_size": [16, 10]}
							}
						},
						{
							"origin": [-8, 17, -22],
							"size": [16, 0.01, 10],
							"pivot": [0, 17, -12],
							"rotation": [45, 0, 0],
							"uv": {
								"up": {"uv": [16, 16], "uv_size": [-16, -10]}
							}
						},
						{
							"origin": [-8, 17, -12],
							"size": [16, 0.01, 6],
							"pivot": [0, 10, 0],
							"uv": {
								"up": {"uv": [16, 22], "uv_size": [-16, -6]}
							}
						},
						{
							"origin": [-16, 14, 0],
							"size": [32, 0.01, 16],
							"pivot": [0, 12, 0],
							"rotation": [-45, 0, 0],
							"uv": {
								"north": {"uv": [0, 0], "uv_size": [0, 0]},
								"east": {"uv": [0, 0], "uv_size": [0, 0]},
								"south": {"uv": [0, 0], "uv_size": [0, 0]},
								"west": {"uv": [0, 0], "uv_size": [0, 0]},
								"up": {"uv": [64, 64], "uv_size": [-32, -16]}
							}
						}
					]
				},
				{
					"name": "group2",
					"parent": "plant",
					"pivot": [0, 10, 0],
					"rotation": [0, -90, 0],
					"cubes": [
						{
							"origin": [-8, 7, -6],
							"size": [16, 10, 0.01],
							"pivot": [0, 17, -6],
							"rotation": [45, 0, 0],
							"uv": {
								"north": {"uv": [0, 0], "uv_size": [0, 0]},
								"east": {"uv": [0, 0], "uv_size": [0, 0]},
								"south": {"uv": [0, 22], "uv_size": [16, 10]},
								"west": {"uv": [0, 0], "uv_size": [0, 0]},
								"up": {"uv": [0, 0], "uv_size": [0, 0]},
								"down": {"uv": [0, 0], "uv_size": [0, 0]}
							}
						},
						{
							"origin": [-8, 17, -22],
							"size": [16, 0.01, 10],
							"pivot": [0, 17, -12],
							"rotation": [45, 0, 0],
							"uv": {
								"north": {"uv": [0, 0], "uv_size": [0, 0]},
								"east": {"uv": [0, 0], "uv_size": [0, 0]},
								"south": {"uv": [0, 0], "uv_size": [0, 0]},
								"west": {"uv": [0, 0], "uv_size": [0, 0]},
								"up": {"uv": [16, 16], "uv_size": [-16, -10]},
								"down": {"uv": [0, 0], "uv_size": [0, 0]}
							}
						},
						{
							"origin": [-8, 17, -12],
							"size": [16, 0.01, 6],
							"pivot": [0, 10, 0],
							"uv": {
								"north": {"uv": [0, 0], "uv_size": [0, 0]},
								"east": {"uv": [0, 0], "uv_size": [0, 0]},
								"south": {"uv": [0, 0], "uv_size": [0, 0]},
								"west": {"uv": [0, 0], "uv_size": [0, 0]},
								"up": {"uv": [16, 22], "uv_size": [-16, -6]},
								"down": {"uv": [0, 0], "uv_size": [0, 0]}
							}
						},
						{
							"origin": [-16, 14, 0],
							"size": [32, 0.01, 16],
							"pivot": [0, 12, 0],
							"rotation": [-45, 0, 0],
							"uv": {
								"north": {"uv": [0, 0], "uv_size": [0, 0]},
								"east": {"uv": [0, 0], "uv_size": [0, 0]},
								"south": {"uv": [0, 0], "uv_size": [0, 0]},
								"west": {"uv": [0, 0], "uv_size": [0, 0]},
								"up": {"uv": [64, 64], "uv_size": [-32, -16]},
								"down": {"uv": [0, 0], "uv_size": [0, 0]}
							}
						}
					]
				},
				{
					"name": "group3",
					"parent": "plant",
					"pivot": [0, 10, 0],
					"rotation": [0, 180, 0],
					"cubes": [
						{
							"origin": [-8, 7, -6],
							"size": [16, 10, 0.01],
							"pivot": [0, 17, -6],
							"rotation": [45, 0, 0],
							"uv": {
								"north": {"uv": [0, 0], "uv_size": [0, 0]},
								"east": {"uv": [0, 0], "uv_size": [0, 0]},
								"south": {"uv": [0, 22], "uv_size": [16, 10]},
								"west": {"uv": [0, 0], "uv_size": [0, 0]},
								"up": {"uv": [0, 0], "uv_size": [0, 0]},
								"down": {"uv": [0, 0], "uv_size": [0, 0]}
							}
						},
						{
							"origin": [-8, 17, -22],
							"size": [16, 0.01, 10],
							"pivot": [0, 17, -12],
							"rotation": [45, 0, 0],
							"uv": {
								"north": {"uv": [0, 0], "uv_size": [0, 0]},
								"east": {"uv": [0, 0], "uv_size": [0, 0]},
								"south": {"uv": [0, 0], "uv_size": [0, 0]},
								"west": {"uv": [0, 0], "uv_size": [0, 0]},
								"up": {"uv": [16, 16], "uv_size": [-16, -10]},
								"down": {"uv": [0, 0], "uv_size": [0, 0]}
							}
						},
						{
							"origin": [-8, 17, -12],
							"size": [16, 0.01, 6],
							"pivot": [0, 10, 0],
							"uv": {
								"north": {"uv": [0, 0], "uv_size": [0, 0]},
								"east": {"uv": [0, 0], "uv_size": [0, 0]},
								"south": {"uv": [0, 0], "uv_size": [0, 0]},
								"west": {"uv": [0, 0], "uv_size": [0, 0]},
								"up": {"uv": [16, 22], "uv_size": [-16, -6]},
								"down": {"uv": [0, 0], "uv_size": [0, 0]}
							}
						},
						{
							"origin": [-16, 14, 0],
							"size": [32, 0.01, 16],
							"pivot": [0, 12, 0],
							"rotation": [-45, 0, 0],
							"uv": {
								"north": {"uv": [0, 0], "uv_size": [0, 0]},
								"east": {"uv": [0, 0], "uv_size": [0, 0]},
								"south": {"uv": [0, 0], "uv_size": [0, 0]},
								"west": {"uv": [0, 0], "uv_size": [0, 0]},
								"up": {"uv": [64, 64], "uv_size": [-32, -16]},
								"down": {"uv": [0, 0], "uv_size": [0, 0]}
							}
						}
					]
				},
				{
					"name": "group4",
					"parent": "plant",
					"pivot": [0, 10, 0],
					"rotation": [0, 90, 0],
					"cubes": [
						{
							"origin": [-8, 7, -6],
							"size": [16, 10, 0.01],
							"pivot": [0, 17, -6],
							"rotation": [45, 0, 0],
							"uv": {
								"north": {"uv": [0, 0], "uv_size": [0, 0]},
								"east": {"uv": [0, 0], "uv_size": [0, 0]},
								"south": {"uv": [0, 22], "uv_size": [16, 10]},
								"west": {"uv": [0, 0], "uv_size": [0, 0]},
								"up": {"uv": [0, 0], "uv_size": [0, 0]},
								"down": {"uv": [0, 0], "uv_size": [0, 0]}
							}
						},
						{
							"origin": [-8, 17, -22],
							"size": [16, 0.01, 10],
							"pivot": [0, 17, -12],
							"rotation": [45, 0, 0],
							"uv": {
								"north": {"uv": [0, 0], "uv_size": [0, 0]},
								"east": {"uv": [0, 0], "uv_size": [0, 0]},
								"south": {"uv": [0, 0], "uv_size": [0, 0]},
								"west": {"uv": [0, 0], "uv_size": [0, 0]},
								"up": {"uv": [16, 16], "uv_size": [-16, -10]},
								"down": {"uv": [0, 0], "uv_size": [0, 0]}
							}
						},
						{
							"origin": [-8, 17, -12],
							"size": [16, 0.01, 6],
							"pivot": [0, 10, 0],
							"uv": {
								"north": {"uv": [0, 0], "uv_size": [0, 0]},
								"east": {"uv": [0, 0], "uv_size": [0, 0]},
								"south": {"uv": [0, 0], "uv_size": [0, 0]},
								"west": {"uv": [0, 0], "uv_size": [0, 0]},
								"up": {"uv": [16, 22], "uv_size": [-16, -6]},
								"down": {"uv": [0, 0], "uv_size": [0, 0]}
							}
						},
						{
							"origin": [-16, 14, 0],
							"size": [32, 0.01, 16],
							"pivot": [0, 12, 0],
							"rotation": [-45, 0, 0],
							"uv": {
								"north": {"uv": [0, 0], "uv_size": [0, 0]},
								"east": {"uv": [0, 0], "uv_size": [0, 0]},
								"south": {"uv": [0, 0], "uv_size": [0, 0]},
								"west": {"uv": [0, 0], "uv_size": [0, 0]},
								"up": {"uv": [64, 64], "uv_size": [-32, -16]},
								"down": {"uv": [0, 0], "uv_size": [0, 0]}
							}
						}
					]
				}
			]
		}
	]
}