{
	"format_version": "1.12.0",
	"minecraft:geometry": [
		{
			"description": {
				"identifier": "geometry.spruce_sapling_0",
				"texture_width": 64,
				"texture_height": 64,
				"visible_bounds_width": 4,
				"visible_bounds_height": 2,
				"visible_bounds_offset": [0, 1, 0]
			},
			"bones": [
				{
					"name": "body",
					"pivot": [0, 0, 0]
				},
				{
					"name": "flower_pot",
					"parent": "body",
					"pivot": [0, 8, 0],
					"cubes": [
						{
							"origin": [-3, 0, -3],
							"size": [6, 2, 6],
							"pivot": [0, 8, 0],
							"uv": {
								"north": {"uv": [5, 62], "uv_size": [6, 2]},
								"east": {"uv": [5, 62], "uv_size": [6, 2]},
								"south": {"uv": [5, 62], "uv_size": [6, 2]},
								"west": {"uv": [5, 62], "uv_size": [6, 2]},
								"up": {"uv": [15, 55], "uv_size": [-6, -6]},
								"down": {"uv": [9, 49], "uv_size": [6, 6]}
							}
						},
						{
							"origin": [-4, 3, -4],
							"size": [8, 4, 8],
							"pivot": [0, 8, 0],
							"uv": {
								"north": {"uv": [4, 57], "uv_size": [8, 4]},
								"east": {"uv": [4, 57], "uv_size": [8, 4]},
								"south": {"uv": [4, 57], "uv_size": [8, 4]},
								"west": {"uv": [4, 57], "uv_size": [8, 4]},
								"up": {"uv": [8, 56], "uv_size": [-8, -8]},
								"down": {"uv": [8, 48], "uv_size": [8, 8]}
							}
						},
						{
							"origin": [-2, 2, -2],
							"size": [4, 1, 4],
							"pivot": [0, 8, 0],
							"uv": {
								"north": {"uv": [6, 61], "uv_size": [4, 1]},
								"east": {"uv": [6, 61], "uv_size": [4, 1]},
								"south": {"uv": [6, 61], "uv_size": [4, 1]},
								"west": {"uv": [6, 61], "uv_size": [4, 1]}
							}
						}
					]
				},
				{
					"name": "plant",
					"parent": "body",
					"pivot": [0, 8, 0],
					"cubes": [
						{
							"origin": [-0.01, -3, -22],
							"size": [0.01, 32, 44],
							"pivot": [0, 12, 0],
							"rotation": [0, -45, 0],
							"uv": {
								"east": {"uv": [32, 0], "uv_size": [32, 32]},
								"west": {"uv": [0, 0], "uv_size": [1, 1]}
							}
						},
						{
							"origin": [-22, -3, 0],
							"size": [44, 32, 0.01],
							"pivot": [0, 12, 0],
							"rotation": [0, -45, 0],
							"uv": {
								"north": {"uv": [32, 0], "uv_size": [32, 32]},
								"south": {"uv": [0, 0], "uv_size": [1, 1]}
							}
						}
					]
				},
				{
					"name": "group1",
					"parent": "plant",
					"pivot": [0, 8, 0],
					"cubes": [
						{
							"origin": [-8, 5, -6],
							"size": [16, 10, 0.01],
							"pivot": [0, 15, -6],
							"rotation": [45, 0, 0],
							"uv": {
								"south": {"uv": [0, 22], "uv_size": [16, 10]}
							}
						},
						{
							"origin": [-8, 15, -22],
							"size": [16, 0.01, 10],
							"pivot": [0, 15, -12],
							"rotation": [45, 0, 0],
							"uv": {
								"up": {"uv": [16, 16], "uv_size": [-16, -10]}
							}
						},
						{
							"origin": [-8, 15, -12],
							"size": [16, 0.01, 6],
							"pivot": [0, 8, 0],
							"uv": {
								"up": {"uv": [16, 22], "uv_size": [-16, -6]}
							}
						},
						{
							"origin": [-16, 12, 0],
							"size": [32, 0.01, 16],
							"pivot": [0, 10, 0],
							"rotation": [-45, 0, 0],
							"uv": {
								"north": {"uv": [0, 0], "uv_size": [0, 0]},
								"east": {"uv": [0, 0], "uv_size": [0, 0]},
								"south": {"uv": [0, 0], "uv_size": [0, 0]},
								"west": {"uv": [0, 0], "uv_size": [0, 0]},
								"up": {"uv": [64, 64], "uv_size": [-32, -16]}
							}
						}
					]
				},
				{
					"name": "group2",
					"parent": "plant",
					"pivot": [0, 8, 0],
					"rotation": [0, -90, 0],
					"cubes": [
						{
							"origin": [-8, 5, -6],
							"size": [16, 10, 0.01],
							"pivot": [0, 15, -6],
							"rotation": [45, 0, 0],
							"uv": {
								"north": {"uv": [0, 0], "uv_size": [0, 0]},
								"east": {"uv": [0, 0], "uv_size": [0, 0]},
								"south": {"uv": [0, 22], "uv_size": [16, 10]},
								"west": {"uv": [0, 0], "uv_size": [0, 0]},
								"up": {"uv": [0, 0], "uv_size": [0, 0]},
								"down": {"uv": [0, 0], "uv_size": [0, 0]}
							}
						},
						{
							"origin": [-8, 15, -22],
							"size": [16, 0.01, 10],
							"pivot": [0, 15, -12],
							"rotation": [45, 0, 0],
							"uv": {
								"north": {"uv": [0, 0], "uv_size": [0, 0]},
								"east": {"uv": [0, 0], "uv_size": [0, 0]},
								"south": {"uv": [0, 0], "uv_size": [0, 0]},
								"west": {"uv": [0, 0], "uv_size": [0, 0]},
								"up": {"uv": [16, 16], "uv_size": [-16, -10]},
								"down": {"uv": [0, 0], "uv_size": [0, 0]}
							}
						},
						{
							"origin": [-8, 15, -12],
							"size": [16, 0.01, 6],
							"pivot": [0, 8, 0],
							"uv": {
								"north": {"uv": [0, 0], "uv_size": [0, 0]},
								"east": {"uv": [0, 0], "uv_size": [0, 0]},
								"south": {"uv": [0, 0], "uv_size": [0, 0]},
								"west": {"uv": [0, 0], "uv_size": [0, 0]},
								"up": {"uv": [16, 22], "uv_size": [-16, -6]},
								"down": {"uv": [0, 0], "uv_size": [0, 0]}
							}
						},
						{
							"origin": [-16, 12, 0],
							"size": [32, 0.01, 16],
							"pivot": [0, 10, 0],
							"rotation": [-45, 0, 0],
							"uv": {
								"north": {"uv": [0, 0], "uv_size": [0, 0]},
								"east": {"uv": [0, 0], "uv_size": [0, 0]},
								"south": {"uv": [0, 0], "uv_size": [0, 0]},
								"west": {"uv": [0, 0], "uv_size": [0, 0]},
								"up": {"uv": [64, 64], "uv_size": [-32, -16]},
								"down": {"uv": [0, 0], "uv_size": [0, 0]}
							}
						}
					]
				},
				{
					"name": "group3",
					"parent": "plant",
					"pivot": [0, 8, 0],
					"rotation": [0, 180, 0],
					"cubes": [
						{
							"origin": [-8, 5, -6],
							"size": [16, 10, 0.01],
							"pivot": [0, 15, -6],
							"rotation": [45, 0, 0],
							"uv": {
								"north": {"uv": [0, 0], "uv_size": [0, 0]},
								"east": {"uv": [0, 0], "uv_size": [0, 0]},
								"south": {"uv": [0, 22], "uv_size": [16, 10]},
								"west": {"uv": [0, 0], "uv_size": [0, 0]},
								"up": {"uv": [0, 0], "uv_size": [0, 0]},
								"down": {"uv": [0, 0], "uv_size": [0, 0]}
							}
						},
						{
							"origin": [-8, 15, -22],
							"size": [16, 0.01, 10],
							"pivot": [0, 15, -12],
							"rotation": [45, 0, 0],
							"uv": {
								"north": {"uv": [0, 0], "uv_size": [0, 0]},
								"east": {"uv": [0, 0], "uv_size": [0, 0]},
								"south": {"uv": [0, 0], "uv_size": [0, 0]},
								"west": {"uv": [0, 0], "uv_size": [0, 0]},
								"up": {"uv": [16, 16], "uv_size": [-16, -10]},
								"down": {"uv": [0, 0], "uv_size": [0, 0]}
							}
						},
						{
							"origin": [-8, 15, -12],
							"size": [16, 0.01, 6],
							"pivot": [0, 8, 0],
							"uv": {
								"north": {"uv": [0, 0], "uv_size": [0, 0]},
								"east": {"uv": [0, 0], "uv_size": [0, 0]},
								"south": {"uv": [0, 0], "uv_size": [0, 0]},
								"west": {"uv": [0, 0], "uv_size": [0, 0]},
								"up": {"uv": [16, 22], "uv_size": [-16, -6]},
								"down": {"uv": [0, 0], "uv_size": [0, 0]}
							}
						},
						{
							"origin": [-16, 12, 0],
							"size": [32, 0.01, 16],
							"pivot": [0, 10, 0],
							"rotation": [-45, 0, 0],
							"uv": {
								"north": {"uv": [0, 0], "uv_size": [0, 0]},
								"east": {"uv": [0, 0], "uv_size": [0, 0]},
								"south": {"uv": [0, 0], "uv_size": [0, 0]},
								"west": {"uv": [0, 0], "uv_size": [0, 0]},
								"up": {"uv": [64, 64], "uv_size": [-32, -16]},
								"down": {"uv": [0, 0], "uv_size": [0, 0]}
							}
						}
					]
				},
				{
					"name": "group4",
					"parent": "plant",
					"pivot": [0, 8, 0],
					"rotation": [0, 90, 0],
					"cubes": [
						{
							"origin": [-8, 5, -6],
							"size": [16, 10, 0.01],
							"pivot": [0, 15, -6],
							"rotation": [45, 0, 0],
							"uv": {
								"north": {"uv": [0, 0], "uv_size": [0, 0]},
								"east": {"uv": [0, 0], "uv_size": [0, 0]},
								"south": {"uv": [0, 22], "uv_size": [16, 10]},
								"west": {"uv": [0, 0], "uv_size": [0, 0]},
								"up": {"uv": [0, 0], "uv_size": [0, 0]},
								"down": {"uv": [0, 0], "uv_size": [0, 0]}
							}
						},
						{
							"origin": [-8, 15, -22],
							"size": [16, 0.01, 10],
							"pivot": [0, 15, -12],
							"rotation": [45, 0, 0],
							"uv": {
								"north": {"uv": [0, 0], "uv_size": [0, 0]},
								"east": {"uv": [0, 0], "uv_size": [0, 0]},
								"south": {"uv": [0, 0], "uv_size": [0, 0]},
								"west": {"uv": [0, 0], "uv_size": [0, 0]},
								"up": {"uv": [16, 16], "uv_size": [-16, -10]},
								"down": {"uv": [0, 0], "uv_size": [0, 0]}
							}
						},
						{
							"origin": [-8, 15, -12],
							"size": [16, 0.01, 6],
							"pivot": [0, 8, 0],
							"uv": {
								"north": {"uv": [0, 0], "uv_size": [0, 0]},
								"east": {"uv": [0, 0], "uv_size": [0, 0]},
								"south": {"uv": [0, 0], "uv_size": [0, 0]},
								"west": {"uv": [0, 0], "uv_size": [0, 0]},
								"up": {"uv": [16, 22], "uv_size": [-16, -6]},
								"down": {"uv": [0, 0], "uv_size": [0, 0]}
							}
						},
						{
							"origin": [-16, 12, 0],
							"size": [32, 0.01, 16],
							"pivot": [0, 10, 0],
							"rotation": [-45, 0, 0],
							"uv": {
								"north": {"uv": [0, 0], "uv_size": [0, 0]},
								"east": {"uv": [0, 0], "uv_size": [0, 0]},
								"south": {"uv": [0, 0], "uv_size": [0, 0]},
								"west": {"uv": [0, 0], "uv_size": [0, 0]},
								"up": {"uv": [64, 64], "uv_size": [-32, -16]},
								"down": {"uv": [0, 0], "uv_size": [0, 0]}
							}
						}
					]
				}
			]
		}
	]
}