{
	"format_version": "1.12.0",
	"minecraft:geometry": [
		{
			"description": {
				"identifier": "geometry.spruce_sapling_4",
				"texture_width": 16,
				"texture_height": 16,
				"visible_bounds_width": 2,
				"visible_bounds_height": 2,
				"visible_bounds_offset": [0, 1, 0]
			},
			"bones": [
				{
					"name": "body",
					"pivot": [0, 0, 0]
				},
				{
					"name": "plant",
					"parent": "body",
					"pivot": [0, 8, 0],
					"cubes": [
						{
							"origin": [-7.2, 0, 0],
							"size": [14.4, 32, 0.01],
							"pivot": [0, 16, 0],
							"rotation": [0, -45, 0],
							"uv": {
								"north": {"uv": [8, 0], "uv_size": [8, 16]}
							}
						},
						{
							"origin": [-0.01, 0, -7.2],
							"size": [0.01, 32, 14.4],
							"pivot": [0, 16, 0],
							"rotation": [0, -45, 0],
							"uv": {
								"east": {"uv": [8, 0], "uv_size": [8, 16]}
							}
						},
						{
							"origin": [0.99, 8, -1.5],
							"size": [0.01, 16, 3],
							"pivot": [0, 8, 0],
							"rotation": [0, 0, 22.5],
							"uv": {
								"east": {"uv": [0, 0], "uv_size": [1.5, 8]}
							}
						},
						{
							"origin": [-1, 8, -1.5],
							"size": [0.01, 16, 3],
							"pivot": [0, 8, 0],
							"rotation": [0, 0, -22.5],
							"uv": {
								"west": {"uv": [1.5, 0], "uv_size": [-1.5, 8]}
							}
						},
						{
							"origin": [-1.5, 8, 0.99],
							"size": [3, 16, 0.01],
							"pivot": [0, 8, 0],
							"rotation": [-22.5, 0, 0],
							"uv": {
								"north": {"uv": [1.5, 0], "uv_size": [-1.5, 8]}
							}
						},
						{
							"origin": [-1.5, 8, -1],
							"size": [3, 16, 0.01],
							"pivot": [0, 8, 0],
							"rotation": [22.5, 0, 0],
							"uv": {
								"south": {"uv": [0, 0], "uv_size": [1.5, 8]}
							}
						}
					]
				},
				{
					"name": "flower_pot",
					"parent": "body",
					"pivot": [0, 8, 0],
					"cubes": [
						{
							"origin": [-3, 0, -3],
							"size": [6, 5, 6],
							"pivot": [0, 8, 0],
							"uv": {
								"north": {"uv": [4, 13.5], "uv_size": [3, 2.5]},
								"east": {"uv": [4, 13.5], "uv_size": [3, 2.5]},
								"south": {"uv": [4, 13.5], "uv_size": [3, 2.5]},
								"west": {"uv": [4, 13.5], "uv_size": [3, 2.5]},
								"down": {"uv": [0.5, 9], "uv_size": [3, 3]}
							}
						},
						{
							"origin": [-3.5, 5, -3.5],
							"size": [7, 4, 7],
							"pivot": [0, 8, 0],
							"uv": {
								"north": {"uv": [4, 11.5], "uv_size": [3.5, 2]},
								"east": {"uv": [4, 11.5], "uv_size": [3.5, 2]},
								"south": {"uv": [4, 11.5], "uv_size": [3.5, 2]},
								"west": {"uv": [4, 11.5], "uv_size": [3.5, 2]},
								"up": {"uv": [3.5, 16], "uv_size": [-3.5, -3.5]},
								"down": {"uv": [0, 12.5], "uv_size": [3.5, 3.5]}
							}
						}
					]
				}
			]
		}
	]
}