{
	"format_version": "1.12.0",
	"minecraft:geometry": [
		{
			"description": {
				"identifier": "geometry.spruce_sapling_3",
				"texture_width": 64,
				"texture_height": 64,
				"visible_bounds_width": 2,
				"visible_bounds_height": 2,
				"visible_bounds_offset": [0, 1, 0]
			},
			"bones": [
				{
					"name": "body",
					"pivot": [0, 0, 0],
					"cubes": [
						{
							"origin": [-4, 0, -4],
							"size": [8, 7, 8],
							"pivot": [0, 8, 0],
							"uv": {
								"north": {"uv": [4, 57], "uv_size": [8, 7]},
								"east": {"uv": [4, 57], "uv_size": [8, 7]},
								"south": {"uv": [4, 57], "uv_size": [8, 7]},
								"west": {"uv": [4, 57], "uv_size": [8, 7]},
								"up": {"uv": [8, 56], "uv_size": [-8, -8]},
								"down": {"uv": [8, 48], "uv_size": [8, 8]}
							}
						}
					]
				},
				{
					"name": "plant",
					"parent": "body",
					"pivot": [0, 8, 0],
					"cubes": [
						{
							"origin": [-8.2, 0, 0],
							"size": [16.4, 32, 0.01],
							"pivot": [0, 16, 0],
							"rotation": [0, -45, 0],
							"uv": {
								"north": {"uv": [0, 0], "uv_size": [18, 32]}
							}
						},
						{
							"origin": [-8.2, 0, -0.01],
							"size": [16.4, 32, 0.01],
							"pivot": [0, 16, 0],
							"rotation": [0, 45, 0],
							"uv": {
								"north": {"uv": [0, 0], "uv_size": [18, 32]}
							}
						},
						{
							"origin": [-6, 7, -2.01],
							"size": [12, 22, 0.01],
							"pivot": [0, 16, 0],
							"rotation": [-22.5, 0, 0],
							"uv": {
								"north": {"uv": [20, 0], "uv_size": [12, 22]}
							}
						},
						{
							"origin": [-6, 7, 2],
							"size": [12, 22, 0.01],
							"pivot": [0, 16, 0],
							"rotation": [22.5, 0, 0],
							"uv": {
								"south": {"uv": [20, 0], "uv_size": [12, 22]}
							}
						},
						{
							"origin": [2, 7, -6],
							"size": [0.01, 22, 12],
							"pivot": [0, 16, 0],
							"rotation": [0, 0, -22.5],
							"uv": {
								"west": {"uv": [20, 0], "uv_size": [12, 22]}
							}
						},
						{
							"origin": [-2.01, 7, -6],
							"size": [0.01, 22, 12],
							"pivot": [0, 16, 0],
							"rotation": [0, 0, 22.5],
							"uv": {
								"east": {"uv": [20, 0], "uv_size": [12, 22]}
							}
						}
					]
				}
			]
		}
	]
}