{
	"format_version": "1.12.0",
	"minecraft:geometry": [
		{
			"description": {
				"identifier": "geometry.spruce_leaves_7",
				"texture_width": 16,
				"texture_height": 16,
				"visible_bounds_width": 2,
				"visible_bounds_height": 1,
				"visible_bounds_offset": [0, 0.5, 0]
			},
			"bones": [
				{
					"name": "body",
					"pivot": [0, 0, 0],
					"cubes": [
						{
							"origin": [1, 0, 2],
							"size": [2, 3, 2],
							"pivot": [1, 0, 3],
							"rotation": [22.5, 0, 0],
							"uv": {
								"north": {"uv": [0, 0], "uv_size": [2, 3]},
								"east": {"uv": [0, 0], "uv_size": [2, 3]},
								"south": {"uv": [0, 0], "uv_size": [2, 3]},
								"west": {"uv": [0, 0], "uv_size": [2, 3]},
								"up": {"uv": [2, 3], "uv_size": [-2, -2]},
								"down": {"uv": [0, 0], "uv_size": [2, 2]}
							}
						},
						{
							"origin": [-2, -3, -5],
							"size": [2, 3, 2],
							"pivot": [1, 0, 3],
							"rotation": [-22.5, 0, 0],
							"uv": {
								"north": {"uv": [0, 0], "uv_size": [2, 3]},
								"east": {"uv": [0, 0], "uv_size": [2, 3]},
								"south": {"uv": [0, 0], "uv_size": [2, 3]},
								"west": {"uv": [0, 0], "uv_size": [2, 3]},
								"up": {"uv": [2, 2], "uv_size": [-2, -2]},
								"down": {"uv": [0, 0], "uv_size": [2, 2]}
							}
						},
						{
							"origin": [-8, 0, 0],
							"size": [16, 8, 0.01],
							"pivot": [0, 8, 0],
							"rotation": [0, -45, 0],
							"uv": {
								"north": {"uv": [0, 7], "uv_size": [16, 9]}
							}
						},
						{
							"origin": [-8, 0, 0],
							"size": [16, 8, 0.01],
							"pivot": [0, 8, 0],
							"rotation": [0, 45, 0],
							"uv": {
								"north": {"uv": [0, 7], "uv_size": [16, 9]}
							}
						},
						{
							"origin": [-9, 0, 0],
							"size": [18, 8, 0.01],
							"pivot": [0, 2, 0],
							"rotation": [45, 0, 0],
							"uv": {
								"north": {"uv": [0, 7], "uv_size": [16, 9]}
							}
						},
						{
							"origin": [-9, 0, 0],
							"size": [18, 8, 0.01],
							"pivot": [0, 2, 0],
							"rotation": [-45, 0, 0],
							"uv": {
								"north": {"uv": [16, 7], "uv_size": [-16, 9]}
							}
						}
					]
				},
				{
					"name": "bone2",
					"parent": "body",
					"pivot": [0, 2, 0],
					"cubes": [
						{
							"origin": [-8, 1, -2.5],
							"size": [8, 0.01, 5],
							"pivot": [0, 2, 0],
							"rotation": [0, 62.5, 0],
							"uv": {
								"north": {"uv": [0, 0], "uv_size": [0, 0]},
								"east": {"uv": [0, 0], "uv_size": [0, 0]},
								"south": {"uv": [0, 0], "uv_size": [0, 0]},
								"west": {"uv": [0, 0], "uv_size": [0, 0]},
								"up": {"uv": [15, 6], "uv_size": [-8, -5]}
							}
						},
						{
							"origin": [-9, 1, -3.5],
							"size": [8, 0.01, 5],
							"pivot": [0, 2, 0],
							"rotation": [0, -135, 0],
							"uv": {
								"north": {"uv": [0, 0], "uv_size": [0, 0]},
								"east": {"uv": [0, 0], "uv_size": [0, 0]},
								"south": {"uv": [0, 0], "uv_size": [0, 0]},
								"west": {"uv": [0, 0], "uv_size": [0, 0]},
								"up": {"uv": [15, 6], "uv_size": [-8, -5]}
							}
						},
						{
							"origin": [-9, 2, -3],
							"size": [8, 0.01, 5],
							"pivot": [0, 2, 0],
							"rotation": [0, -42.5, 0],
							"uv": {
								"north": {"uv": [0, 0], "uv_size": [0, 0]},
								"east": {"uv": [0, 0], "uv_size": [0, 0]},
								"south": {"uv": [0, 0], "uv_size": [0, 0]},
								"west": {"uv": [0, 0], "uv_size": [0, 0]},
								"up": {"uv": [15, 6], "uv_size": [-8, -5]}
							}
						}
					]
				}
			]
		}
	]
}