{
	"format_version": "1.12.0",
	"minecraft:geometry": [
		{
			"description": {
				"identifier": "geometry.spruce_leaves_3",
				"texture_width": 16,
				"texture_height": 16,
				"visible_bounds_width": 3,
				"visible_bounds_height": 2,
				"visible_bounds_offset": [0, 1, 0]
			},
			"bones": [
				{
					"name": "body",
					"pivot": [0, 8, 0]
				},
				{
					"name": "00wreath1",
					"parent": "body",
					"pivot": [0, 8, 0],
					"cubes": [
						{
							"origin": [-8, 10, -5],
							"size": [6, 6, 0.01],
							"pivot": [-5, 13, -5],
							"rotation": [0, -45, 0],
							"uv": {
								"north": {"uv": [0, 0], "uv_size": [0, 0]},
								"south": {"uv": [0, 0], "uv_size": [6, 6]}
							}
						},
						{
							"origin": [-5.01, 10, -8],
							"size": [0.01, 6, 6],
							"pivot": [-5, 13, -5],
							"rotation": [0, -45, 0],
							"uv": {
								"east": {"uv": [0, 0], "uv_size": [0, 0]},
								"west": {"uv": [0, 0], "uv_size": [6, 6]}
							}
						},
						{
							"origin": [-0.01, 7, -8],
							"size": [0.01, 6, 6],
							"pivot": [0, 10, -5],
							"rotation": [0, -45, 0],
							"uv": {
								"east": {"uv": [0, 0], "uv_size": [0, 0]},
								"west": {"uv": [0, 0], "uv_size": [6, 6]}
							}
						},
						{
							"origin": [-3, 7, -5],
							"size": [6, 6, 0.01],
							"pivot": [0, 10, -5],
							"rotation": [0, -45, 0],
							"uv": {
								"north": {"uv": [0, 0], "uv_size": [0, 0]},
								"south": {"uv": [0, 0], "uv_size": [6, 6]}
							}
						},
						{
							"origin": [2, 10, -5],
							"size": [6, 6, 0.01],
							"pivot": [5, 13, -5],
							"rotation": [0, -45, 0],
							"uv": {
								"north": {"uv": [0, 0], "uv_size": [0, 0]},
								"south": {"uv": [0, 0], "uv_size": [6, 6]}
							}
						},
						{
							"origin": [4.99, 10, -8],
							"size": [0.01, 6, 6],
							"pivot": [5, 13, -5],
							"rotation": [0, -45, 0],
							"uv": {
								"east": {"uv": [0, 0], "uv_size": [0, 0]},
								"west": {"uv": [0, 0], "uv_size": [6, 6]}
							}
						}
					]
				},
				{
					"name": "00light",
					"parent": "00wreath1",
					"pivot": [0, 0, 0],
					"cubes": [
						{
							"origin": [-6, 13, -5],
							"size": [2, 2, 2],
							"uv": {
								"north": {"uv": [12, 1], "uv_size": [2, 2]},
								"east": {"uv": [12, 1], "uv_size": [2, 2]},
								"south": {"uv": [12, 1], "uv_size": [2, 2]},
								"west": {"uv": [12, 1], "uv_size": [2, 2]},
								"up": {"uv": [14, 3], "uv_size": [-2, -2]},
								"down": {"uv": [12, 1], "uv_size": [2, 2]}
							}
						},
						{
							"origin": [3, 9, -5],
							"size": [2, 2, 2],
							"uv": {
								"north": {"uv": [12, 1], "uv_size": [2, 2]},
								"east": {"uv": [12, 1], "uv_size": [2, 2]},
								"south": {"uv": [12, 1], "uv_size": [2, 2]},
								"west": {"uv": [12, 1], "uv_size": [2, 2]},
								"up": {"uv": [14, 3], "uv_size": [-2, -2]},
								"down": {"uv": [12, 1], "uv_size": [2, 2]}
							}
						},
						{
							"origin": [7, 13, -5],
							"size": [1, 1, 1],
							"uv": {
								"north": {"uv": [10, 1], "uv_size": [1, 1]},
								"east": {"uv": [10, 1], "uv_size": [1, 1]},
								"south": {"uv": [10, 1], "uv_size": [1, 1]},
								"west": {"uv": [10, 1], "uv_size": [1, 1]},
								"up": {"uv": [11, 2], "uv_size": [-1, -1]},
								"down": {"uv": [10, 1], "uv_size": [1, 1]}
							}
						},
						{
							"origin": [1, 12, -3],
							"size": [1, 1, 1],
							"uv": {
								"north": {"uv": [10, 1], "uv_size": [1, 1]},
								"east": {"uv": [10, 1], "uv_size": [1, 1]},
								"south": {"uv": [10, 1], "uv_size": [1, 1]},
								"west": {"uv": [10, 1], "uv_size": [1, 1]},
								"up": {"uv": [11, 2], "uv_size": [-1, -1]},
								"down": {"uv": [10, 1], "uv_size": [1, 1]}
							}
						},
						{
							"origin": [-3, 8, -5],
							"size": [1, 1, 1],
							"uv": {
								"north": {"uv": [10, 1], "uv_size": [1, 1]},
								"east": {"uv": [10, 1], "uv_size": [1, 1]},
								"south": {"uv": [10, 1], "uv_size": [1, 1]},
								"west": {"uv": [10, 1], "uv_size": [1, 1]},
								"up": {"uv": [11, 2], "uv_size": [-1, -1]},
								"down": {"uv": [10, 1], "uv_size": [1, 1]}
							}
						}
					]
				},
				{
					"name": "45wreath2",
					"parent": "body",
					"pivot": [0, 8, 0],
					"rotation": [0, 0, -45],
					"cubes": [
						{
							"origin": [-8, 10, -5],
							"size": [6, 6, 0.01],
							"pivot": [-5, 13, -5],
							"rotation": [0, -45, 0],
							"uv": {
								"north": {"uv": [0, 0], "uv_size": [0, 0]},
								"east": {"uv": [0, 0], "uv_size": [0, 0]},
								"south": {"uv": [0, 0], "uv_size": [6, 6]},
								"west": {"uv": [0, 0], "uv_size": [0, 0]},
								"up": {"uv": [0, 0], "uv_size": [0, 0]},
								"down": {"uv": [0, 0], "uv_size": [0, 0]}
							}
						},
						{
							"origin": [-5.01, 10, -8],
							"size": [0.01, 6, 6],
							"pivot": [-5, 13, -5],
							"rotation": [0, -45, 0],
							"uv": {
								"north": {"uv": [0, 0], "uv_size": [0, 0]},
								"east": {"uv": [0, 0], "uv_size": [0, 0]},
								"south": {"uv": [0, 0], "uv_size": [0, 0]},
								"west": {"uv": [0, 0], "uv_size": [6, 6]},
								"up": {"uv": [0, 0], "uv_size": [0, 0]},
								"down": {"uv": [0, 0], "uv_size": [0, 0]}
							}
						},
						{
							"origin": [-0.01, 7, -8],
							"size": [0.01, 6, 6],
							"pivot": [0, 10, -5],
							"rotation": [0, -45, 0],
							"uv": {
								"north": {"uv": [0, 0], "uv_size": [0, 0]},
								"east": {"uv": [0, 0], "uv_size": [0, 0]},
								"south": {"uv": [0, 0], "uv_size": [0, 0]},
								"west": {"uv": [0, 0], "uv_size": [6, 6]},
								"up": {"uv": [0, 0], "uv_size": [0, 0]},
								"down": {"uv": [0, 0], "uv_size": [0, 0]}
							}
						},
						{
							"origin": [-3, 7, -5],
							"size": [6, 6, 0.01],
							"pivot": [0, 10, -5],
							"rotation": [0, -45, 0],
							"uv": {
								"north": {"uv": [0, 0], "uv_size": [0, 0]},
								"east": {"uv": [0, 0], "uv_size": [0, 0]},
								"south": {"uv": [0, 0], "uv_size": [6, 6]},
								"west": {"uv": [0, 0], "uv_size": [0, 0]},
								"up": {"uv": [0, 0], "uv_size": [0, 0]},
								"down": {"uv": [0, 0], "uv_size": [0, 0]}
							}
						},
						{
							"origin": [2, 10, -5],
							"size": [6, 6, 0.01],
							"pivot": [5, 13, -5],
							"rotation": [0, -45, 0],
							"uv": {
								"north": {"uv": [0, 0], "uv_size": [0, 0]},
								"east": {"uv": [0, 0], "uv_size": [0, 0]},
								"south": {"uv": [0, 0], "uv_size": [6, 6]},
								"west": {"uv": [0, 0], "uv_size": [0, 0]},
								"up": {"uv": [0, 0], "uv_size": [0, 0]},
								"down": {"uv": [0, 0], "uv_size": [0, 0]}
							}
						},
						{
							"origin": [4.99, 10, -8],
							"size": [0.01, 6, 6],
							"pivot": [5, 13, -5],
							"rotation": [0, -45, 0],
							"uv": {
								"north": {"uv": [0, 0], "uv_size": [0, 0]},
								"east": {"uv": [0, 0], "uv_size": [0, 0]},
								"south": {"uv": [0, 0], "uv_size": [0, 0]},
								"west": {"uv": [0, 0], "uv_size": [6, 6]},
								"up": {"uv": [0, 0], "uv_size": [0, 0]},
								"down": {"uv": [0, 0], "uv_size": [0, 0]}
							}
						}
					]
				},
				{
					"name": "45light",
					"parent": "45wreath2",
					"pivot": [0, 0, 0],
					"cubes": [
						{
							"origin": [-3, 8, -5],
							"size": [1, 1, 1],
							"uv": {
								"north": {"uv": [10, 1], "uv_size": [1, 1]},
								"east": {"uv": [10, 1], "uv_size": [1, 1]},
								"south": {"uv": [10, 1], "uv_size": [1, 1]},
								"west": {"uv": [10, 1], "uv_size": [1, 1]},
								"up": {"uv": [11, 2], "uv_size": [-1, -1]},
								"down": {"uv": [10, 1], "uv_size": [1, 1]}
							}
						},
						{
							"origin": [-6, 13, -5],
							"size": [2, 2, 2],
							"uv": {
								"north": {"uv": [12, 1], "uv_size": [2, 2]},
								"east": {"uv": [12, 1], "uv_size": [2, 2]},
								"south": {"uv": [12, 1], "uv_size": [2, 2]},
								"west": {"uv": [12, 1], "uv_size": [2, 2]},
								"up": {"uv": [14, 3], "uv_size": [-2, -2]},
								"down": {"uv": [12, 1], "uv_size": [2, 2]}
							}
						},
						{
							"origin": [1, 12, -3],
							"size": [1, 1, 1],
							"uv": {
								"north": {"uv": [10, 1], "uv_size": [1, 1]},
								"east": {"uv": [10, 1], "uv_size": [1, 1]},
								"south": {"uv": [10, 1], "uv_size": [1, 1]},
								"west": {"uv": [10, 1], "uv_size": [1, 1]},
								"up": {"uv": [11, 2], "uv_size": [-1, -1]},
								"down": {"uv": [10, 1], "uv_size": [1, 1]}
							}
						},
						{
							"origin": [3, 9, -5],
							"size": [2, 2, 2],
							"uv": {
								"north": {"uv": [12, 1], "uv_size": [2, 2]},
								"east": {"uv": [12, 1], "uv_size": [2, 2]},
								"south": {"uv": [12, 1], "uv_size": [2, 2]},
								"west": {"uv": [12, 1], "uv_size": [2, 2]},
								"up": {"uv": [14, 3], "uv_size": [-2, -2]},
								"down": {"uv": [12, 1], "uv_size": [2, 2]}
							}
						},
						{
							"origin": [7, 13, -5],
							"size": [1, 1, 1],
							"uv": {
								"north": {"uv": [10, 1], "uv_size": [1, 1]},
								"east": {"uv": [10, 1], "uv_size": [1, 1]},
								"south": {"uv": [10, 1], "uv_size": [1, 1]},
								"west": {"uv": [10, 1], "uv_size": [1, 1]},
								"up": {"uv": [11, 2], "uv_size": [-1, -1]},
								"down": {"uv": [10, 1], "uv_size": [1, 1]}
							}
						}
					]
				},
				{
					"name": "90wreath3",
					"parent": "body",
					"pivot": [0, 8, 0],
					"rotation": [0, 0, -90],
					"cubes": [
						{
							"origin": [-8, 10, -5],
							"size": [6, 6, 0.01],
							"pivot": [-5, 13, -5],
							"rotation": [0, -45, 0],
							"uv": {
								"north": {"uv": [0, 0], "uv_size": [0, 0]},
								"east": {"uv": [0, 0], "uv_size": [0, 0]},
								"south": {"uv": [0, 0], "uv_size": [6, 6]},
								"west": {"uv": [0, 0], "uv_size": [0, 0]},
								"up": {"uv": [0, 0], "uv_size": [0, 0]},
								"down": {"uv": [0, 0], "uv_size": [0, 0]}
							}
						},
						{
							"origin": [-5.01, 10, -8],
							"size": [0.01, 6, 6],
							"pivot": [-5, 13, -5],
							"rotation": [0, -45, 0],
							"uv": {
								"north": {"uv": [0, 0], "uv_size": [0, 0]},
								"east": {"uv": [0, 0], "uv_size": [0, 0]},
								"south": {"uv": [0, 0], "uv_size": [0, 0]},
								"west": {"uv": [0, 0], "uv_size": [6, 6]},
								"up": {"uv": [0, 0], "uv_size": [0, 0]},
								"down": {"uv": [0, 0], "uv_size": [0, 0]}
							}
						},
						{
							"origin": [-0.01, 7, -8],
							"size": [0.01, 6, 6],
							"pivot": [0, 10, -5],
							"rotation": [0, -45, 0],
							"uv": {
								"north": {"uv": [0, 0], "uv_size": [0, 0]},
								"east": {"uv": [0, 0], "uv_size": [0, 0]},
								"south": {"uv": [0, 0], "uv_size": [0, 0]},
								"west": {"uv": [0, 0], "uv_size": [6, 6]},
								"up": {"uv": [0, 0], "uv_size": [0, 0]},
								"down": {"uv": [0, 0], "uv_size": [0, 0]}
							}
						},
						{
							"origin": [-3, 7, -5],
							"size": [6, 6, 0.01],
							"pivot": [0, 10, -5],
							"rotation": [0, -45, 0],
							"uv": {
								"north": {"uv": [0, 0], "uv_size": [0, 0]},
								"east": {"uv": [0, 0], "uv_size": [0, 0]},
								"south": {"uv": [0, 0], "uv_size": [6, 6]},
								"west": {"uv": [0, 0], "uv_size": [0, 0]},
								"up": {"uv": [0, 0], "uv_size": [0, 0]},
								"down": {"uv": [0, 0], "uv_size": [0, 0]}
							}
						},
						{
							"origin": [2, 10, -5],
							"size": [6, 6, 0.01],
							"pivot": [5, 13, -5],
							"rotation": [0, -45, 0],
							"uv": {
								"north": {"uv": [0, 0], "uv_size": [0, 0]},
								"east": {"uv": [0, 0], "uv_size": [0, 0]},
								"south": {"uv": [0, 0], "uv_size": [6, 6]},
								"west": {"uv": [0, 0], "uv_size": [0, 0]},
								"up": {"uv": [0, 0], "uv_size": [0, 0]},
								"down": {"uv": [0, 0], "uv_size": [0, 0]}
							}
						},
						{
							"origin": [4.99, 10, -8],
							"size": [0.01, 6, 6],
							"pivot": [5, 13, -5],
							"rotation": [0, -45, 0],
							"uv": {
								"north": {"uv": [0, 0], "uv_size": [0, 0]},
								"east": {"uv": [0, 0], "uv_size": [0, 0]},
								"south": {"uv": [0, 0], "uv_size": [0, 0]},
								"west": {"uv": [0, 0], "uv_size": [6, 6]},
								"up": {"uv": [0, 0], "uv_size": [0, 0]},
								"down": {"uv": [0, 0], "uv_size": [0, 0]}
							}
						}
					]
				},
				{
					"name": "90light",
					"parent": "90wreath3",
					"pivot": [0, 0, 0],
					"cubes": [
						{
							"origin": [7, 13, -5],
							"size": [1, 1, 1],
							"uv": {
								"north": {"uv": [10, 1], "uv_size": [1, 1]},
								"east": {"uv": [10, 1], "uv_size": [1, 1]},
								"south": {"uv": [10, 1], "uv_size": [1, 1]},
								"west": {"uv": [10, 1], "uv_size": [1, 1]},
								"up": {"uv": [11, 2], "uv_size": [-1, -1]},
								"down": {"uv": [10, 1], "uv_size": [1, 1]}
							}
						},
						{
							"origin": [3, 9, -5],
							"size": [2, 2, 2],
							"uv": {
								"north": {"uv": [12, 1], "uv_size": [2, 2]},
								"east": {"uv": [12, 1], "uv_size": [2, 2]},
								"south": {"uv": [12, 1], "uv_size": [2, 2]},
								"west": {"uv": [12, 1], "uv_size": [2, 2]},
								"up": {"uv": [14, 3], "uv_size": [-2, -2]},
								"down": {"uv": [12, 1], "uv_size": [2, 2]}
							}
						},
						{
							"origin": [1, 12, -3],
							"size": [1, 1, 1],
							"uv": {
								"north": {"uv": [10, 1], "uv_size": [1, 1]},
								"east": {"uv": [10, 1], "uv_size": [1, 1]},
								"south": {"uv": [10, 1], "uv_size": [1, 1]},
								"west": {"uv": [10, 1], "uv_size": [1, 1]},
								"up": {"uv": [11, 2], "uv_size": [-1, -1]},
								"down": {"uv": [10, 1], "uv_size": [1, 1]}
							}
						},
						{
							"origin": [-3, 8, -5],
							"size": [1, 1, 1],
							"uv": {
								"north": {"uv": [10, 1], "uv_size": [1, 1]},
								"east": {"uv": [10, 1], "uv_size": [1, 1]},
								"south": {"uv": [10, 1], "uv_size": [1, 1]},
								"west": {"uv": [10, 1], "uv_size": [1, 1]},
								"up": {"uv": [11, 2], "uv_size": [-1, -1]},
								"down": {"uv": [10, 1], "uv_size": [1, 1]}
							}
						},
						{
							"origin": [-6, 13, -5],
							"size": [2, 2, 2],
							"uv": {
								"north": {"uv": [12, 1], "uv_size": [2, 2]},
								"east": {"uv": [12, 1], "uv_size": [2, 2]},
								"south": {"uv": [12, 1], "uv_size": [2, 2]},
								"west": {"uv": [12, 1], "uv_size": [2, 2]},
								"up": {"uv": [14, 3], "uv_size": [-2, -2]},
								"down": {"uv": [12, 1], "uv_size": [2, 2]}
							}
						}
					]
				},
				{
					"name": "135wreath4",
					"parent": "body",
					"pivot": [0, 8, 0],
					"rotation": [0, 0, -135],
					"cubes": [
						{
							"origin": [-8, 10, -5],
							"size": [6, 6, 0.01],
							"pivot": [-5, 13, -5],
							"rotation": [0, -45, 0],
							"uv": {
								"north": {"uv": [0, 0], "uv_size": [0, 0]},
								"east": {"uv": [0, 0], "uv_size": [0, 0]},
								"south": {"uv": [0, 0], "uv_size": [6, 6]},
								"west": {"uv": [0, 0], "uv_size": [0, 0]},
								"up": {"uv": [0, 0], "uv_size": [0, 0]},
								"down": {"uv": [0, 0], "uv_size": [0, 0]}
							}
						},
						{
							"origin": [-5.01, 10, -8],
							"size": [0.01, 6, 6],
							"pivot": [-5, 13, -5],
							"rotation": [0, -45, 0],
							"uv": {
								"north": {"uv": [0, 0], "uv_size": [0, 0]},
								"east": {"uv": [0, 0], "uv_size": [0, 0]},
								"south": {"uv": [0, 0], "uv_size": [0, 0]},
								"west": {"uv": [0, 0], "uv_size": [6, 6]},
								"up": {"uv": [0, 0], "uv_size": [0, 0]},
								"down": {"uv": [0, 0], "uv_size": [0, 0]}
							}
						},
						{
							"origin": [-0.01, 7, -8],
							"size": [0.01, 6, 6],
							"pivot": [0, 10, -5],
							"rotation": [0, -45, 0],
							"uv": {
								"north": {"uv": [0, 0], "uv_size": [0, 0]},
								"east": {"uv": [0, 0], "uv_size": [0, 0]},
								"south": {"uv": [0, 0], "uv_size": [0, 0]},
								"west": {"uv": [0, 0], "uv_size": [6, 6]},
								"up": {"uv": [0, 0], "uv_size": [0, 0]},
								"down": {"uv": [0, 0], "uv_size": [0, 0]}
							}
						},
						{
							"origin": [-3, 7, -5],
							"size": [6, 6, 0.01],
							"pivot": [0, 10, -5],
							"rotation": [0, -45, 0],
							"uv": {
								"north": {"uv": [0, 0], "uv_size": [0, 0]},
								"east": {"uv": [0, 0], "uv_size": [0, 0]},
								"south": {"uv": [0, 0], "uv_size": [6, 6]},
								"west": {"uv": [0, 0], "uv_size": [0, 0]},
								"up": {"uv": [0, 0], "uv_size": [0, 0]},
								"down": {"uv": [0, 0], "uv_size": [0, 0]}
							}
						},
						{
							"origin": [2, 10, -5],
							"size": [6, 6, 0.01],
							"pivot": [5, 13, -5],
							"rotation": [0, -45, 0],
							"uv": {
								"north": {"uv": [0, 0], "uv_size": [0, 0]},
								"east": {"uv": [0, 0], "uv_size": [0, 0]},
								"south": {"uv": [0, 0], "uv_size": [6, 6]},
								"west": {"uv": [0, 0], "uv_size": [0, 0]},
								"up": {"uv": [0, 0], "uv_size": [0, 0]},
								"down": {"uv": [0, 0], "uv_size": [0, 0]}
							}
						},
						{
							"origin": [4.99, 10, -8],
							"size": [0.01, 6, 6],
							"pivot": [5, 13, -5],
							"rotation": [0, -45, 0],
							"uv": {
								"north": {"uv": [0, 0], "uv_size": [0, 0]},
								"east": {"uv": [0, 0], "uv_size": [0, 0]},
								"south": {"uv": [0, 0], "uv_size": [0, 0]},
								"west": {"uv": [0, 0], "uv_size": [6, 6]},
								"up": {"uv": [0, 0], "uv_size": [0, 0]},
								"down": {"uv": [0, 0], "uv_size": [0, 0]}
							}
						}
					]
				},
				{
					"name": "135light",
					"parent": "135wreath4",
					"pivot": [0, 0, 0],
					"cubes": [
						{
							"origin": [7, 13, -5],
							"size": [1, 1, 1],
							"uv": {
								"north": {"uv": [10, 1], "uv_size": [1, 1]},
								"east": {"uv": [10, 1], "uv_size": [1, 1]},
								"south": {"uv": [10, 1], "uv_size": [1, 1]},
								"west": {"uv": [10, 1], "uv_size": [1, 1]},
								"up": {"uv": [11, 2], "uv_size": [-1, -1]},
								"down": {"uv": [10, 1], "uv_size": [1, 1]}
							}
						},
						{
							"origin": [3, 9, -5],
							"size": [2, 2, 2],
							"uv": {
								"north": {"uv": [12, 1], "uv_size": [2, 2]},
								"east": {"uv": [12, 1], "uv_size": [2, 2]},
								"south": {"uv": [12, 1], "uv_size": [2, 2]},
								"west": {"uv": [12, 1], "uv_size": [2, 2]},
								"up": {"uv": [14, 3], "uv_size": [-2, -2]},
								"down": {"uv": [12, 1], "uv_size": [2, 2]}
							}
						},
						{
							"origin": [1, 12, -3],
							"size": [1, 1, 1],
							"uv": {
								"north": {"uv": [10, 1], "uv_size": [1, 1]},
								"east": {"uv": [10, 1], "uv_size": [1, 1]},
								"south": {"uv": [10, 1], "uv_size": [1, 1]},
								"west": {"uv": [10, 1], "uv_size": [1, 1]},
								"up": {"uv": [11, 2], "uv_size": [-1, -1]},
								"down": {"uv": [10, 1], "uv_size": [1, 1]}
							}
						},
						{
							"origin": [-6, 13, -5],
							"size": [2, 2, 2],
							"uv": {
								"north": {"uv": [12, 1], "uv_size": [2, 2]},
								"east": {"uv": [12, 1], "uv_size": [2, 2]},
								"south": {"uv": [12, 1], "uv_size": [2, 2]},
								"west": {"uv": [12, 1], "uv_size": [2, 2]},
								"up": {"uv": [14, 3], "uv_size": [-2, -2]},
								"down": {"uv": [12, 1], "uv_size": [2, 2]}
							}
						},
						{
							"origin": [-3, 8, -5],
							"size": [1, 1, 1],
							"uv": {
								"north": {"uv": [10, 1], "uv_size": [1, 1]},
								"east": {"uv": [10, 1], "uv_size": [1, 1]},
								"south": {"uv": [10, 1], "uv_size": [1, 1]},
								"west": {"uv": [10, 1], "uv_size": [1, 1]},
								"up": {"uv": [11, 2], "uv_size": [-1, -1]},
								"down": {"uv": [10, 1], "uv_size": [1, 1]}
							}
						}
					]
				},
				{
					"name": "180wreath5",
					"parent": "body",
					"pivot": [0, 8, 0],
					"rotation": [0, 0, 180],
					"cubes": [
						{
							"origin": [-8, 10, -5],
							"size": [6, 6, 0.01],
							"pivot": [-5, 13, -5],
							"rotation": [0, -45, 0],
							"uv": {
								"north": {"uv": [0, 0], "uv_size": [0, 0]},
								"east": {"uv": [0, 0], "uv_size": [0, 0]},
								"south": {"uv": [0, 0], "uv_size": [6, 6]},
								"west": {"uv": [0, 0], "uv_size": [0, 0]},
								"up": {"uv": [0, 0], "uv_size": [0, 0]},
								"down": {"uv": [0, 0], "uv_size": [0, 0]}
							}
						},
						{
							"origin": [-5.01, 10, -8],
							"size": [0.01, 6, 6],
							"pivot": [-5, 13, -5],
							"rotation": [0, -45, 0],
							"uv": {
								"north": {"uv": [0, 0], "uv_size": [0, 0]},
								"east": {"uv": [0, 0], "uv_size": [0, 0]},
								"south": {"uv": [0, 0], "uv_size": [0, 0]},
								"west": {"uv": [0, 0], "uv_size": [6, 6]},
								"up": {"uv": [0, 0], "uv_size": [0, 0]},
								"down": {"uv": [0, 0], "uv_size": [0, 0]}
							}
						},
						{
							"origin": [-0.01, 7, -8],
							"size": [0.01, 6, 6],
							"pivot": [0, 10, -5],
							"rotation": [0, -45, 0],
							"uv": {
								"north": {"uv": [0, 0], "uv_size": [0, 0]},
								"east": {"uv": [0, 0], "uv_size": [0, 0]},
								"south": {"uv": [0, 0], "uv_size": [0, 0]},
								"west": {"uv": [0, 0], "uv_size": [6, 6]},
								"up": {"uv": [0, 0], "uv_size": [0, 0]},
								"down": {"uv": [0, 0], "uv_size": [0, 0]}
							}
						},
						{
							"origin": [-3, 7, -5],
							"size": [6, 6, 0.01],
							"pivot": [0, 10, -5],
							"rotation": [0, -45, 0],
							"uv": {
								"north": {"uv": [0, 0], "uv_size": [0, 0]},
								"east": {"uv": [0, 0], "uv_size": [0, 0]},
								"south": {"uv": [0, 0], "uv_size": [6, 6]},
								"west": {"uv": [0, 0], "uv_size": [0, 0]},
								"up": {"uv": [0, 0], "uv_size": [0, 0]},
								"down": {"uv": [0, 0], "uv_size": [0, 0]}
							}
						},
						{
							"origin": [2, 10, -5],
							"size": [6, 6, 0.01],
							"pivot": [5, 13, -5],
							"rotation": [0, -45, 0],
							"uv": {
								"north": {"uv": [0, 0], "uv_size": [0, 0]},
								"east": {"uv": [0, 0], "uv_size": [0, 0]},
								"south": {"uv": [0, 0], "uv_size": [6, 6]},
								"west": {"uv": [0, 0], "uv_size": [0, 0]},
								"up": {"uv": [0, 0], "uv_size": [0, 0]},
								"down": {"uv": [0, 0], "uv_size": [0, 0]}
							}
						},
						{
							"origin": [4.99, 10, -8],
							"size": [0.01, 6, 6],
							"pivot": [5, 13, -5],
							"rotation": [0, -45, 0],
							"uv": {
								"north": {"uv": [0, 0], "uv_size": [0, 0]},
								"east": {"uv": [0, 0], "uv_size": [0, 0]},
								"south": {"uv": [0, 0], "uv_size": [0, 0]},
								"west": {"uv": [0, 0], "uv_size": [6, 6]},
								"up": {"uv": [0, 0], "uv_size": [0, 0]},
								"down": {"uv": [0, 0], "uv_size": [0, 0]}
							}
						}
					]
				},
				{
					"name": "180light",
					"parent": "180wreath5",
					"pivot": [0, 0, 0],
					"cubes": [
						{
							"origin": [-6, 13, -5],
							"size": [2, 2, 2],
							"uv": {
								"north": {"uv": [12, 1], "uv_size": [2, 2]},
								"east": {"uv": [12, 1], "uv_size": [2, 2]},
								"south": {"uv": [12, 1], "uv_size": [2, 2]},
								"west": {"uv": [12, 1], "uv_size": [2, 2]},
								"up": {"uv": [14, 3], "uv_size": [-2, -2]},
								"down": {"uv": [12, 1], "uv_size": [2, 2]}
							}
						},
						{
							"origin": [-3, 8, -5],
							"size": [1, 1, 1],
							"uv": {
								"north": {"uv": [10, 1], "uv_size": [1, 1]},
								"east": {"uv": [10, 1], "uv_size": [1, 1]},
								"south": {"uv": [10, 1], "uv_size": [1, 1]},
								"west": {"uv": [10, 1], "uv_size": [1, 1]},
								"up": {"uv": [11, 2], "uv_size": [-1, -1]},
								"down": {"uv": [10, 1], "uv_size": [1, 1]}
							}
						},
						{
							"origin": [3, 9, -5],
							"size": [2, 2, 2],
							"uv": {
								"north": {"uv": [12, 1], "uv_size": [2, 2]},
								"east": {"uv": [12, 1], "uv_size": [2, 2]},
								"south": {"uv": [12, 1], "uv_size": [2, 2]},
								"west": {"uv": [12, 1], "uv_size": [2, 2]},
								"up": {"uv": [14, 3], "uv_size": [-2, -2]},
								"down": {"uv": [12, 1], "uv_size": [2, 2]}
							}
						},
						{
							"origin": [1, 12, -3],
							"size": [1, 1, 1],
							"uv": {
								"north": {"uv": [10, 1], "uv_size": [1, 1]},
								"east": {"uv": [10, 1], "uv_size": [1, 1]},
								"south": {"uv": [10, 1], "uv_size": [1, 1]},
								"west": {"uv": [10, 1], "uv_size": [1, 1]},
								"up": {"uv": [11, 2], "uv_size": [-1, -1]},
								"down": {"uv": [10, 1], "uv_size": [1, 1]}
							}
						},
						{
							"origin": [7, 13, -5],
							"size": [1, 1, 1],
							"uv": {
								"north": {"uv": [10, 1], "uv_size": [1, 1]},
								"east": {"uv": [10, 1], "uv_size": [1, 1]},
								"south": {"uv": [10, 1], "uv_size": [1, 1]},
								"west": {"uv": [10, 1], "uv_size": [1, 1]},
								"up": {"uv": [11, 2], "uv_size": [-1, -1]},
								"down": {"uv": [10, 1], "uv_size": [1, 1]}
							}
						}
					]
				},
				{
					"name": "225wreath6",
					"parent": "body",
					"pivot": [0, 8, 0],
					"rotation": [0, 0, 135],
					"cubes": [
						{
							"origin": [-8, 10, -5],
							"size": [6, 6, 0.01],
							"pivot": [-5, 13, -5],
							"rotation": [0, -45, 0],
							"uv": {
								"north": {"uv": [0, 0], "uv_size": [0, 0]},
								"east": {"uv": [0, 0], "uv_size": [0, 0]},
								"south": {"uv": [0, 0], "uv_size": [6, 6]},
								"west": {"uv": [0, 0], "uv_size": [0, 0]},
								"up": {"uv": [0, 0], "uv_size": [0, 0]},
								"down": {"uv": [0, 0], "uv_size": [0, 0]}
							}
						},
						{
							"origin": [-5.01, 10, -8],
							"size": [0.01, 6, 6],
							"pivot": [-5, 13, -5],
							"rotation": [0, -45, 0],
							"uv": {
								"north": {"uv": [0, 0], "uv_size": [0, 0]},
								"east": {"uv": [0, 0], "uv_size": [0, 0]},
								"south": {"uv": [0, 0], "uv_size": [0, 0]},
								"west": {"uv": [0, 0], "uv_size": [6, 6]},
								"up": {"uv": [0, 0], "uv_size": [0, 0]},
								"down": {"uv": [0, 0], "uv_size": [0, 0]}
							}
						},
						{
							"origin": [-0.01, 7, -8],
							"size": [0.01, 6, 6],
							"pivot": [0, 10, -5],
							"rotation": [0, -45, 0],
							"uv": {
								"north": {"uv": [0, 0], "uv_size": [0, 0]},
								"east": {"uv": [0, 0], "uv_size": [0, 0]},
								"south": {"uv": [0, 0], "uv_size": [0, 0]},
								"west": {"uv": [0, 0], "uv_size": [6, 6]},
								"up": {"uv": [0, 0], "uv_size": [0, 0]},
								"down": {"uv": [0, 0], "uv_size": [0, 0]}
							}
						},
						{
							"origin": [-3, 7, -5],
							"size": [6, 6, 0.01],
							"pivot": [0, 10, -5],
							"rotation": [0, -45, 0],
							"uv": {
								"north": {"uv": [0, 0], "uv_size": [0, 0]},
								"east": {"uv": [0, 0], "uv_size": [0, 0]},
								"south": {"uv": [0, 0], "uv_size": [6, 6]},
								"west": {"uv": [0, 0], "uv_size": [0, 0]},
								"up": {"uv": [0, 0], "uv_size": [0, 0]},
								"down": {"uv": [0, 0], "uv_size": [0, 0]}
							}
						},
						{
							"origin": [2, 10, -5],
							"size": [6, 6, 0.01],
							"pivot": [5, 13, -5],
							"rotation": [0, -45, 0],
							"uv": {
								"north": {"uv": [0, 0], "uv_size": [0, 0]},
								"east": {"uv": [0, 0], "uv_size": [0, 0]},
								"south": {"uv": [0, 0], "uv_size": [6, 6]},
								"west": {"uv": [0, 0], "uv_size": [0, 0]},
								"up": {"uv": [0, 0], "uv_size": [0, 0]},
								"down": {"uv": [0, 0], "uv_size": [0, 0]}
							}
						},
						{
							"origin": [4.99, 10, -8],
							"size": [0.01, 6, 6],
							"pivot": [5, 13, -5],
							"rotation": [0, -45, 0],
							"uv": {
								"north": {"uv": [0, 0], "uv_size": [0, 0]},
								"east": {"uv": [0, 0], "uv_size": [0, 0]},
								"south": {"uv": [0, 0], "uv_size": [0, 0]},
								"west": {"uv": [0, 0], "uv_size": [6, 6]},
								"up": {"uv": [0, 0], "uv_size": [0, 0]},
								"down": {"uv": [0, 0], "uv_size": [0, 0]}
							}
						}
					]
				},
				{
					"name": "225light",
					"parent": "225wreath6",
					"pivot": [0, 0, 0],
					"cubes": [
						{
							"origin": [-3, 8, -5],
							"size": [1, 1, 1],
							"uv": {
								"north": {"uv": [10, 1], "uv_size": [1, 1]},
								"east": {"uv": [10, 1], "uv_size": [1, 1]},
								"south": {"uv": [10, 1], "uv_size": [1, 1]},
								"west": {"uv": [10, 1], "uv_size": [1, 1]},
								"up": {"uv": [11, 2], "uv_size": [-1, -1]},
								"down": {"uv": [10, 1], "uv_size": [1, 1]}
							}
						},
						{
							"origin": [3, 9, -5],
							"size": [2, 2, 2],
							"uv": {
								"north": {"uv": [12, 1], "uv_size": [2, 2]},
								"east": {"uv": [12, 1], "uv_size": [2, 2]},
								"south": {"uv": [12, 1], "uv_size": [2, 2]},
								"west": {"uv": [12, 1], "uv_size": [2, 2]},
								"up": {"uv": [14, 3], "uv_size": [-2, -2]},
								"down": {"uv": [12, 1], "uv_size": [2, 2]}
							}
						},
						{
							"origin": [-6, 13, -5],
							"size": [2, 2, 2],
							"uv": {
								"north": {"uv": [12, 1], "uv_size": [2, 2]},
								"east": {"uv": [12, 1], "uv_size": [2, 2]},
								"south": {"uv": [12, 1], "uv_size": [2, 2]},
								"west": {"uv": [12, 1], "uv_size": [2, 2]},
								"up": {"uv": [14, 3], "uv_size": [-2, -2]},
								"down": {"uv": [12, 1], "uv_size": [2, 2]}
							}
						},
						{
							"origin": [1, 12, -3],
							"size": [1, 1, 1],
							"uv": {
								"north": {"uv": [10, 1], "uv_size": [1, 1]},
								"east": {"uv": [10, 1], "uv_size": [1, 1]},
								"south": {"uv": [10, 1], "uv_size": [1, 1]},
								"west": {"uv": [10, 1], "uv_size": [1, 1]},
								"up": {"uv": [11, 2], "uv_size": [-1, -1]},
								"down": {"uv": [10, 1], "uv_size": [1, 1]}
							}
						},
						{
							"origin": [7, 13, -5],
							"size": [1, 1, 1],
							"uv": {
								"north": {"uv": [10, 1], "uv_size": [1, 1]},
								"east": {"uv": [10, 1], "uv_size": [1, 1]},
								"south": {"uv": [10, 1], "uv_size": [1, 1]},
								"west": {"uv": [10, 1], "uv_size": [1, 1]},
								"up": {"uv": [11, 2], "uv_size": [-1, -1]},
								"down": {"uv": [10, 1], "uv_size": [1, 1]}
							}
						}
					]
				},
				{
					"name": "270wreath7",
					"parent": "body",
					"pivot": [0, 8, 0],
					"rotation": [0, 0, 90],
					"cubes": [
						{
							"origin": [-8, 10, -5],
							"size": [6, 6, 0.01],
							"pivot": [-5, 13, -5],
							"rotation": [0, -45, 0],
							"uv": {
								"north": {"uv": [0, 0], "uv_size": [0, 0]},
								"east": {"uv": [0, 0], "uv_size": [0, 0]},
								"south": {"uv": [0, 0], "uv_size": [6, 6]},
								"west": {"uv": [0, 0], "uv_size": [0, 0]},
								"up": {"uv": [0, 0], "uv_size": [0, 0]},
								"down": {"uv": [0, 0], "uv_size": [0, 0]}
							}
						},
						{
							"origin": [-5.01, 10, -8],
							"size": [0.01, 6, 6],
							"pivot": [-5, 13, -5],
							"rotation": [0, -45, 0],
							"uv": {
								"north": {"uv": [0, 0], "uv_size": [0, 0]},
								"east": {"uv": [0, 0], "uv_size": [0, 0]},
								"south": {"uv": [0, 0], "uv_size": [0, 0]},
								"west": {"uv": [0, 0], "uv_size": [6, 6]},
								"up": {"uv": [0, 0], "uv_size": [0, 0]},
								"down": {"uv": [0, 0], "uv_size": [0, 0]}
							}
						},
						{
							"origin": [-0.01, 7, -8],
							"size": [0.01, 6, 6],
							"pivot": [0, 10, -5],
							"rotation": [0, -45, 0],
							"uv": {
								"north": {"uv": [0, 0], "uv_size": [0, 0]},
								"east": {"uv": [0, 0], "uv_size": [0, 0]},
								"south": {"uv": [0, 0], "uv_size": [0, 0]},
								"west": {"uv": [0, 0], "uv_size": [6, 6]},
								"up": {"uv": [0, 0], "uv_size": [0, 0]},
								"down": {"uv": [0, 0], "uv_size": [0, 0]}
							}
						},
						{
							"origin": [-3, 7, -5],
							"size": [6, 6, 0.01],
							"pivot": [0, 10, -5],
							"rotation": [0, -45, 0],
							"uv": {
								"north": {"uv": [0, 0], "uv_size": [0, 0]},
								"east": {"uv": [0, 0], "uv_size": [0, 0]},
								"south": {"uv": [0, 0], "uv_size": [6, 6]},
								"west": {"uv": [0, 0], "uv_size": [0, 0]},
								"up": {"uv": [0, 0], "uv_size": [0, 0]},
								"down": {"uv": [0, 0], "uv_size": [0, 0]}
							}
						},
						{
							"origin": [2, 10, -5],
							"size": [6, 6, 0.01],
							"pivot": [5, 13, -5],
							"rotation": [0, -45, 0],
							"uv": {
								"north": {"uv": [0, 0], "uv_size": [0, 0]},
								"east": {"uv": [0, 0], "uv_size": [0, 0]},
								"south": {"uv": [0, 0], "uv_size": [6, 6]},
								"west": {"uv": [0, 0], "uv_size": [0, 0]},
								"up": {"uv": [0, 0], "uv_size": [0, 0]},
								"down": {"uv": [0, 0], "uv_size": [0, 0]}
							}
						},
						{
							"origin": [4.99, 10, -8],
							"size": [0.01, 6, 6],
							"pivot": [5, 13, -5],
							"rotation": [0, -45, 0],
							"uv": {
								"north": {"uv": [0, 0], "uv_size": [0, 0]},
								"east": {"uv": [0, 0], "uv_size": [0, 0]},
								"south": {"uv": [0, 0], "uv_size": [0, 0]},
								"west": {"uv": [0, 0], "uv_size": [6, 6]},
								"up": {"uv": [0, 0], "uv_size": [0, 0]},
								"down": {"uv": [0, 0], "uv_size": [0, 0]}
							}
						}
					]
				},
				{
					"name": "270light",
					"parent": "270wreath7",
					"pivot": [0, 0, 0],
					"cubes": [
						{
							"origin": [-3, 8, -5],
							"size": [1, 1, 1],
							"uv": {
								"north": {"uv": [10, 1], "uv_size": [1, 1]},
								"east": {"uv": [10, 1], "uv_size": [1, 1]},
								"south": {"uv": [10, 1], "uv_size": [1, 1]},
								"west": {"uv": [10, 1], "uv_size": [1, 1]},
								"up": {"uv": [11, 2], "uv_size": [-1, -1]},
								"down": {"uv": [10, 1], "uv_size": [1, 1]}
							}
						},
						{
							"origin": [-6, 13, -5],
							"size": [2, 2, 2],
							"uv": {
								"north": {"uv": [12, 1], "uv_size": [2, 2]},
								"east": {"uv": [12, 1], "uv_size": [2, 2]},
								"south": {"uv": [12, 1], "uv_size": [2, 2]},
								"west": {"uv": [12, 1], "uv_size": [2, 2]},
								"up": {"uv": [14, 3], "uv_size": [-2, -2]},
								"down": {"uv": [12, 1], "uv_size": [2, 2]}
							}
						},
						{
							"origin": [3, 9, -5],
							"size": [2, 2, 2],
							"uv": {
								"north": {"uv": [12, 1], "uv_size": [2, 2]},
								"east": {"uv": [12, 1], "uv_size": [2, 2]},
								"south": {"uv": [12, 1], "uv_size": [2, 2]},
								"west": {"uv": [12, 1], "uv_size": [2, 2]},
								"up": {"uv": [14, 3], "uv_size": [-2, -2]},
								"down": {"uv": [12, 1], "uv_size": [2, 2]}
							}
						},
						{
							"origin": [1, 12, -3],
							"size": [1, 1, 1],
							"uv": {
								"north": {"uv": [10, 1], "uv_size": [1, 1]},
								"east": {"uv": [10, 1], "uv_size": [1, 1]},
								"south": {"uv": [10, 1], "uv_size": [1, 1]},
								"west": {"uv": [10, 1], "uv_size": [1, 1]},
								"up": {"uv": [11, 2], "uv_size": [-1, -1]},
								"down": {"uv": [10, 1], "uv_size": [1, 1]}
							}
						},
						{
							"origin": [7, 13, -5],
							"size": [1, 1, 1],
							"uv": {
								"north": {"uv": [10, 1], "uv_size": [1, 1]},
								"east": {"uv": [10, 1], "uv_size": [1, 1]},
								"south": {"uv": [10, 1], "uv_size": [1, 1]},
								"west": {"uv": [10, 1], "uv_size": [1, 1]},
								"up": {"uv": [11, 2], "uv_size": [-1, -1]},
								"down": {"uv": [10, 1], "uv_size": [1, 1]}
							}
						}
					]
				},
				{
					"name": "315wreath8",
					"parent": "body",
					"pivot": [0, 8, 0],
					"rotation": [0, 0, 45],
					"cubes": [
						{
							"origin": [-8, 10, -5],
							"size": [6, 6, 0.01],
							"pivot": [-5, 13, -5],
							"rotation": [0, -45, 0],
							"uv": {
								"north": {"uv": [0, 0], "uv_size": [0, 0]},
								"east": {"uv": [0, 0], "uv_size": [0, 0]},
								"south": {"uv": [0, 0], "uv_size": [6, 6]},
								"west": {"uv": [0, 0], "uv_size": [0, 0]},
								"up": {"uv": [0, 0], "uv_size": [0, 0]},
								"down": {"uv": [0, 0], "uv_size": [0, 0]}
							}
						},
						{
							"origin": [-5.01, 10, -8],
							"size": [0.01, 6, 6],
							"pivot": [-5, 13, -5],
							"rotation": [0, -45, 0],
							"uv": {
								"north": {"uv": [0, 0], "uv_size": [0, 0]},
								"east": {"uv": [0, 0], "uv_size": [0, 0]},
								"south": {"uv": [0, 0], "uv_size": [0, 0]},
								"west": {"uv": [0, 0], "uv_size": [6, 6]},
								"up": {"uv": [0, 0], "uv_size": [0, 0]},
								"down": {"uv": [0, 0], "uv_size": [0, 0]}
							}
						},
						{
							"origin": [-0.01, 7, -8],
							"size": [0.01, 6, 6],
							"pivot": [0, 10, -5],
							"rotation": [0, -45, 0],
							"uv": {
								"north": {"uv": [0, 0], "uv_size": [0, 0]},
								"east": {"uv": [0, 0], "uv_size": [0, 0]},
								"south": {"uv": [0, 0], "uv_size": [0, 0]},
								"west": {"uv": [0, 0], "uv_size": [6, 6]},
								"up": {"uv": [0, 0], "uv_size": [0, 0]},
								"down": {"uv": [0, 0], "uv_size": [0, 0]}
							}
						},
						{
							"origin": [-3, 7, -5],
							"size": [6, 6, 0.01],
							"pivot": [0, 10, -5],
							"rotation": [0, -45, 0],
							"uv": {
								"north": {"uv": [0, 0], "uv_size": [0, 0]},
								"east": {"uv": [0, 0], "uv_size": [0, 0]},
								"south": {"uv": [0, 0], "uv_size": [6, 6]},
								"west": {"uv": [0, 0], "uv_size": [0, 0]},
								"up": {"uv": [0, 0], "uv_size": [0, 0]},
								"down": {"uv": [0, 0], "uv_size": [0, 0]}
							}
						},
						{
							"origin": [2, 10, -5],
							"size": [6, 6, 0.01],
							"pivot": [5, 13, -5],
							"rotation": [0, -45, 0],
							"uv": {
								"north": {"uv": [0, 0], "uv_size": [0, 0]},
								"east": {"uv": [0, 0], "uv_size": [0, 0]},
								"south": {"uv": [0, 0], "uv_size": [6, 6]},
								"west": {"uv": [0, 0], "uv_size": [0, 0]},
								"up": {"uv": [0, 0], "uv_size": [0, 0]},
								"down": {"uv": [0, 0], "uv_size": [0, 0]}
							}
						},
						{
							"origin": [4.99, 10, -8],
							"size": [0.01, 6, 6],
							"pivot": [5, 13, -5],
							"rotation": [0, -45, 0],
							"uv": {
								"north": {"uv": [0, 0], "uv_size": [0, 0]},
								"east": {"uv": [0, 0], "uv_size": [0, 0]},
								"south": {"uv": [0, 0], "uv_size": [0, 0]},
								"west": {"uv": [0, 0], "uv_size": [6, 6]},
								"up": {"uv": [0, 0], "uv_size": [0, 0]},
								"down": {"uv": [0, 0], "uv_size": [0, 0]}
							}
						}
					]
				},
				{
					"name": "315light",
					"parent": "315wreath8",
					"pivot": [0, 0, 0],
					"cubes": [
						{
							"origin": [-6, 13, -5],
							"size": [2, 2, 2],
							"uv": {
								"north": {"uv": [12, 1], "uv_size": [2, 2]},
								"east": {"uv": [12, 1], "uv_size": [2, 2]},
								"south": {"uv": [12, 1], "uv_size": [2, 2]},
								"west": {"uv": [12, 1], "uv_size": [2, 2]},
								"up": {"uv": [14, 3], "uv_size": [-2, -2]},
								"down": {"uv": [12, 1], "uv_size": [2, 2]}
							}
						},
						{
							"origin": [-3, 8, -5],
							"size": [1, 1, 1],
							"uv": {
								"north": {"uv": [10, 1], "uv_size": [1, 1]},
								"east": {"uv": [10, 1], "uv_size": [1, 1]},
								"south": {"uv": [10, 1], "uv_size": [1, 1]},
								"west": {"uv": [10, 1], "uv_size": [1, 1]},
								"up": {"uv": [11, 2], "uv_size": [-1, -1]},
								"down": {"uv": [10, 1], "uv_size": [1, 1]}
							}
						},
						{
							"origin": [1, 12, -3],
							"size": [1, 1, 1],
							"uv": {
								"north": {"uv": [10, 1], "uv_size": [1, 1]},
								"east": {"uv": [10, 1], "uv_size": [1, 1]},
								"south": {"uv": [10, 1], "uv_size": [1, 1]},
								"west": {"uv": [10, 1], "uv_size": [1, 1]},
								"up": {"uv": [11, 2], "uv_size": [-1, -1]},
								"down": {"uv": [10, 1], "uv_size": [1, 1]}
							}
						},
						{
							"origin": [3, 9, -5],
							"size": [2, 2, 2],
							"uv": {
								"north": {"uv": [12, 1], "uv_size": [2, 2]},
								"east": {"uv": [12, 1], "uv_size": [2, 2]},
								"south": {"uv": [12, 1], "uv_size": [2, 2]},
								"west": {"uv": [12, 1], "uv_size": [2, 2]},
								"up": {"uv": [14, 3], "uv_size": [-2, -2]},
								"down": {"uv": [12, 1], "uv_size": [2, 2]}
							}
						},
						{
							"origin": [7, 13, -5],
							"size": [1, 1, 1],
							"uv": {
								"north": {"uv": [10, 1], "uv_size": [1, 1]},
								"east": {"uv": [10, 1], "uv_size": [1, 1]},
								"south": {"uv": [10, 1], "uv_size": [1, 1]},
								"west": {"uv": [10, 1], "uv_size": [1, 1]},
								"up": {"uv": [11, 2], "uv_size": [-1, -1]},
								"down": {"uv": [10, 1], "uv_size": [1, 1]}
							}
						}
					]
				}
			]
		}
	]
}