{
	"format_version": "1.12.0",
	"minecraft:geometry": [
		{
			"description": {
				"identifier": "geometry.spruce_leaves_2",
				"texture_width": 16,
				"texture_height": 16,
				"visible_bounds_width": 3,
				"visible_bounds_height": 1,
				"visible_bounds_offset": [0, 0.5, 0]
			},
			"bones": [
				{
					"name": "body",
					"pivot": [0, 0, 0]
				},
				{
					"name": "light",
					"parent": "body",
					"pivot": [0, 8, 0],
					"cubes": [
						{
							"origin": [7, 11, -21],
							"size": [2, 2, 2],
							"pivot": [0, 8, 0],
							"uv": {
								"north": {"uv": [11, 3], "uv_size": [2, 2]},
								"east": {"uv": [11, 3], "uv_size": [2, 2]},
								"south": {"uv": [11, 3], "uv_size": [2, 2]},
								"west": {"uv": [11, 3], "uv_size": [2, 2]},
								"up": {"uv": [13, 5], "uv_size": [-2, -2]},
								"down": {"uv": [11, 3], "uv_size": [2, 2]}
							}
						},
						{
							"origin": [-5, 7, -9],
							"size": [7, 7, 7],
							"pivot": [0, 8, 0],
							"uv": {
								"north": {"uv": [0, 0], "uv_size": [7, 7]},
								"east": {"uv": [0, 0], "uv_size": [7, 7]},
								"south": {"uv": [0, 0], "uv_size": [7, 7]},
								"west": {"uv": [0, 0], "uv_size": [7, 7]},
								"up": {"uv": [7, 7], "uv_size": [-7, -7]},
								"down": {"uv": [0, 0], "uv_size": [7, 7]}
							}
						},
						{
							"origin": [-10, 6, -15],
							"size": [2, 2, 2],
							"pivot": [0, 8, 0],
							"uv": {
								"north": {"uv": [11, 3], "uv_size": [2, 2]},
								"east": {"uv": [11, 3], "uv_size": [2, 2]},
								"south": {"uv": [11, 3], "uv_size": [2, 2]},
								"west": {"uv": [11, 3], "uv_size": [2, 2]},
								"up": {"uv": [13, 5], "uv_size": [-2, -2]},
								"down": {"uv": [11, 3], "uv_size": [2, 2]}
							}
						},
						{
							"origin": [3, 3, -8],
							"size": [2, 2, 2],
							"pivot": [0, 8, 0],
							"uv": {
								"north": {"uv": [11, 3], "uv_size": [2, 2]},
								"east": {"uv": [11, 3], "uv_size": [2, 2]},
								"south": {"uv": [11, 3], "uv_size": [2, 2]},
								"west": {"uv": [11, 3], "uv_size": [2, 2]},
								"up": {"uv": [13, 5], "uv_size": [-2, -2]},
								"down": {"uv": [11, 3], "uv_size": [2, 2]}
							}
						},
						{
							"origin": [2, 15, -17],
							"size": [2, 2, 2],
							"pivot": [0, 8, 0],
							"uv": {
								"north": {"uv": [11, 3], "uv_size": [2, 2]},
								"east": {"uv": [11, 3], "uv_size": [2, 2]},
								"south": {"uv": [11, 3], "uv_size": [2, 2]},
								"west": {"uv": [11, 3], "uv_size": [2, 2]},
								"up": {"uv": [13, 5], "uv_size": [-2, -2]},
								"down": {"uv": [11, 3], "uv_size": [2, 2]}
							}
						}
					]
				}
			]
		}
	]
}