{
	"format_version": "1.12.0",
	"minecraft:geometry": [
		{
			"description": {
				"identifier": "geometry.spruce_leaves_6",
				"texture_width": 16,
				"texture_height": 16,
				"visible_bounds_width": 2,
				"visible_bounds_height": 1,
				"visible_bounds_offset": [0, 0.5, 0]
			},
			"bones": [
				{
					"name": "body",
					"pivot": [0, 0, 0],
					"cubes": [
						{
							"origin": [-4, 1, 3],
							"size": [8, 6, 0.01],
							"pivot": [0, 7, 3],
							"rotation": [22.5, 0, 0],
							"uv": {
								"north": {"uv": [0, 0], "uv_size": [8, 6]},
								"south": {"uv": [0, 0], "uv_size": [8, 6]}
							}
						},
						{
							"origin": [-4, 1, -3],
							"size": [8, 6, 0.01],
							"pivot": [0, 7, -3],
							"rotation": [-22.5, 0, 0],
							"uv": {
								"north": {"uv": [8, 0], "uv_size": [-8, 6]},
								"south": {"uv": [8, 0], "uv_size": [-8, 6]}
							}
						},
						{
							"origin": [-8, 0, 0],
							"size": [16, 8, 0.01],
							"pivot": [0, 8, 0],
							"rotation": [0, -45, 0],
							"uv": {
								"north": {"uv": [0, 7], "uv_size": [16, 9]}
							}
						},
						{
							"origin": [-8, 0, 0],
							"size": [16, 8, 0.01],
							"pivot": [0, 8, 0],
							"rotation": [0, 45, 0],
							"uv": {
								"north": {"uv": [0, 7], "uv_size": [16, 9]},
								"south": {"uv": [0, 0], "uv_size": [0, 0]}
							}
						},
						{
							"origin": [-9, 0, 0],
							"size": [18, 8, 0.01],
							"pivot": [0, 2, 0],
							"rotation": [45, 0, 0],
							"uv": {
								"north": {"uv": [0, 7], "uv_size": [16, 9]}
							}
						},
						{
							"origin": [-9, 0, 0],
							"size": [18, 8, 0.01],
							"pivot": [0, 2, 0],
							"rotation": [-45, 0, 0],
							"uv": {
								"north": {"uv": [16, 7], "uv_size": [-16, 9]},
								"south": {"uv": [0, 0], "uv_size": [0, 0]}
							}
						}
					]
				}
			]
		}
	]
}