{
	"format_version": "1.10.0",
	"geometry.steak_0": {
		"texturewidth": 80,
		"textureheight": 80,
		"visible_bounds_width": 1,
		"visible_bounds_height": 1,
		"visible_bounds_offset": [0, 0.5, 0],
		"bones": [
			{
				"name": "body",
				"pivot": [0, 0, 0]
			},
			{
				"name": "plate",
				"parent": "body",
				"pivot": [-8, 8, 8],
				"cubes": [
					{"origin": [-5, 0, -5], "size": [10, 1, 10], "uv": [0, 0]},
					{"origin": [-5, 0.5, 5], "size": [10, 1, 2], "uv": [0, 30]},
					{"origin": [-5, 0.5, -7], "size": [10, 1, 2], "uv": [32, 15]},
					{"origin": [-7, 0.5, -7], "size": [2, 1, 14], "uv": [0, 15]},
					{"origin": [5, 0.5, -7], "size": [2, 1, 14], "uv": [40, 0]}
				]
			},
			{
				"name": "dish",
				"parent": "body",
				"pivot": [-8, 8, 8],
				"cubes": [
					{"origin": [-5, 1, -2], "size": [7, 2, 7], "uv": [0, 34]},
					{"origin": [2, 1, -1], "size": [3, 2, 5], "uv": [29, 36]},
					{"origin": [-4, 1, -3], "size": [2, 1, 1], "uv": [0, 44]},
					{"origin": [-3, 1, -4], "size": [2, 1, 1], "uv": [0, 47]},
					{"origin": [1, 1, -5], "size": [2, 1, 2], "uv": [7, 44]},
					{"origin": [3, 1, -4], "size": [2, 1, 2], "uv": [7, 44]}
				]
			}
		]
	}
}