{
	"format_version": "1.10.0",
	"geometry.sugar_4": {
		"texturewidth": 32,
		"textureheight": 32,
		"visible_bounds_width": 1,
		"visible_bounds_height": 1,
		"visible_bounds_offset": [0, 0.5, 0],
		"bones": [
			{
				"name": "body",
				"pivot": [0, 0, 0]
			},
			{
				"name": "group",
				"parent": "body",
				"pivot": [-8, 8, 8],
				"cubes": [
					{"origin": [1, 0, 0], "size": [4, 4, 4], "uv": [16, 16]},
					{"origin": [1.5, 4, 0.5], "size": [3, 3, 3], "uv": [16, 9]},
					{"origin": [1, 7, 0], "size": [4, 3, 4], "uv": [16, 1]},
					{"origin": [2.5, 9.75, 1.5], "size": [1, 1, 1], "uv": [1, 1], "inflate": 0.2}
				]
			},
			{
				"name": "group2",
				"parent": "body",
				"pivot": [-8, 8, 8],
				"cubes": [
					{"origin": [-5, 0, -4], "size": [4, 4, 4], "uv": [0, 20]},
					{"origin": [-4.5, 4, -3.5], "size": [3, 3, 3], "uv": [0, 13]},
					{"origin": [-5, 7, -4], "size": [4, 3, 4], "uv": [0, 5]},
					{"origin": [-3.5, 9.75, -2.5], "size": [1, 1, 1], "uv": [1, 1], "inflate": 0.2}
				]
			}
		]
	}
}