{
	"format_version": "1.10.0",
	"geometry.sugar_0": {
		"texturewidth": 64,
		"textureheight": 64,
		"visible_bounds_width": 1,
		"visible_bounds_height": 1,
		"visible_bounds_offset": [0, 0.5, 0],
		"bones": [
			{
				"name": "body",
				"pivot": [0, 0, 0]
			},
			{
				"name": "bowl_0",
				"parent": "body",
				"pivot": [-8, 8, 8],
				"cubes": [
					{"origin": [-3, 0, -3], "size": [6, 1, 6], "uv": [0, 26]},
					{"origin": [-4.5, 1, -4.5], "size": [9, 1, 9], "uv": [0, 15]},
					{"origin": [-5.5, 2, -5.5], "size": [11, 3, 11], "uv": [0, 0]}
				]
			},
			{
				"name": "sugar",
				"parent": "body",
				"pivot": [0, 0, 0],
				"cubes": [
					{"origin": [-4, 5, -4], "size": [8, 1, 8], "uv": [0, 48]},
					{"origin": [-3, 6, -3], "size": [6, 1, 6], "uv": [0, 40]},
					{"origin": [-2, 7, -2], "size": [4, 1, 4], "uv": [0, 34]}
				]
			}
		]
	}
}