{
	"format_version": "1.10.0",
	"geometry.tea_set_0": {
		"texturewidth": 48,
		"textureheight": 48,
		"visible_bounds_width": 1,
		"visible_bounds_height": 1,
		"visible_bounds_offset": [0, 0.5, 0],
		"bones": [
			{
				"name": "body",
				"pivot": [0, 0, 0]
			},
			{
				"name": "pot",
				"parent": "body",
				"pivot": [-8, 8, 8],
				"cubes": [
					{"origin": [2, 8, 3], "size": [2, 1, 1], "uv": [16, 30]},
					{"origin": [-3, 11, 3], "size": [1, 1, 1], "uv": [0, 0]},
					{"origin": [-5, 0, 1], "size": [5, 11, 5], "uv": [0, 0]},
					{"origin": [-6, 1, 0], "size": [7, 5, 7], "uv": [0, 17]},
					{"origin": [-8, 3, 3], "size": [3, 5, 1], "uv": [0, 30]},
					{"origin": [1, 3, 3], "size": [2, 5, 1], "uv": [9, 30]}
				]
			},
			{
				"name": "cup",
				"parent": "body",
				"pivot": [-8, 8, 8],
				"cubes": [
					{"origin": [2, 0, -6], "size": [4, 4, 4], "uv": [21, 0]},
					{"origin": [1, -0.5, -7], "size": [6, 1, 6], "uv": [21, 9]},
					{"origin": [6, 1, -4.5], "size": [1, 2, 1], "uv": [38, 0]}
				]
			}
		]
	}
}