{
	"format_version": "1.10.0",
	"geometry.torch_wall_7": {
		"texturewidth": 32,
		"textureheight": 32,
		"visible_bounds_width": 2,
		"visible_bounds_height": 1,
		"visible_bounds_offset": [0, 0.5, 0],
		"bones": [
			{
				"name": "body",
				"pivot": [0, 3, 0],
				"cubes": [
					{"origin": [3.5, 0, -1.5], "size": [1, 16, 1], "uv": [22, 0]},
					{"origin": [-4.5, 0, -1.5], "size": [1, 16, 1], "uv": [17, 0]},
					{"origin": [3.5, 0, 6.5], "size": [1, 16, 1], "uv": [22, 0]},
					{"origin": [-4.5, 0, 6.5], "size": [1, 16, 1], "uv": [17, 0]},
					{"origin": [-3.5, 1, -1.5], "size": [7, 14, 1], "uv": [0, 0]},
					{"origin": [-3.5, 1, 6.5], "size": [7, 14, 1], "uv": [0, 0]}
				]
			},
			{
				"name": "90deg",
				"parent": "body",
				"pivot": [4, 3, -4],
				"rotation": [0, 90, 0],
				"cubes": [
					{"origin": [-6.5, 1, -4.5], "size": [7, 14, 1], "uv": [0, 0]},
					{"origin": [-6.5, 1, -12.5], "size": [7, 14, 1], "uv": [0, 0]}
				]
			}
		]
	}
}