{
	"format_version": "1.10.0",
	"geometry.torch_9": {
		"texturewidth": 32,
		"textureheight": 32,
		"visible_bounds_width": 2,
		"visible_bounds_height": 1,
		"visible_bounds_offset": [0, 0.5, 0],
		"bones": [
			{
				"name": "body",
				"pivot": [0, 0, 0],
				"cubes": [
					{"origin": [-3, 0.5, -3], "size": [6, 1, 6], "uv": [0, 0]},
					{"origin": [2, 0.5, 0], "size": [5, 7, 0.01], "uv": [16, 15]},
					{"origin": [-2.45, 0, -2.45], "size": [4.9, 1, 4.9], "uv": [1, 9]}
				]
			},
			{
				"name": "45deg",
				"parent": "body",
				"pivot": [0, 0, 0],
				"rotation": [0, -45, 0],
				"cubes": [
					{"origin": [-1.5, 9.5, 0], "size": [3, 5, 0.01], "uv": [9, 15]}
				]
			},
			{
				"name": "-45deg",
				"parent": "body",
				"pivot": [0, 0, 0],
				"rotation": [0, 45, 0],
				"cubes": [
					{"origin": [-1.5, 9.5, 0], "size": [3, 5, 0.01], "uv": [9, 15]}
				]
			}
		]
	}
}