{
	"format_version": "1.10.0",
	"geometry.torch_wall_6": {
		"texturewidth": 48,
		"textureheight": 48,
		"visible_bounds_width": 2,
		"visible_bounds_height": 1,
		"visible_bounds_offset": [0, 0.5, 0],
		"bones": [
			{
				"name": "body",
				"pivot": [0, 0, 0],
				"cubes": [
					{"origin": [-2, 4, 0], "size": [4, 3, 4], "uv": [16, 5]},
					{"origin": [-1.5, 7, 0.5], "size": [3, 1, 3], "uv": [17, 0]},
					{"origin": [-3, 9, -1], "size": [6, 4, 6], "uv": [0, 15]},
					{"origin": [-2, 8, 0], "size": [4, 10, 4], "uv": [0, 0]}
				]
			},
			{
				"name": "base",
				"parent": "body",
				"pivot": [0, 0, 0],
				"cubes": [
					{"origin": [-1.5, 2, 7], "size": [3, 3, 1], "uv": [18, 44]},
					{"origin": [-0.5, 3, 4], "size": [1, 1, 3], "uv": [29, 44]},
					{"origin": [-2, 3, 0], "size": [4, 1, 4], "uv": [0, 43]}
				]
			}
		]
	}
}