{
	"format_version": "1.10.0",
	"geometry.torch_8": {
		"texturewidth": 48,
		"textureheight": 48,
		"visible_bounds_width": 1,
		"visible_bounds_height": 1,
		"visible_bounds_offset": [0, 0.5, 0],
		"bones": [
			{
				"name": "body",
				"pivot": [0, 0, 0],
				"cubes": [
					{"origin": [-3.5, 0, -3.5], "size": [7, 1, 7], "uv": [0, 40]},
					{"origin": [-2.5, 1, -2.5], "size": [5, 1, 5], "uv": [0, 33]},
					{"origin": [-3.5, 3, -3.5], "size": [7, 3, 7], "uv": [0, 17]},
					{"origin": [-1.5, 2, -1.5], "size": [3, 1, 3], "uv": [0, 28], "mirror": true},
					{"origin": [-4.5, 6, -4.5], "size": [9, 2.01, 9], "uv": [0, 0]},
					{"origin": [-4.5, 8, 4.5], "size": [9, 3, 0], "uv": [0, 12]},
					{"origin": [-4.5, 8, -4.5], "size": [9, 3, 0], "uv": [0, 12]},
					{"origin": [4.5, 8, -4.5], "size": [0, 3, 9], "uv": [0, 3]},
					{"origin": [-4.5, 8, -4.5], "size": [0, 3, 9], "uv": [0, 3]}
				]
			}
		]
	}
}