{
	"format_version": "1.10.0",
	"geometry.torch_wall_9": {
		"texturewidth": 48,
		"textureheight": 48,
		"visible_bounds_width": 2,
		"visible_bounds_height": 2,
		"visible_bounds_offset": [0, 1, 0],
		"bones": [
			{
				"name": "body",
				"pivot": [0, 0, 0],
				"cubes": [
					{"origin": [-1.5, 21, 7], "size": [3, 3, 1], "uv": [0, 0]},
					{"origin": [-0.5, 22, 0], "size": [1, 1, 7], "uv": [0, 5]},
					{"origin": [-0.5, 22, -1], "size": [1, 2, 1], "uv": [0, 5]},
					{"origin": [-3, 0, 1], "size": [6, 1, 6], "uv": [0, 33]},
					{"origin": [-4.5, 1, 0], "size": [9, 3, 8], "uv": [0, 21]}
				]
			},
			{
				"name": "45deg",
				"parent": "body",
				"pivot": [0, 4, 4],
				"rotation": [0, -45, 0],
				"cubes": [
					{"origin": [-4.5, 4, 4], "size": [9, 20, 0], "uv": [16, 0]}
				]
			},
			{
				"name": "46deg",
				"parent": "body",
				"pivot": [0, 4, 4],
				"rotation": [0, -46, 0],
				"cubes": [
					{"origin": [-3, 1, 4], "size": [6, 14, 0], "uv": [31, 33]}
				]
			},
			{
				"name": "135deg",
				"parent": "body",
				"pivot": [0, 4, 4],
				"rotation": [0, -135, 0],
				"cubes": [
					{"origin": [-4.5, 4, 4], "size": [9, 20, 0], "uv": [16, 0]}
				]
			},
			{
				"name": "136deg",
				"parent": "body",
				"pivot": [0, 4, 4],
				"rotation": [0, -136, 0],
				"cubes": [
					{"origin": [-3, 1, 4], "size": [6, 14, 0], "uv": [31, 33]}
				]
			}
		]
	}
}