{
	"format_version": "1.10.0",
	"geometry.torch_wall_8": {
		"texturewidth": 32,
		"textureheight": 32,
		"visible_bounds_width": 2,
		"visible_bounds_height": 1,
		"visible_bounds_offset": [0, 0.5, 0],
		"bones": [
			{
				"name": "body",
				"pivot": [0, 0, 0],
				"cubes": [
					{"origin": [-0.5, 0, 3.5], "size": [1, 2, 1], "uv": [9, 20]},
					{"origin": [-1.01, 2, 2.99], "size": [2.02, 2, 2.02], "uv": [0, 19]},
					{"origin": [-1.5, 4, 2.5], "size": [3, 4, 3], "uv": [0, 11]},
					{"origin": [-2.5, 8, 1.5], "size": [5, 1, 5], "uv": [0, 0]},
					{"origin": [-2.5, 8, 6.5], "size": [5, 4, 0], "uv": [0, 6]},
					{"origin": [2.5, 8, 1.5], "size": [0, 4, 5], "uv": [0, 1]},
					{"origin": [-2.5, 8, 1.5], "size": [0, 4, 5], "uv": [0, 1]},
					{"origin": [-2.5, 8, 1.5], "size": [5, 4, 0], "uv": [0, 6]}
				]
			},
			{
				"name": "base",
				"parent": "body",
				"pivot": [0, 0, 0],
				"cubes": [
					{"origin": [-1.5, 2, 7], "size": [3, 3, 1], "uv": [0, 28]},
					{"origin": [-0.5, 3, 4], "size": [1, 1, 3], "uv": [11, 28]}
				]
			}
		]
	}
}