{
	"format_version": "1.10.0",
	"geometry.torch_wall_3": {
		"texturewidth": 48,
		"textureheight": 48,
		"visible_bounds_width": 2,
		"visible_bounds_height": 1,
		"visible_bounds_offset": [0, 0.5, 0],
		"bones": [
			{
				"name": "body",
				"pivot": [0, 0, 0],
				"cubes": [
					{"origin": [-3.5, 4, -1.5], "size": [7, 10, 7], "uv": [0, 20]},
					{"origin": [-2, 14, 0], "size": [4, 2, 4], "uv": [7, 0]},
					{"origin": [-4.5, 14, -2.5], "size": [9, 1, 9], "uv": [0, 9]},
					{"origin": [-0.5, 16, 1.5], "size": [1, 3, 1], "uv": [0, 0]},
					{"origin": [-1, 16.5, 1], "size": [2, 1.5, 2], "uv": [0, 5]}
				]
			},
			{
				"name": "base",
				"parent": "body",
				"pivot": [0, 0, 0],
				"cubes": [
					{"origin": [-1.5, 2, 7], "size": [3, 3, 1], "uv": [18, 44]},
					{"origin": [-0.5, 3, 4], "size": [1, 1, 3], "uv": [29, 44]},
					{"origin": [-2, 3, 0], "size": [4, 1, 4], "uv": [0, 43]}
				]
			}
		]
	}
}