{
	"format_version": "1.10.0",
	"geometry.torch_wall_2": {
		"texturewidth": 48,
		"textureheight": 48,
		"visible_bounds_width": 2,
		"visible_bounds_height": 1,
		"visible_bounds_offset": [0, 0.5, 0],
		"bones": [
			{
				"name": "body",
				"pivot": [0, 0, 0],
				"cubes": [
					{"origin": [-3, 4, -1], "size": [6, 10, 6], "uv": [0, 21]},
					{"origin": [-4, 14, -2], "size": [8, 1, 8], "uv": [0, 10]},
					{"origin": [-2, 15, 0], "size": [4, 1, 4], "uv": [7, 0]},
					{"origin": [-1, 17, 1], "size": [2, 1, 2], "uv": [0, 5], "inflate": 0.1},
					{"origin": [-0.5, 16, 1.5], "size": [1, 3, 1], "uv": [0, 0]}
				]
			},
			{
				"name": "base",
				"parent": "body",
				"pivot": [0, 0, 0],
				"cubes": [
					{"origin": [-1.5, 2, 7], "size": [3, 3, 1], "uv": [18, 44]},
					{"origin": [-0.5, 3, 4], "size": [1, 1, 3], "uv": [29, 44]},
					{"origin": [-2, 3, 0], "size": [4, 1, 4], "uv": [0, 43]}
				]
			}
		]
	}
}