{
	"format_version": "1.12.0",
	"minecraft:geometry": [
		{
			"description": {
				"identifier": "geometry.vine_5",
				"texture_width": 64,
				"texture_height": 64,
				"visible_bounds_width": 3,
				"visible_bounds_height": 3,
				"visible_bounds_offset": [0, 1.5, 0]
			},
			"bones": [
				{
					"name": "body",
					"pivot": [0, 0, 0],
					"cubes": [
						{
							"origin": [-12, 16, 0],
							"size": [24, 16, 0.01],
							"pivot": [0, 12, 0],
							"rotation": [0, -45, 0],
							"uv": {
								"north": {"uv": [6, 16], "uv_size": [20, 16]}
							}
						},
						{
							"origin": [-13, -16, 0],
							"size": [26, 32, 0.01],
							"pivot": [0, 12, 0],
							"rotation": [0, -45, 0],
							"uv": {
								"north": {"uv": [5, 32], "uv_size": [20, 32]}
							}
						},
						{
							"origin": [-16, 16, -1],
							"size": [32, 16, 2],
							"pivot": [0, 12, 0],
							"rotation": [0, -45, 0],
							"uv": {
								"north": {"uv": [35, 16], "uv_size": [26, 16]}
							}
						},
						{
							"origin": [-16, -16, -1],
							"size": [32, 32, 2],
							"pivot": [0, 12, 0],
							"rotation": [0, -45, 0],
							"uv": {
								"north": {"uv": [35, 32], "uv_size": [26, 32]}
							}
						},
						{
							"origin": [0, 16, -13],
							"size": [0.01, 16, 26],
							"pivot": [0, 12, 0],
							"rotation": [0, -45, 0],
							"uv": {
								"east": {"uv": [6, 16], "uv_size": [20, 16]}
							}
						},
						{
							"origin": [0, -16, -13],
							"size": [0.01, 32, 26],
							"pivot": [0, 12, 0],
							"rotation": [0, -45, 0],
							"uv": {
								"east": {"uv": [6, 32], "uv_size": [20, 32]}
							}
						},
						{
							"origin": [-1, 16, -16],
							"size": [2, 16, 32],
							"pivot": [0, 12, 0],
							"rotation": [0, -45, 0],
							"uv": {
								"east": {"uv": [35, 16], "uv_size": [26, 16]}
							}
						},
						{
							"origin": [-1, -16, -16],
							"size": [2, 32, 32],
							"pivot": [0, 12, 0],
							"rotation": [0, -45, 0],
							"uv": {
								"east": {"uv": [35, 32], "uv_size": [26, 32]}
							}
						}
					]
				}
			]
		}
	]
}