{
	"format_version": "1.12.0",
	"minecraft:geometry": [
		{
			"description": {
				"identifier": "geometry.vine_1",
				"texture_width": 64,
				"texture_height": 64,
				"visible_bounds_width": 2,
				"visible_bounds_height": 3,
				"visible_bounds_offset": [0, 1.5, 0]
			},
			"bones": [
				{
					"name": "body",
					"pivot": [0, 0, 0],
					"cubes": [
						{
							"origin": [-8, 14, -7.5],
							"size": [16, 6, 1.01],
							"pivot": [0, 8, 0],
							"uv": {
								"south": {"uv": [32, 0], "uv_size": [16, 6]}
							}
						},
						{
							"origin": [-8, -15, -7],
							"size": [16, 32, 0.01],
							"pivot": [0, 8, 0],
							"uv": {
								"south": {"uv": [14, 0], "uv_size": [16, 32]}
							}
						},
						{
							"origin": [-8, 7, -7],
							"size": [16, 9, 0.01],
							"pivot": [0, 13, -7],
							"rotation": [-22.5, 0, 0],
							"uv": {
								"south": {"uv": [48, 0], "uv_size": [16, 9]}
							}
						},
						{
							"origin": [-8, 7, -7],
							"size": [16, 9, 0.01],
							"pivot": [0, 13, -7],
							"rotation": [22.5, 0, 0],
							"uv": {
								"south": {"uv": [48, 0], "uv_size": [16, 9]}
							}
						},
						{
							"origin": [-8, -1, -7],
							"size": [16, 5, 0.01],
							"pivot": [0, 2, -7],
							"rotation": [-22.5, 0, 0],
							"uv": {
								"south": {"uv": [48, 11], "uv_size": [16, 5]}
							}
						},
						{
							"origin": [-8, -1, -7],
							"size": [16, 5, 0.01],
							"pivot": [0, 2, -7],
							"rotation": [22.5, 0, 0],
							"uv": {
								"south": {"uv": [48, 11], "uv_size": [16, 5]}
							}
						},
						{
							"origin": [-8, -8, -7],
							"size": [16, 7, 0.01],
							"pivot": [0, -5, -7],
							"rotation": [22.5, 0, 0],
							"uv": {
								"south": {"uv": [47, 17], "uv_size": [16, 7]}
							}
						},
						{
							"origin": [-8, -8, -7],
							"size": [16, 7, 0.01],
							"pivot": [0, -5, -7],
							"rotation": [-22.5, 0, 0],
							"uv": {
								"south": {"uv": [47, 17], "uv_size": [16, 7]}
							}
						},
						{
							"origin": [-8, -16, -7.5],
							"size": [16, 7, 1.01],
							"pivot": [0, 8, 0],
							"uv": {
								"south": {"uv": [47, 25], "uv_size": [16, 7]}
							}
						}
					]
				}
			]
		}
	]
}