{
	"format_version": "1.12.0",
	"minecraft:geometry": [
		{
			"description": {
				"identifier": "geometry.vine_0",
				"texture_width": 32,
				"texture_height": 32,
				"visible_bounds_width": 2,
				"visible_bounds_height": 2,
				"visible_bounds_offset": [0, 1, 0]
			},
			"bones": [
				{
					"name": "body",
					"pivot": [0, 0, 0],
					"cubes": [
						{
							"origin": [-8, 1, -7],
							"size": [16, 16, 0.01],
							"pivot": [0, 8, 0],
							"uv": {
								"south": {"uv": [0, 0], "uv_size": [16, 16]}
							}
						},
						{
							"origin": [-8, -3, -7.5],
							"size": [16, 5, 1],
							"pivot": [0, 8, 0],
							"uv": {
								"south": {"uv": [16, 10], "uv_size": [16, 5]}
							}
						},
						{
							"origin": [-8, 8, -7],
							"size": [16, 8, 0.01],
							"pivot": [0, 13, -7],
							"rotation": [-22.5, 0, 0],
							"uv": {
								"south": {"uv": [16, 0], "uv_size": [16, 8]}
							}
						},
						{
							"origin": [-8, 8, -7],
							"size": [16, 8, 0.01],
							"pivot": [0, 13, -7],
							"rotation": [22.5, 0, 0],
							"uv": {
								"south": {"uv": [16, 0], "uv_size": [16, 8]}
							}
						},
						{
							"origin": [-8, 0, -7],
							"size": [16, 9, 0.01],
							"pivot": [0, 5, -7],
							"rotation": [-22.5, 0, 0],
							"uv": {
								"south": {"uv": [0, 16], "uv_size": [16, 9]}
							}
						},
						{
							"origin": [-8, 0, -7],
							"size": [16, 9, 0.01],
							"pivot": [0, 5, -7],
							"rotation": [22.5, 0, 0],
							"uv": {
								"south": {"uv": [0, 16], "uv_size": [16, 9]}
							}
						}
					]
				}
			]
		}
	]
}