{
	"format_version": "1.12.0",
	"minecraft:geometry": [
		{
			"description": {
				"identifier": "geometry.vine_3",
				"texture_width": 64,
				"texture_height": 64,
				"visible_bounds_width": 2,
				"visible_bounds_height": 2,
				"visible_bounds_offset": [0, 1, 0]
			},
			"bones": [
				{
					"name": "body",
					"pivot": [0, 0, 0],
					"cubes": [
						{
							"origin": [-8, -13, -7],
							"size": [16, 29, 0.01],
							"pivot": [0, 8, 0],
							"uv": {
								"south": {"uv": [16, 0], "uv_size": [16, 29]}
							}
						},
						{
							"origin": [-8, 12, -7],
							"size": [16, 4, 0.01],
							"pivot": [0, 14, -7],
							"rotation": [-22.5, 0, 0],
							"uv": {
								"south": {"uv": [48, 0], "uv_size": [16, 4]}
							}
						},
						{
							"origin": [-8, 12, -7],
							"size": [16, 4, 0.01],
							"pivot": [0, 14, -7],
							"rotation": [22.5, 0, 0],
							"uv": {
								"south": {"uv": [48, 0], "uv_size": [16, 4]}
							}
						},
						{
							"origin": [-8, 4, -7],
							"size": [16, 6, 0.01],
							"pivot": [0, 8, -7],
							"rotation": [-22.5, 0, 0],
							"uv": {
								"south": {"uv": [48, 6], "uv_size": [16, 6]}
							}
						},
						{
							"origin": [-8, 4, -7],
							"size": [16, 6, 0.01],
							"pivot": [0, 8, -7],
							"rotation": [22.5, 0, 0],
							"uv": {
								"south": {"uv": [48, 6], "uv_size": [16, 6]}
							}
						},
						{
							"origin": [-8, 0, -7],
							"size": [16, 4, 0.01],
							"pivot": [0, 2, -7],
							"rotation": [-22.5, 0, 0],
							"uv": {
								"south": {"uv": [48, 13], "uv_size": [16, 4]}
							}
						},
						{
							"origin": [-8, 0, -7],
							"size": [16, 4, 0.01],
							"pivot": [0, 2, -7],
							"rotation": [22.5, 0, 0],
							"uv": {
								"south": {"uv": [48, 13], "uv_size": [16, 4]}
							}
						},
						{
							"origin": [-8, -8, -7.5],
							"size": [16, 7, 1.01],
							"pivot": [0, 8, 0],
							"uv": {
								"south": {"uv": [48, 18], "uv_size": [16, 7]}
							}
						}
					]
				}
			]
		}
	]
}