{
	"format_version": "1.12.0",
	"minecraft:geometry": [
		{
			"description": {
				"identifier": "geometry.water_bottle_6",
				"texture_width": 16,
				"texture_height": 16,
				"visible_bounds_width": 1,
				"visible_bounds_height": 1,
				"visible_bounds_offset": [0, 0, 0]
			},
			"bones": [
				{
					"name": "body",
					"pivot": [0, 8, 0],
					"cubes": [
						{
							"origin": [1, 0, -4],
							"size": [3, 0.5, 3],
							"uv": {
								"north": {"uv": [12, 7], "uv_size": [3, 0.5]},
								"east": {"uv": [12, 7], "uv_size": [3, 0.5]},
								"south": {"uv": [12, 7], "uv_size": [3, 0.5]},
								"west": {"uv": [12, 7], "uv_size": [3, 0.5]},
								"up": {"uv": [15, 11], "uv_size": [-3, -3]},
								"down": {"uv": [15, 11], "uv_size": [-3, -3]}
							}
						},
						{
							"origin": [2, 0, -3],
							"size": [1, 2, 1],
							"uv": {
								"north": {"uv": [13, 5], "uv_size": [1, 2]},
								"east": {"uv": [13, 5], "uv_size": [1, 2]},
								"south": {"uv": [13, 5], "uv_size": [1, 2]},
								"west": {"uv": [13, 5], "uv_size": [1, 2]}
							}
						},
						{
							"origin": [2, 2, -3],
							"size": [1, 4, 1],
							"uv": {
								"north": {"uv": [15, 1], "uv_size": [1, 4]},
								"east": {"uv": [15, 1], "uv_size": [1, 4]},
								"south": {"uv": [15, 1], "uv_size": [1, 4]},
								"west": {"uv": [15, 1], "uv_size": [1, 4]},
								"up": {"uv": [16, 1], "uv_size": [-1, -1]},
								"down": {"uv": [16, 5], "uv_size": [-1, -1]}
							}
						},
						{
							"origin": [1, 2, -2],
							"size": [3, 5, 1],
							"uv": {
								"north": {"uv": [12, 0], "uv_size": [3, 5]},
								"east": {"uv": [12, 0], "uv_size": [1, 5]},
								"south": {"uv": [12, 0], "uv_size": [3, 5]},
								"west": {"uv": [14, 0], "uv_size": [1, 5]},
								"up": {"uv": [15, 1], "uv_size": [-3, -1]},
								"down": {"uv": [15, 15], "uv_size": [-3, -1]}
							}
						},
						{
							"origin": [1, 2, -4],
							"size": [3, 5, 1],
							"uv": {
								"north": {"uv": [12, 0], "uv_size": [3, 5]},
								"east": {"uv": [14, 0], "uv_size": [1, 5]},
								"south": {"uv": [12, 0], "uv_size": [3, 5]},
								"west": {"uv": [12, 0], "uv_size": [1, 5]},
								"up": {"uv": [15, 1], "uv_size": [-3, -1]},
								"down": {"uv": [15, 13], "uv_size": [-3, -1]}
							}
						},
						{
							"origin": [1, 2, -3],
							"size": [1, 5, 1],
							"uv": {
								"east": {"uv": [13, 0], "uv_size": [1, 5]},
								"west": {"uv": [13, 0], "uv_size": [1, 5]},
								"up": {"uv": [14, 1], "uv_size": [-1, -1]},
								"down": {"uv": [13, 14], "uv_size": [-1, -1]}
							}
						},
						{
							"origin": [3, 2, -3],
							"size": [1, 5, 1],
							"uv": {
								"east": {"uv": [13, 0], "uv_size": [1, 5]},
								"west": {"uv": [13, 0], "uv_size": [1, 5]},
								"up": {"uv": [14, 1], "uv_size": [-1, -1]},
								"down": {"uv": [15, 14], "uv_size": [-1, -1]}
							}
						}
					]
				}
			]
		}
	]
}