{
	"format_version": "1.10.0",
	"geometry.wine_0": {
		"texturewidth": 32,
		"textureheight": 32,
		"visible_bounds_width": 1,
		"visible_bounds_height": 1,
		"visible_bounds_offset": [0, 0.5, 0],
		"bones": [
			{
				"name": "body",
				"pivot": [0, 0, 0]
			},
			{
				"name": "glass",
				"parent": "body",
				"pivot": [-8, 8, 8],
				"cubes": [
					{"origin": [2, -0.5, -6], "size": [3, 1, 3], "uv": [10, 24]},
					{"origin": [3, 0, -5], "size": [1, 2, 1], "uv": [5, 25]},
					{"origin": [3, 2, -5], "size": [1, 3, 1], "uv": [0, 24]},
					{"origin": [2, 2, -4], "size": [3, 4, 1], "uv": [0, 18]},
					{"origin": [2, 2, -6], "size": [3, 4, 1], "uv": [0, 18]},
					{"origin": [2, 2, -5], "size": [1, 4, 1], "uv": [9, 18]},
					{"origin": [4, 2, -5], "size": [1, 4, 1], "uv": [9, 18]}
				]
			},
			{
				"name": "bottle",
				"parent": "body",
				"pivot": [0, 0, 0],
				"cubes": [
					{"origin": [-4, 0, 0], "size": [5, 12, 5], "uv": [0, 0]},
					{"origin": [-2.5, 12, 1.5], "size": [2, 4, 2], "uv": [21, 0]}
				]
			}
		]
	},
	"geometry.wine_2": {
		"texturewidth": 40,
		"textureheight": 40,
		"visible_bounds_width": 1,
		"visible_bounds_height": 1,
		"visible_bounds_offset": [0, 0.5, 0],
		"bones": [
			{
				"name": "body",
				"pivot": [0, 0, 0],
				"cubes": [
					{"origin": [-5, 0, 1], "size": [5, 12, 5], "uv": [0, 0]},
					{"origin": [-3.5, 12, 2.5], "size": [2, 4, 2], "uv": [21, 0]},
					{"origin": [0, 0, -6], "size": [5, 12, 5], "uv": [0, 18]},
					{"origin": [1.5, 12, -4.5], "size": [2, 4, 2], "uv": [21, 18]}
				]
			}
		]
	},
	"geometry.wooden_mug_0": {
		"texturewidth": 32,
		"textureheight": 32,
		"visible_bounds_width": 1,
		"visible_bounds_height": 1,
		"visible_bounds_offset": [0, 0.5, 0],
		"bones": [
			{
				"name": "body",
				"pivot": [0, 0, 0],
				"cubes": [
					{"origin": [-2, 0, 2], "size": [4, 9, 1], "uv": [0, 0]},
					{"origin": [-2, 0, -3], "size": [4, 9, 1], "uv": [0, 0]},
					{"origin": [-3, 0, -3], "size": [1, 9, 6], "uv": [11, 0]},
					{"origin": [2, 0, -3], "size": [1, 9, 6], "uv": [11, 0]},
					{"origin": [-2, 1, -2], "size": [4, 1, 4], "uv": [0, 22]},
					{"origin": [3, 1, -1], "size": [2, 2, 2], "uv": [18, 27]},
					{"origin": [3, 6, -1], "size": [2, 2, 2], "uv": [18, 16]},
					{"origin": [4, 3, -1], "size": [1, 3, 2], "uv": [18, 21]},
					{"origin": [-2, 6, -2], "size": [4, 1, 4], "uv": [0, 16]}
				]
			}
		]
	}
}