{
	"format_version": "1.12.0",
	"minecraft:geometry": [
		{
			"description": {
				"identifier": "geometry.water_bottle_2-1",
				"texture_width": 16,
				"texture_height": 16,
				"visible_bounds_width": 2,
				"visible_bounds_height": 1,
				"visible_bounds_offset": [0, 0, 0]
			},
			"bones": [
				{
					"name": "body",
					"pivot": [-8, 0, 8]
				},
				{
					"name": "bottle",
					"parent": "body",
					"pivot": [-16, 8, 15],
					"cubes": [
						{
							"origin": [-4, 0, 0],
							"size": [5, 12, 5],
							"uv": {
								"north": {"uv": [6, 4], "uv_size": [5, 12]},
								"east": {"uv": [1, 4], "uv_size": [5, 12]},
								"south": {"uv": [11, 4], "uv_size": [5, 12]},
								"west": {"uv": [6, 4], "uv_size": [-5, 12]},
								"up": {"uv": [11, 5], "uv_size": [-5, -5]},
								"down": {"uv": [16, 9], "uv_size": [-5, -5]}
							}
						},
						{
							"origin": [-2.5, 12, 1.5],
							"size": [2, 4, 2],
							"uv": {
								"north": {"uv": [3, 0], "uv_size": [2, 4]},
								"east": {"uv": [3, 0], "uv_size": [2, 4]},
								"south": {"uv": [3, 0], "uv_size": [2, 4]},
								"west": {"uv": [3, 0], "uv_size": [2, 4]},
								"up": {"uv": [2, 2], "uv_size": [-2, -2]}
							}
						}
					]
				}
			]
		}
	]
}