{
	"format_version": "1.10.0",
	"geometry.water_bottle_4_5": {
		"texturewidth": 32,
		"textureheight": 32,
		"visible_bounds_width": 1,
		"visible_bounds_height": 1,
		"visible_bounds_offset": [0, 0, 0],
		"bones": [
			{
				"name": "body",
				"pivot": [0, 0, 0]
			},
			{
				"name": "glass",
				"parent": "body",
				"pivot": [-9, 8, 10],
				"cubes": [
					{"origin": [1, -0.5, -4], "size": [3, 1, 3], "uv": [10, 24]},
					{"origin": [2, 0, -3], "size": [1, 2, 1], "uv": [5, 25]},
					{"origin": [2, 2, -3], "size": [1, 3, 1], "uv": [0, 24]},
					{"origin": [1, 2, -2], "size": [3, 4, 1], "uv": [0, 18]},
					{"origin": [1, 2, -4], "size": [3, 4, 1], "uv": [0, 18]},
					{"origin": [1, 2, -3], "size": [1, 4, 1], "uv": [9, 18]},
					{"origin": [3, 2, -3], "size": [1, 4, 1], "uv": [9, 18]}
				]
			}
		]
	}
}