{
	"format_version": "1.12.0",
	"minecraft:geometry": [
		{
			"description": {
				"identifier": "geometry.wheel_0",
				"texture_width": 16,
				"texture_height": 16,
				"visible_bounds_width": 2,
				"visible_bounds_height": 1,
				"visible_bounds_offset": [0, 0.5, 0]
			},
			"bones": [
				{
					"name": "body",
					"pivot": [0, 0, 0],
					"cubes": [
						{
							"origin": [-2, 6, -8],
							"size": [4, 4, 3],
							"uv": {
								"north": {"uv": [11, 2], "uv_size": [4, 4]},
								"east": {"uv": [11, 6], "uv_size": [4, 3]},
								"south": {"uv": [11, 2], "uv_size": [4, 4]},
								"west": {"uv": [11, 6], "uv_size": [4, 3]},
								"up": {"uv": [15, 9], "uv_size": [-4, -3]},
								"down": {"uv": [11, 6], "uv_size": [4, 3]}
							}
						},
						{
							"origin": [-0.5, 2.5, -7],
							"size": [1, 11, 1],
							"uv": {
								"north": {"uv": [0, 0], "uv_size": [1, 11]},
								"east": {"uv": [0, 0], "uv_size": [1, 11]},
								"south": {"uv": [0, 0], "uv_size": [1, 11]},
								"west": {"uv": [0, 0], "uv_size": [1, 11]}
							}
						},
						{
							"origin": [-5.5, 7.5, -7],
							"size": [11, 1, 1],
							"uv": {
								"north": {"uv": [0, 0], "uv_size": [11, 1]},
								"south": {"uv": [0, 0], "uv_size": [11, 1]},
								"up": {"uv": [11, 1], "uv_size": [-11, -1]},
								"down": {"uv": [0, 0], "uv_size": [11, 1]}
							}
						},
						{
							"origin": [-3, 13, -7.5],
							"size": [6, 3, 2],
							"uv": {
								"north": {"uv": [2, 8], "uv_size": [6, 3]},
								"east": {"uv": [13, 14], "uv_size": [3, 2]},
								"south": {"uv": [2, 8], "uv_size": [6, 3]},
								"west": {"uv": [0, 14], "uv_size": [3, 2]},
								"up": {"uv": [11, 16], "uv_size": [-6, -2]},
								"down": {"uv": [5, 12], "uv_size": [6, 2]}
							}
						},
						{
							"origin": [-3, 0, -7.5],
							"size": [6, 3, 2],
							"uv": {
								"north": {"uv": [2, 11], "uv_size": [6, -3]},
								"east": {"uv": [0, 14], "uv_size": [3, 2]},
								"south": {"uv": [2, 11], "uv_size": [6, -3]},
								"west": {"uv": [13, 14], "uv_size": [3, 2]},
								"up": {"uv": [11, 14], "uv_size": [-6, -2]},
								"down": {"uv": [5, 14], "uv_size": [6, 2]}
							}
						},
						{
							"origin": [5, 5, -7.5],
							"size": [3, 6, 2],
							"uv": {
								"north": {"uv": [8, 2], "uv_size": [3, 6]},
								"east": {"uv": [5, 12], "uv_size": [6, 2]},
								"south": {"uv": [11, 2], "uv_size": [-3, 6]},
								"west": {"uv": [5, 14], "uv_size": [6, 2]},
								"up": {"uv": [16, 16], "uv_size": [-3, -2]},
								"down": {"uv": [0, 14], "uv_size": [3, 2]}
							}
						},
						{
							"origin": [-8, 5, -7.5],
							"size": [3, 6, 2],
							"uv": {
								"north": {"uv": [11, 2], "uv_size": [-3, 6]},
								"east": {"uv": [5, 14], "uv_size": [6, 2]},
								"south": {"uv": [8, 2], "uv_size": [3, 6]},
								"west": {"uv": [5, 12], "uv_size": [6, 2]},
								"up": {"uv": [3, 16], "uv_size": [-3, -2]},
								"down": {"uv": [13, 14], "uv_size": [3, 2]}
							}
						},
						{
							"origin": [4, 10, -7.5],
							"size": [3, 3, 2],
							"uv": {
								"north": {"uv": [5, 2], "uv_size": [3, 3]},
								"east": {"uv": [10, 12], "uv_size": [3, 2]},
								"south": {"uv": [2, 2], "uv_size": [3, 3]},
								"west": {"uv": [3, 14], "uv_size": [3, 2]},
								"up": {"uv": [15, 16], "uv_size": [-3, -2]},
								"down": {"uv": [1, 12], "uv_size": [3, 2]}
							}
						},
						{
							"origin": [2, 12, -7.5],
							"size": [3, 3, 2],
							"uv": {
								"north": {"uv": [5, 2], "uv_size": [3, 3]},
								"east": {"uv": [12, 12], "uv_size": [3, 2]},
								"south": {"uv": [2, 2], "uv_size": [3, 3]},
								"west": {"uv": [1, 14], "uv_size": [3, 2]},
								"up": {"uv": [13, 16], "uv_size": [-3, -2]},
								"down": {"uv": [3, 12], "uv_size": [3, 2]}
							}
						},
						{
							"origin": [-5, 12, -7.5],
							"size": [3, 3, 2],
							"uv": {
								"north": {"uv": [2, 2], "uv_size": [3, 3]},
								"east": {"uv": [12, 14], "uv_size": [3, 2]},
								"south": {"uv": [5, 2], "uv_size": [3, 3]},
								"west": {"uv": [1, 12], "uv_size": [3, 2]},
								"up": {"uv": [6, 16], "uv_size": [-3, -2]},
								"down": {"uv": [10, 12], "uv_size": [3, 2]}
							}
						},
						{
							"origin": [-7, 10, -7.5],
							"size": [3, 3, 2],
							"uv": {
								"north": {"uv": [2, 2], "uv_size": [3, 3]},
								"east": {"uv": [10, 14], "uv_size": [3, 2]},
								"south": {"uv": [5, 2], "uv_size": [3, 3]},
								"west": {"uv": [3, 12], "uv_size": [3, 2]},
								"up": {"uv": [4, 16], "uv_size": [-3, -2]},
								"down": {"uv": [12, 12], "uv_size": [3, 2]}
							}
						},
						{
							"origin": [-7, 3, -7.5],
							"size": [3, 3, 2],
							"uv": {
								"north": {"uv": [2, 5], "uv_size": [3, 3]},
								"east": {"uv": [3, 14], "uv_size": [3, 2]},
								"south": {"uv": [5, 5], "uv_size": [3, 3]},
								"west": {"uv": [10, 12], "uv_size": [3, 2]},
								"up": {"uv": [15, 14], "uv_size": [-3, -2]},
								"down": {"uv": [12, 14], "uv_size": [3, 2]}
							}
						},
						{
							"origin": [-5, 1, -7.5],
							"size": [3, 3, 2],
							"uv": {
								"north": {"uv": [2, 5], "uv_size": [3, 3]},
								"east": {"uv": [1, 14], "uv_size": [3, 2]},
								"south": {"uv": [5, 5], "uv_size": [3, 3]},
								"west": {"uv": [12, 12], "uv_size": [3, 2]},
								"up": {"uv": [13, 14], "uv_size": [-3, -2]},
								"down": {"uv": [10, 14], "uv_size": [3, 2]}
							}
						},
						{
							"origin": [2, 1, -7.5],
							"size": [3, 3, 2],
							"uv": {
								"north": {"uv": [5, 5], "uv_size": [3, 3]},
								"east": {"uv": [1, 12], "uv_size": [3, 2]},
								"south": {"uv": [2, 5], "uv_size": [3, 3]},
								"west": {"uv": [12, 14], "uv_size": [3, 2]},
								"up": {"uv": [6, 14], "uv_size": [-3, -2]},
								"down": {"uv": [3, 14], "uv_size": [3, 2]}
							}
						},
						{
							"origin": [4, 3, -7.5],
							"size": [3, 3, 2],
							"uv": {
								"north": {"uv": [5, 5], "uv_size": [3, 3]},
								"east": {"uv": [3, 12], "uv_size": [3, 2]},
								"south": {"uv": [2, 5], "uv_size": [3, 3]},
								"west": {"uv": [10, 14], "uv_size": [3, 2]},
								"up": {"uv": [4, 14], "uv_size": [-3, -2]},
								"down": {"uv": [1, 14], "uv_size": [3, 2]}
							}
						}
					]
				},
				{
					"name": "bone",
					"parent": "body",
					"pivot": [0, 8, -6.5],
					"cubes": [
						{
							"origin": [-0.5, 1.5, -7],
							"size": [1, 13, 1],
							"pivot": [0, 8, -6.5],
							"rotation": [0, 0, 45],
							"uv": {
								"north": {"uv": [0, 0], "uv_size": [1, 13]},
								"east": {"uv": [0, 0], "uv_size": [1, 13]},
								"south": {"uv": [0, 0], "uv_size": [1, 13]},
								"west": {"uv": [0, 0], "uv_size": [1, 13]}
							}
						},
						{
							"origin": [-6.5, 7.5, -7],
							"size": [13, 1, 1],
							"pivot": [0, 8, -6.5],
							"rotation": [0, 0, 45],
							"uv": {
								"north": {"uv": [0, 0], "uv_size": [13, 1]},
								"south": {"uv": [0, 0], "uv_size": [13, 1]},
								"up": {"uv": [13, 1], "uv_size": [-13, -1]},
								"down": {"uv": [0, 0], "uv_size": [13, 1]}
							}
						}
					]
				}
			]
		}
	]
}