{
	"format_version": "1.12.0",
	"minecraft:geometry": [
		{
			"description": {
				"identifier": "geometry.white_wool_0",
				"texture_width": 32,
				"texture_height": 32,
				"visible_bounds_width": 2,
				"visible_bounds_height": 1,
				"visible_bounds_offset": [0, 0.5, 0]
			},
			"bones": [
				{
					"name": "body",
					"pivot": [0, 0, 0],
					"cubes": [
						{
							"origin": [-3, 6, 5.25],
							"size": [6, 6, 2],
							"uv": {
								"east": {"uv": [8, 2], "uv_size": [2, 6]},
								"south": {"uv": [2, 2], "uv_size": [6, 6]},
								"west": {"uv": [0, 2], "uv_size": [2, 6]},
								"up": {"uv": [8, 2], "uv_size": [-6, -2]},
								"down": {"uv": [2, 8], "uv_size": [6, 2]}
							}
						},
						{
							"origin": [-3.5, 5.5, -1],
							"size": [7, 7, 7],
							"uv": {
								"north": {"uv": [0, 16], "uv_size": [7, 7]},
								"east": {"uv": [0, 16], "uv_size": [7, 7]},
								"south": {"uv": [0, 16], "uv_size": [7, 7]},
								"west": {"uv": [0, 16], "uv_size": [7, 7]},
								"up": {"uv": [7, 23], "uv_size": [-7, -7]},
								"down": {"uv": [0, 16], "uv_size": [7, 7]}
							}
						},
						{
							"origin": [-6, 10, 2.25],
							"size": [4, 1, 2],
							"uv": {
								"north": {"uv": [12, 12], "uv_size": [4, 1]},
								"east": {"uv": [10, 12], "uv_size": [2, 1]},
								"south": {"uv": [12, 12], "uv_size": [4, 1]},
								"up": {"uv": [10, 12], "uv_size": [-4, -2]},
								"down": {"uv": [10, 10], "uv_size": [4, 2]}
							}
						},
						{
							"origin": [2, 10, 2.25],
							"size": [4, 1, 2],
							"uv": {
								"north": {"uv": [12, 15], "uv_size": [4, 1]},
								"south": {"uv": [6, 15], "uv_size": [4, 1]},
								"west": {"uv": [4, 15], "uv_size": [2, 1]},
								"up": {"uv": [10, 15], "uv_size": [-4, -2]},
								"down": {"uv": [10, 13], "uv_size": [4, 2]}
							}
						},
						{
							"origin": [-4.5, 2, -6],
							"size": [9, 7, 10],
							"uv": {
								"north": {"uv": [0, 16], "uv_size": [9, 7]},
								"east": {"uv": [0, 16], "uv_size": [10, 7]},
								"south": {"uv": [0, 16], "uv_size": [9, 7]},
								"west": {"uv": [0, 16], "uv_size": [10, 7]},
								"up": {"uv": [9, 26], "uv_size": [-9, -10]},
								"down": {"uv": [0, 16], "uv_size": [9, 10]}
							}
						},
						{
							"origin": [1, 0, 0],
							"size": [2, 2, 2],
							"uv": {
								"north": {"uv": [0, 14], "uv_size": [2, 2]},
								"east": {"uv": [0, 14], "uv_size": [2, 2]},
								"south": {"uv": [2, 14], "uv_size": [2, 2]},
								"west": {"uv": [0, 14], "uv_size": [2, 2]},
								"down": {"uv": [2, 12], "uv_size": [2, 2]}
							}
						},
						{
							"origin": [-3, 0, 0],
							"size": [2, 2, 2],
							"uv": {
								"north": {"uv": [0, 14], "uv_size": [2, 2]},
								"east": {"uv": [0, 14], "uv_size": [2, 2]},
								"south": {"uv": [2, 14], "uv_size": [2, 2]},
								"west": {"uv": [0, 14], "uv_size": [2, 2]},
								"up": {"uv": [0, 0], "uv_size": [0, 0]},
								"down": {"uv": [2, 12], "uv_size": [2, 2]}
							}
						},
						{
							"origin": [-3, 0, -4],
							"size": [2, 2, 2],
							"uv": {
								"north": {"uv": [0, 14], "uv_size": [2, 2]},
								"east": {"uv": [0, 14], "uv_size": [2, 2]},
								"south": {"uv": [2, 14], "uv_size": [2, 2]},
								"west": {"uv": [0, 14], "uv_size": [2, 2]},
								"up": {"uv": [0, 0], "uv_size": [0, 0]},
								"down": {"uv": [2, 12], "uv_size": [2, 2]}
							}
						},
						{
							"origin": [1, 0, -4],
							"size": [2, 2, 2],
							"uv": {
								"north": {"uv": [0, 14], "uv_size": [2, 2]},
								"east": {"uv": [0, 14], "uv_size": [2, 2]},
								"south": {"uv": [2, 14], "uv_size": [2, 2]},
								"west": {"uv": [0, 14], "uv_size": [2, 2]},
								"up": {"uv": [0, 0], "uv_size": [0, 0]},
								"down": {"uv": [2, 12], "uv_size": [2, 2]}
							}
						}
					]
				}
			]
		}
	]
}