{
	"format_version": "1.12.0",
	"minecraft:geometry": [
		{
			"description": {
				"identifier": "geometry.white_banner_1",
				"texture_width": 32,
				"texture_height": 32,
				"visible_bounds_width": 2,
				"visible_bounds_height": 1,
				"visible_bounds_offset": [0, 0.5, 0]
			},
			"bones": [
				{
					"name": "body",
					"pivot": [0, 0, 0],
					"cubes": [
						{
							"origin": [-7.13, 12.38, -8.63],
							"size": [14.25, 1.25, 1.25],
							"uv": {
								"north": {"uv": [0, 30], "uv_size": [22, 2]},
								"south": {"uv": [0, 30], "uv_size": [22, 2]},
								"up": {"uv": [22, 32], "uv_size": [-22, -2]},
								"down": {"uv": [0, 30], "uv_size": [22, 2]}
							}
						},
						{
							"origin": [-6.5, 0.12, -7.24],
							"size": [13, 14, 0.01],
							"uv": {
								"south": {"uv": [17, 1], "uv_size": [13, 14]}
							}
						},
						{
							"origin": [7.06, 12.06, -8.92],
							"size": [1.88, 1.88, 1.88],
							"uv": {
								"north": {"uv": [17, 26], "uv_size": [3, 3]},
								"east": {"uv": [17, 26], "uv_size": [3, 3]},
								"south": {"uv": [17, 26], "uv_size": [3, 3]},
								"west": {"uv": [17, 26], "uv_size": [3, 3]},
								"up": {"uv": [20, 29], "uv_size": [-3, -3]},
								"down": {"uv": [17, 26], "uv_size": [3, 3]}
							}
						},
						{
							"origin": [-8.94, 12.07, -8.92],
							"size": [1.88, 1.88, 1.88],
							"uv": {
								"north": {"uv": [20, 26], "uv_size": [-3, 3]},
								"east": {"uv": [20, 26], "uv_size": [-3, 3]},
								"south": {"uv": [20, 26], "uv_size": [-3, 3]},
								"west": {"uv": [20, 26], "uv_size": [-3, 3]},
								"up": {"uv": [17, 29], "uv_size": [3, -3]},
								"down": {"uv": [20, 26], "uv_size": [-3, 3]}
							}
						}
					]
				}
			]
		}
	]
}