{
	"format_version": "1.12.0",
	"minecraft:geometry": [
		{
			"description": {
				"identifier": "geometry.white_wool_1",
				"texture_width": 16,
				"texture_height": 16,
				"visible_bounds_width": 2,
				"visible_bounds_height": 1,
				"visible_bounds_offset": [0, 0.5, 0]
			},
			"bones": [
				{
					"name": "body",
					"pivot": [0, 0, 0],
					"cubes": [
						{
							"origin": [-3, 6, 5.25],
							"size": [6, 6, 2],
							"uv": {
								"east": {"uv": [8, 0], "uv_size": [2, 6]},
								"south": {"uv": [2, 0], "uv_size": [6, 6]},
								"west": {"uv": [0, 0], "uv_size": [2, 6]},
								"up": {"uv": [16, 2], "uv_size": [-6, -2]},
								"down": {"uv": [10, 2], "uv_size": [6, 2]}
							}
						},
						{
							"origin": [-3.5, 5.5, -1],
							"size": [7, 7, 7],
							"uv": {
								"north": {"uv": [6, 7], "uv_size": [7, 7]},
								"east": {"uv": [6, 7], "uv_size": [7, 7]},
								"south": {"uv": [6, 8], "uv_size": [7, 7]},
								"west": {"uv": [6, 7], "uv_size": [7, 7]},
								"up": {"uv": [13, 14], "uv_size": [-7, -7]},
								"down": {"uv": [6, 7], "uv_size": [7, 7]}
							}
						},
						{
							"origin": [-4.5, 2, -6],
							"size": [9, 7, 10],
							"uv": {
								"north": {"uv": [6, 7], "uv_size": [9, 7]},
								"east": {"uv": [6, 7], "uv_size": [10, 7]},
								"south": {"uv": [6, 7], "uv_size": [9, 7]},
								"west": {"uv": [6, 7], "uv_size": [10, 7]},
								"up": {"uv": [16, 16], "uv_size": [-10, -9]},
								"down": {"uv": [6, 7], "uv_size": [10, 9]}
							}
						},
						{
							"origin": [1, 0, 0],
							"size": [2, 2, 2],
							"uv": {
								"north": {"uv": [0, 14], "uv_size": [2, 2]},
								"east": {"uv": [0, 14], "uv_size": [2, 2]},
								"south": {"uv": [2, 14], "uv_size": [2, 2]},
								"west": {"uv": [0, 14], "uv_size": [2, 2]},
								"down": {"uv": [2, 12], "uv_size": [2, 2]}
							}
						},
						{
							"origin": [-3, 0, 0],
							"size": [2, 2, 2],
							"uv": {
								"north": {"uv": [0, 14], "uv_size": [2, 2]},
								"east": {"uv": [0, 14], "uv_size": [2, 2]},
								"south": {"uv": [2, 14], "uv_size": [2, 2]},
								"west": {"uv": [0, 14], "uv_size": [2, 2]},
								"down": {"uv": [2, 12], "uv_size": [2, 2]}
							}
						},
						{
							"origin": [-3, 0, -4],
							"size": [2, 2, 2],
							"uv": {
								"north": {"uv": [0, 14], "uv_size": [2, 2]},
								"east": {"uv": [0, 14], "uv_size": [2, 2]},
								"south": {"uv": [2, 14], "uv_size": [2, 2]},
								"west": {"uv": [0, 14], "uv_size": [2, 2]},
								"down": {"uv": [2, 12], "uv_size": [2, 2]}
							}
						},
						{
							"origin": [1, 0, -4],
							"size": [2, 2, 2],
							"uv": {
								"north": {"uv": [0, 14], "uv_size": [2, 2]},
								"east": {"uv": [0, 14], "uv_size": [2, 2]},
								"south": {"uv": [2, 14], "uv_size": [2, 2]},
								"west": {"uv": [0, 14], "uv_size": [2, 2]},
								"down": {"uv": [2, 12], "uv_size": [2, 2]}
							}
						}
					]
				}
			]
		}
	]
}