{
  "format_version": "1.8.0",
  "animations": {
    "animation.rotate.zdefault": {
      "loop": true,
      "bones": {
        "body": { "rotation": [ "-this", "-this", 0 ] }
      }
    },
    "animation.rotate.z45deg": {
      "loop": true,
      "bones": {
        "body": { "rotation": [ "-this", "-this", 45 ] }
      }
    },
    "animation.rotate.z90deg": {
      "loop": true,
      "bones": {
        "body": { "rotation": [ "-this", "-this", 90 ] }
      }
    },
    "animation.rotate.z135deg": {
      "loop": true,
      "bones": {
        "body": { "rotation": [ "-this", "-this", 135 ] }
      }
    },
    "animation.rotate.z180deg": {
      "loop": true,
      "bones": {
        "body": { "rotation": [ "-this", "-this", 180 ] }
      }
    },
    "animation.rotate.z225deg": {
      "loop": true,
      "bones": {
        "body": { "rotation": [ "-this", "-this", 225 ] }
      }
    },
    "animation.rotate.z270deg": {
      "loop": true,
      "bones": {
        "body": { "rotation": [ "-this", "-this", 270 ] }
      }
    },
    "animation.rotate.z315deg": {
      "loop": true,
      "bones": {
        "body": { "rotation": [ "-this", "-this", 315 ] }
      }
    }
  }
}